origem_id,destino_id,tipo_relacao,data
ons/ons_s_bmodulo_1_2_pr_2023_07.txt,ons/ons_subm_dulo_1_2_pr_2020_12.txt,sucede,2023.07
ons/ons_subm_dulo_1_2_pr_2024_05.txt,ons/ons_s_bmodulo_1_2_pr_2023_07.txt,sucede,2024.05
ons/ons_subm_dulo_1_2_pr_2024_06.txt,ons/ons_subm_dulo_1_2_pr_2024_05.txt,sucede,2024.06
ons/ons_subm_dulo_1_2_pr_2025_02.txt,ons/ons_subm_dulo_1_2_pr_2024_06.txt,sucede,2025.02
ons/ons_subm_dulo_3_10_op_2021_06.txt,ons/ons_subm_dulo_3_10_op_2020_12.txt,sucede,2021.06
ons/ons_subm_dulo_3_10_op_2022_10.txt,ons/ons_subm_dulo_3_10_op_2021_06.txt,sucede,2022.10
ons/ons_s_bmodulo_3_10_op_2022_12.txt,ons/ons_subm_dulo_3_10_op_2022_10.txt,sucede,2022.12
ons/ons_s_bmodulo_3_10_op_2023_06.txt,ons/ons_s_bmodulo_3_10_op_2022_12.txt,sucede,2023.06
ons/ons_s_bmodulo_3_11_op_2023_06.txt,ons/ons_subm_dulo_3_11_op_2020_12.txt,sucede,2023.06
ons/ons_subm_dulo_3_11_op_2025_02.txt,ons/ons_s_bmodulo_3_11_op_2023_06.txt,sucede,2025.02
ons/ons_subm_dulo_3_1_pr_2021_08_docx_8c0f010c_73a1_4eff_a7ae_7fe18d.txt,ons/ons_subm_dulo_3_1_pr_2020_12.txt,sucede,2021.08
ons/ons_subm_dulo_3_1_pr_2021_08_docx_b832a6a5_64e0_46f8_97e5_f1ea3a.txt,ons/ons_subm_dulo_3_1_pr_2021_08_docx_8c0f010c_73a1_4eff_a7ae_7fe18d.txt,sucede,2021.08
ons/ons_s_bmodulo_3_1_pr_2023_01.txt,ons/ons_subm_dulo_3_1_pr_2021_08_docx_b832a6a5_64e0_46f8_97e5_f1ea3a.txt,sucede,2023.01
ons/ons_subm_dulo_3_1_pr_2024_07.txt,ons/ons_s_bmodulo_3_1_pr_2023_01.txt,sucede,2024.07
ons/ons_subm_dulo_3_1_pr_2025_02.txt,ons/ons_subm_dulo_3_1_pr_2024_07.txt,sucede,2025.02
ons/ons_subm_dulo_3_1_rs_2021_08_docx_222d6904_7036_4bad_b18f_ac16c9.txt,ons/ons_subm_dulo_3_1_rs_2020_12.txt,sucede,2021.08
ons/ons_subm_dulo_3_1_rs_2021_08_docx_657964f0_5e44_40fb_86f7_b2148c.txt,ons/ons_subm_dulo_3_1_rs_2021_08_docx_222d6904_7036_4bad_b18f_ac16c9.txt,sucede,2021.08
ons/ons_s_bmodulo_3_1_rs_2023_01.txt,ons/ons_subm_dulo_3_1_rs_2021_08_docx_657964f0_5e44_40fb_86f7_b2148c.txt,sucede,2023.01
ons/ons_subm_dulo_3_1_rs_2024_07.txt,ons/ons_s_bmodulo_3_1_rs_2023_01.txt,sucede,2024.07
ons/ons_subm_dulo_3_2_pr_2020_12_docx_83d01455_3ccf_489d_b585_e6ad4a.txt,ons/ons_subm_dulo_3_2_pr_2020_12.txt,sucede,2020.12
ons/ons_s_bmodulo_3_2_pr_2023_01.txt,ons/ons_subm_dulo_3_2_pr_2020_12_docx_83d01455_3ccf_489d_b585_e6ad4a.txt,sucede,2023.01
ons/ons_subm_dulo_3_2_rs_2021_08_docx_51900fc9_4a24_45b2_bc1e_abd573.txt,ons/ons_subm_dulo_3_2_rs_2020_12.txt,sucede,2021.08
ons/ons_subm_dulo_3_2_rs_2021_08_docx_f252355a_dfd3_4ad1_bc4c_8b154d.txt,ons/ons_subm_dulo_3_2_rs_2021_08_docx_51900fc9_4a24_45b2_bc1e_abd573.txt,sucede,2021.08
ons/ons_s_bmodulo_3_2_rs_2023_01.txt,ons/ons_subm_dulo_3_2_rs_2021_08_docx_f252355a_dfd3_4ad1_bc4c_8b154d.txt,sucede,2023.01
ons/ons_subm_dulo_3_5_op_2021_08_docx_c9a0e66f_f59b_4ccc_8d67_00a04f.txt,ons/ons_subm_dulo_3_5_op_2020_12.txt,sucede,2021.08
ons/ons_s_bmodulo_3_5_op_2022_11.txt,ons/ons_subm_dulo_3_5_op_2021_08_docx_c9a0e66f_f59b_4ccc_8d67_00a04f.txt,sucede,2022.11
ons/ons_s_bmodulo_3_5_op_2023_03.txt,ons/ons_s_bmodulo_3_5_op_2022_11.txt,sucede,2023.03
ons/ons_subm_dulo_3_5_op_2023_11.txt,ons/ons_s_bmodulo_3_5_op_2023_03.txt,sucede,2023.11
ons/ons_s_bmodulo_4_2_pr_2022_08.txt,ons/ons_subm_dulo_4_2_pr_2020_12.txt,sucede,2022.08
ons/ons_subm_dulo_4_2_pr_2023_12.txt,ons/ons_s_bmodulo_4_2_pr_2022_08.txt,sucede,2023.12
ons/ons_subm_dulo_4_4_op_2021_11.txt,ons/ons_subm_dulo_4_4_op_2020_12.txt,sucede,2021.11
ons/ons_s_bmodulo_4_4_op_2022_10.txt,ons/ons_subm_dulo_4_4_op_2021_11.txt,sucede,2022.10
ons/ons_s_bmodulo_4_4_op_2023_03.txt,ons/ons_s_bmodulo_4_4_op_2022_10.txt,sucede,2023.03
ons/ons_subm_dulo_4_4_op_2023_11.txt,ons/ons_s_bmodulo_4_4_op_2023_03.txt,sucede,2023.11
ons/ons_s_bmodulo_4_5_pr_2022_05.txt,ons/ons_subm_dulo_4_5_pr_2020_12.txt,sucede,2022.05
ons/ons_s_bmodulo_4_5_pr_2023_08.txt,ons/ons_s_bmodulo_4_5_pr_2022_05.txt,sucede,2023.08
ons/ons_subm_dulo_4_5_pr_2023_11.txt,ons/ons_s_bmodulo_4_5_pr_2023_08.txt,sucede,2023.11
ons/ons_subm_dulo_4_5_pr_2023_12.txt,ons/ons_subm_dulo_4_5_pr_2023_11.txt,sucede,2023.12
ons/ons_subm_dulo_4_5_pr_2024_10.txt,ons/ons_subm_dulo_4_5_pr_2023_12.txt,sucede,2024.10
ons/ons_subm_dulo_4_5_pr_2025_02.txt,ons/ons_subm_dulo_4_5_pr_2024_10.txt,sucede,2025.02
ons/ons_s_bmodulo_4_5_rs_2023_08.txt,ons/ons_subm_dulo_4_5_rs_2020_12.txt,sucede,2023.08
ons/ons_subm_dulo_4_5_rs_2024_10.txt,ons/ons_s_bmodulo_4_5_rs_2023_08.txt,sucede,2024.10
ons/ons_s_bmodulo_5_1_op_2022_08.txt,ons/ons_subm_dulo_5_1_op_2020_12.txt,sucede,2022.08
ons/ons_s_bmodulo_6_16_rs_2022_11.txt,ons/ons_subm_dulo_6_16_rs_2020_12.txt,sucede,2022.11
ons/ons_subm_dulo_6_16_rs_2026_04.txt,ons/ons_s_bmodulo_6_16_rs_2022_11.txt,sucede,2026.04
ons/ons_subm_dulo_6_8_pr_2020_12_docx_2c216c37_89b1_4709_9dbe_22f228.txt,ons/ons_subm_dulo_6_8_pr_2020_12.txt,sucede,2020.12
ons/ons_s_bmodulo_6_8_pr_2022_11.txt,ons/ons_subm_dulo_6_8_pr_2020_12_docx_2c216c37_89b1_4709_9dbe_22f228.txt,sucede,2022.11
ons/ons_subm_dulo_6_8_pr_2025_06.txt,ons/ons_s_bmodulo_6_8_pr_2022_11.txt,sucede,2025.06
ons/ons_s_bmodulo_6_8_rs_2022_11.txt,ons/ons_subm_dulo_6_8_rs_2020_12.txt,sucede,2022.11
ons/ons_subm_dulo_6_8_rs_2025_06.txt,ons/ons_s_bmodulo_6_8_rs_2022_11.txt,sucede,2025.06
ons/ons_s_bmodulo_7_11_op_2023_03.txt,ons/ons_subm_dulo_7_11_op_2020_12.txt,sucede,2023.03
ons/ons_s_bmodulo_7_11_rs_2022_11.txt,ons/ons_subm_dulo_7_11_rs_2020_12.txt,sucede,2022.11
ons/ons_subm_dulo_7_11_rs_2026_04.txt,ons/ons_s_bmodulo_7_11_rs_2022_11.txt,sucede,2026.04
ons/ons_s_bmodulo_7_14_pr_2023_09.txt,ons/ons_subm_dulo_7_14_pr_2020_12.txt,sucede,2023.09
ons/ons_subm_dulo_7_14_pr_2025_12.txt,ons/ons_s_bmodulo_7_14_pr_2023_09.txt,sucede,2025.12
ons/ons_subm_dulo_7_15_pr_2021_06.txt,ons/ons_subm_dulo_7_15_pr_2020_12.txt,sucede,2021.06
ons/ons_s_bmodulo_7_15_pr_2022_08.txt,ons/ons_subm_dulo_7_15_pr_2021_06.txt,sucede,2022.08
ons/ons_subm_dulo_7_15_pr_2024_04.txt,ons/ons_s_bmodulo_7_15_pr_2022_08.txt,sucede,2024.04
ons/ons_subm_dulo_7_15_pr_2025_02.txt,ons/ons_subm_dulo_7_15_pr_2024_04.txt,sucede,2025.02
ons/ons_subm_dulo_7_15_pr_2025_08.txt,ons/ons_subm_dulo_7_15_pr_2025_02.txt,sucede,2025.08
ons/ons_s_bmodulo_7_15_rs_2023_01.txt,ons/ons_subm_dulo_7_15_rs_2020_12.txt,sucede,2023.01
ons/ons_subm_dulo_7_15_rs_2025_12.txt,ons/ons_s_bmodulo_7_15_rs_2023_01.txt,sucede,2025.12
ons/ons_subm_dulo_7_1_pr_2021_08_docx_db2581cd_8db7_4d1e_8d60_a0d2d2.txt,ons/ons_subm_dulo_7_1_pr_2020_12.txt,sucede,2021.08
ons/ons_subm_dulo_7_1_pr_2022_10_docx_a0d4769b_26ab_4fb0_9cf6_b884ec.txt,ons/ons_subm_dulo_7_1_pr_2021_08_docx_db2581cd_8db7_4d1e_8d60_a0d2d2.txt,sucede,2022.10
ons/ons_s_bmodulo_7_1_pr_2023_08.txt,ons/ons_subm_dulo_7_1_pr_2022_10_docx_a0d4769b_26ab_4fb0_9cf6_b884ec.txt,sucede,2023.08
ons/ons_subm_dulo_7_1_pr_2024_06.txt,ons/ons_s_bmodulo_7_1_pr_2023_08.txt,sucede,2024.06
ons/ons_subm_dulo_7_1_pr_2026_04.txt,ons/ons_subm_dulo_7_1_pr_2024_06.txt,sucede,2026.04
ons/ons_subm_dulo_7_1_rs_2022_10_docx_2bd96cf0_52ee_4a40_ae6a_7b8ded.txt,ons/ons_subm_dulo_7_1_rs_2020_12.txt,sucede,2022.10
ons/ons_s_bmodulo_7_1_rs_2023_08.txt,ons/ons_subm_dulo_7_1_rs_2022_10_docx_2bd96cf0_52ee_4a40_ae6a_7b8ded.txt,sucede,2023.08
ons/ons_subm_dulo_7_1_rs_2024_06.txt,ons/ons_s_bmodulo_7_1_rs_2023_08.txt,sucede,2024.06
ons/ons_subm_dulo_7_1_rs_2026_04.txt,ons/ons_subm_dulo_7_1_rs_2024_06.txt,sucede,2026.04
ons/ons_s_bmodulo_7_9_op_2022_10.txt,ons/ons_subm_dulo_7_9_op_2020_12.txt,sucede,2022.10
ons/ons_subm_dulo_8_1_pr_2021_08_docx_d26333fc_5680_4b7a_878f_3507b8.txt,ons/ons_subm_dulo_8_1_pr_2020_12.txt,sucede,2021.08
ons/ons_subm_dulo_8_1_pr_2022_10.txt,ons/ons_subm_dulo_8_1_pr_2021_08_docx_d26333fc_5680_4b7a_878f_3507b8.txt,sucede,2022.10
ons/ons_s_bmodulo_8_1_pr_2023_07.txt,ons/ons_subm_dulo_8_1_pr_2022_10.txt,sucede,2023.07
ons/ons_s_bmodulo_8_1_pr_2023_09.txt,ons/ons_s_bmodulo_8_1_pr_2023_07.txt,sucede,2023.09
ons/ons_subm_dulo_8_1_pr_2024_06.txt,ons/ons_s_bmodulo_8_1_pr_2023_09.txt,sucede,2024.06
ons/ons_subm_dulo_8_1_pr_2025_02.txt,ons/ons_subm_dulo_8_1_pr_2024_06.txt,sucede,2025.02
ons/ons_subm_dulo_8_1_pr_2025_06.txt,ons/ons_subm_dulo_8_1_pr_2025_02.txt,sucede,2025.06
ons/ons_s_bmodulo_8_1_rs_2023_07.txt,ons/ons_subm_dulo_8_1_rs_2020_12.txt,sucede,2023.07
ons/ons_s_bmodulo_8_1_rs_2023_09.txt,ons/ons_s_bmodulo_8_1_rs_2023_07.txt,sucede,2023.09
ons/ons_subm_dulo_8_1_rs_2024_06.txt,ons/ons_s_bmodulo_8_1_rs_2023_09.txt,sucede,2024.06
ons/ons_subm_dulo_8_1_rs_2025_02.txt,ons/ons_subm_dulo_8_1_rs_2024_06.txt,sucede,2025.02
ons/ons_s_bmodulo_8_3_pr_2022_10.txt,ons/ons_subm_dulo_8_3_pr_2020_12.txt,sucede,2022.10
ons/ons_s_bmodulo_8_3_pr_2023_09.txt,ons/ons_s_bmodulo_8_3_pr_2022_10.txt,sucede,2023.09
ons/ons_subm_dulo_8_3_pr_2024_06.txt,ons/ons_s_bmodulo_8_3_pr_2023_09.txt,sucede,2024.06
ons/ons_subm_dulo_8_3_pr_2025_06.txt,ons/ons_subm_dulo_8_3_pr_2024_06.txt,sucede,2025.06
ons/ons_subm_dulo_1_1_rs_2024_07.txt,ons/ons_subm_dulo_1_1_rs_2020_12.txt,sucede,2024.07
ons/ons_subm_dulo_1_1_rs_2026_04.txt,ons/ons_subm_dulo_1_1_rs_2024_07.txt,sucede,2026.04
ons/ons_subm_dulo_1_3_pr_2025_06.txt,ons/ons_subm_dulo_1_3_pr_2020_12.txt,sucede,2025.06
ons/ons_subm_dulo_1_3_pr_2026_04.txt,ons/ons_subm_dulo_1_3_pr_2025_06.txt,sucede,2026.04
ons/ons_subm_dulo_1_3_rs_2025_06.txt,ons/ons_subm_dulo_1_3_rs_2020_12.txt,sucede,2025.06
ons/ons_subm_dulo_1_3_rs_2026_04.txt,ons/ons_subm_dulo_1_3_rs_2025_06.txt,sucede,2026.04
ons/ons_subm_dulo_2_10_rq_2021_08_docx_f72e315f_74a1_4c83_b601_d92d6.txt,ons/ons_subm_dulo_2_10_rq_2020_12.txt,sucede,2021.08
ons/ons_subm_dulo_2_10_rq_2022_10.txt,ons/ons_subm_dulo_2_10_rq_2021_08_docx_f72e315f_74a1_4c83_b601_d92d6.txt,sucede,2022.10
ons/ons_subm_dulo_2_10_rq_2023_10.txt,ons/ons_subm_dulo_2_10_rq_2022_10.txt,sucede,2023.10
ons/ons_subm_dulo_2_10_rq_2025_02.txt,ons/ons_subm_dulo_2_10_rq_2023_10.txt,sucede,2025.02
ons/ons_subm_dulo_2_11_rq_2024_05.txt,ons/ons_subm_dulo_2_11_rq_2020_12.txt,sucede,2024.05
ons/ons_subm_dulo_2_12_rq_2022_06.txt,ons/ons_subm_dulo_2_12_rq_2020_12.txt,sucede,2022.06
ons/ons_subm_dulo_2_12_rq_2022_10_docx_3cffeb00_1aa5_4187_a0b8_8d190.txt,ons/ons_subm_dulo_2_12_rq_2022_06.txt,sucede,2022.10
ons/ons_subm_dulo_2_12_rq_2024_12.txt,ons/ons_subm_dulo_2_12_rq_2022_10_docx_3cffeb00_1aa5_4187_a0b8_8d190.txt,sucede,2024.12
ons/ons_subm_dulo_2_12_rq_2025_02.txt,ons/ons_subm_dulo_2_12_rq_2024_12.txt,sucede,2025.02
ons/ons_subm_dulo_2_12_rq_2026_04.txt,ons/ons_subm_dulo_2_12_rq_2025_02.txt,sucede,2026.04
ons/ons_subm_dulo_2_14_rq_2022_10_docx_327120d5_e044_40d8_ba2f_1ec70.txt,ons/ons_subm_dulo_2_14_rq_2020_12.txt,sucede,2022.10
ons/ons_subm_dulo_2_14_rq_2022_11.txt,ons/ons_subm_dulo_2_14_rq_2022_10_docx_327120d5_e044_40d8_ba2f_1ec70.txt,sucede,2022.11
ons/ons_subm_dulo_2_15_rq_2021_06.txt,ons/ons_subm_dulo_2_15_rq_2020_12.txt,sucede,2021.06
ons/ons_subm_dulo_2_15_rq_2022_02.txt,ons/ons_subm_dulo_2_15_rq_2021_06.txt,sucede,2022.02
ons/ons_subm_dulo_2_15_rq_2025_02.txt,ons/ons_subm_dulo_2_15_rq_2022_02.txt,sucede,2025.02
ons/ons_subm_dulo_2_16_rq_2022_02_docx_96956167_bfee_4ae3_bcc4_ff31e.txt,ons/ons_subm_dulo_2_16_rq_2020_12.txt,sucede,2022.02
ons/ons_subm_dulo_2_16_rq_2025_02.txt,ons/ons_subm_dulo_2_16_rq_2022_02_docx_96956167_bfee_4ae3_bcc4_ff31e.txt,sucede,2025.02
ons/ons_subm_dulo_2_1_df_2020_12_docx_18829464_44b8_40d4_8ad3_a8b5d4.txt,ons/ons_subm_dulo_2_1_df_2020_12.txt,sucede,2020.12
ons/ons_subm_dulo_2_1_df_2024_07.txt,ons/ons_subm_dulo_2_1_df_2020_12_docx_18829464_44b8_40d4_8ad3_a8b5d4.txt,sucede,2024.07
ons/ons_subm_dulo_2_2_df_2021_08_docx_039a920e_674a_4c2c_be30_454c86.txt,ons/ons_subm_dulo_2_2_df_2020_12.txt,sucede,2021.08
ons/ons_subm_dulo_2_2_df_2025_02.txt,ons/ons_subm_dulo_2_2_df_2021_08_docx_039a920e_674a_4c2c_be30_454c86.txt,sucede,2025.02
ons/ons_subm_dulo_2_3_cr_2021_06.txt,ons/ons_subm_dulo_2_3_cr_2020_12.txt,sucede,2021.06
ons/ons_subm_dulo_2_3_cr_2021_08_docx_77a6e3f8_0c6b_4500_b225_45c2fa.txt,ons/ons_subm_dulo_2_3_cr_2021_06.txt,sucede,2021.08
ons/ons_subm_dulo_2_3_cr_2022_10.txt,ons/ons_subm_dulo_2_3_cr_2021_08_docx_77a6e3f8_0c6b_4500_b225_45c2fa.txt,sucede,2022.10
ons/ons_subm_dulo_2_3_cr_2025_02.txt,ons/ons_subm_dulo_2_3_cr_2022_10.txt,sucede,2025.02
ons/ons_subm_dulo_2_3_cr_2025_02_docx_fed7b0e2_0f65_4b9f_9e53_071a4d.txt,ons/ons_subm_dulo_2_3_cr_2025_02.txt,sucede,2025.02
ons/ons_subm_dulo_2_3_cr_2025_11.txt,ons/ons_subm_dulo_2_3_cr_2025_02_docx_fed7b0e2_0f65_4b9f_9e53_071a4d.txt,sucede,2025.11
ons/ons_subm_dulo_2_3_cr_2026_04.txt,ons/ons_subm_dulo_2_3_cr_2025_11.txt,sucede,2026.04
ons/ons_subm_dulo_2_3_mt_2021_08_docx_f58df0f4_59c1_4b1d_a923_871fd9.txt,ons/ons_subm_dulo_2_3_mt_2020_12.txt,sucede,2021.08
ons/ons_subm_dulo_2_3_mt_2025_11.txt,ons/ons_subm_dulo_2_3_mt_2021_08_docx_f58df0f4_59c1_4b1d_a923_871fd9.txt,sucede,2025.11
ons/ons_subm_dulo_2_3_mt_2026_04.txt,ons/ons_subm_dulo_2_3_mt_2025_11.txt,sucede,2026.04
ons/ons_subm_dulo_2_4_cr_2022_06.txt,ons/ons_subm_dulo_2_4_cr_2020_12.txt,sucede,2022.06
ons/ons_subm_dulo_2_4_cr_2024_10.txt,ons/ons_subm_dulo_2_4_cr_2022_06.txt,sucede,2024.10
ons/ons_subm_dulo_2_4_cr_2024_12.txt,ons/ons_subm_dulo_2_4_cr_2024_10.txt,sucede,2024.12
ons/ons_subm_dulo_2_4_op_2025_03.txt,ons/ons_subm_dulo_2_4_op_2024_10.txt,sucede,2025.03
ons/ons_subm_dulo_2_5_cr_2025_02.txt,ons/ons_subm_dulo_2_5_cr_2020_12.txt,sucede,2025.02
ons/ons_subm_dulo_2_6_rq_2021_06.txt,ons/ons_subm_dulo_2_6_rq_2020_12.txt,sucede,2021.06
ons/ons_subm_dulo_2_6_rq_2021_08_docx_16c3ed7c_cf3b_4cf6_aca5_9bfdab.txt,ons/ons_subm_dulo_2_6_rq_2021_06.txt,sucede,2021.08
ons/ons_subm_dulo_2_6_rq_2022_08.txt,ons/ons_subm_dulo_2_6_rq_2021_08_docx_16c3ed7c_cf3b_4cf6_aca5_9bfdab.txt,sucede,2022.08
ons/ons_subm_dulo_2_7_rq_2020_12_docx_09232908_8899_4ca4_94a3_c20151.txt,ons/ons_subm_dulo_2_7_rq_2020_12.txt,sucede,2020.12
ons/ons_subm_dulo_2_7_rq_2026_04.txt,ons/ons_subm_dulo_2_7_rq_2020_12_docx_09232908_8899_4ca4_94a3_c20151.txt,sucede,2026.04
ons/ons_subm_dulo_2_8_rq_2021_08_docx_6164087f_f9a5_49fc_ad9c_33334e.txt,ons/ons_subm_dulo_2_8_rq_2020_12.txt,sucede,2021.08
ons/ons_subm_dulo_2_9_rq_2022_10_docx_687a4257_1841_46b6_a0e7_51d584.txt,ons/ons_subm_dulo_2_9_rq_2020_12.txt,sucede,2022.10
ons/ons_subm_dulo_2_9_rq_2026_04.txt,ons/ons_subm_dulo_2_9_rq_2022_10_docx_687a4257_1841_46b6_a0e7_51d584.txt,sucede,2026.04
ons/ons_subm_dulo_3_10_rs_2021_06.txt,ons/ons_subm_dulo_3_10_rs_2020_12.txt,sucede,2021.06
ons/ons_subm_dulo_3_11_rs_2021_08_docx_ad81a29d_6ffb_4732_bb83_e4289.txt,ons/ons_subm_dulo_3_11_rs_2020_12.txt,sucede,2021.08
ons/ons_subm_dulo_3_11_rs_2025_02.txt,ons/ons_subm_dulo_3_11_rs_2021_08_docx_ad81a29d_6ffb_4732_bb83_e4289.txt,sucede,2025.02
ons/ons_subm_dulo_3_12_op_2021_08_docx_ca2bbc82_02ab_472b_aad7_1bf46.txt,ons/ons_subm_dulo_3_12_op_2020_12.txt,sucede,2021.08
ons/ons_subm_dulo_3_3_pr_2023_11.txt,ons/ons_subm_dulo_3_3_pr_2020_12.txt,sucede,2023.11
ons/ons_subm_dulo_3_3_pr_2024_10.txt,ons/ons_subm_dulo_3_3_pr_2023_11.txt,sucede,2024.10
ons/ons_subm_dulo_3_4_rs_2024_07.txt,ons/ons_subm_dulo_3_4_rs_2020_12.txt,sucede,2024.07
ons/ons_subm_dulo_3_5_rs_2021_08_docx_379d5986_d9fb_4fb2_8051_7eb406.txt,ons/ons_subm_dulo_3_5_rs_2021_06.txt,sucede,2021.08
ons/ons_subm_dulo_4_1_op_2021_08_docx_75b83b84_c3c5_4080_92db_529648.txt,ons/ons_subm_dulo_4_1_op_2020_12.txt,sucede,2021.08
ons/ons_subm_dulo_4_1_op_2024_04.txt,ons/ons_subm_dulo_4_1_op_2021_08_docx_75b83b84_c3c5_4080_92db_529648.txt,sucede,2024.04
ons/ons_subm_dulo_4_1_rs_2024_07.txt,ons/ons_subm_dulo_4_1_rs_2020_12.txt,sucede,2024.07
ons/ons_subm_dulo_4_2_rs_2024_07.txt,ons/ons_subm_dulo_4_2_rs_2020_12.txt,sucede,2024.07
ons/ons_subm_dulo_4_3_pr_2023_11.txt,ons/ons_subm_dulo_4_3_pr_2020_12.txt,sucede,2023.11
ons/ons_subm_dulo_4_3_pr_2024_10.txt,ons/ons_subm_dulo_4_3_pr_2023_11.txt,sucede,2024.10
ons/ons_subm_dulo_4_3_rs_2024_10.txt,ons/ons_subm_dulo_4_3_rs_2020_12.txt,sucede,2024.10
ons/ons_subm_dulo_4_4_rs_2023_12.txt,ons/ons_subm_dulo_4_4_rs_2020_12.txt,sucede,2023.12
ons/ons_subm_dulo_4_6_pr_2024_10.txt,ons/ons_subm_dulo_4_6_pr_2020_12.txt,sucede,2024.10
ons/ons_subm_dulo_4_6_rs_2023_12.txt,ons/ons_subm_dulo_4_6_rs_2020_12.txt,sucede,2023.12
ons/ons_subm_dulo_4_7_op_2024_01.txt,ons/ons_subm_dulo_4_7_op_2020_12.txt,sucede,2024.01
ons/ons_subm_dulo_4_7_op_2024_10.txt,ons/ons_subm_dulo_4_7_op_2024_01.txt,sucede,2024.10
ons/ons_subm_dulo_4_7_rs_2024_10.txt,ons/ons_subm_dulo_4_7_rs_2020_12.txt,sucede,2024.10
ons/ons_subm_dulo_4_8_op_2023_12.txt,ons/ons_subm_dulo_4_8_op_2020_12.txt,sucede,2023.12
ons/ons_subm_dulo_4_8_op_2025_03.txt,ons/ons_subm_dulo_4_8_op_2023_12.txt,sucede,2025.03
ons/ons_subm_dulo_4_8_rs_2023_12.txt,ons/ons_subm_dulo_4_8_rs_2020_12.txt,sucede,2023.12
ons/ons_subm_dulo_4_8_rs_2025_02.txt,ons/ons_subm_dulo_4_8_rs_2023_12.txt,sucede,2025.02
ons/ons_subm_dulo_5_10_op_2025_03.txt,ons/ons_subm_dulo_5_10_op_2020_12.txt,sucede,2025.03
ons/ons_subm_dulo_5_10_rs_2020_12_docx_d85752f7_6227_40c9_8122_8b303.txt,ons/ons_subm_dulo_5_10_rs_2020_12.txt,sucede,2020.12
ons/ons_subm_dulo_5_10_rs_2025_02.txt,ons/ons_subm_dulo_5_10_rs_2020_12_docx_d85752f7_6227_40c9_8122_8b303.txt,sucede,2025.02
ons/ons_subm_dulo_5_4_op_2025_02.txt,ons/ons_subm_dulo_5_4_op_2020_12.txt,sucede,2025.02
ons/ons_subm_dulo_6_11_op_2025_03.txt,ons/ons_subm_dulo_6_11_op_2020_12.txt,sucede,2025.03
ons/ons_subm_dulo_6_11_rs_2025_02.txt,ons/ons_subm_dulo_6_11_rs_2020_12.txt,sucede,2025.02
ons/ons_subm_dulo_6_12_op_2021_06.txt,ons/ons_subm_dulo_6_12_op_2020_12.txt,sucede,2021.06
ons/ons_subm_dulo_6_12_rs_2021_06.txt,ons/ons_subm_dulo_6_12_rs_2020_12.txt,sucede,2021.06
ons/ons_subm_dulo_6_13_op_2026_04.txt,ons/ons_subm_dulo_6_13_op_2020_12.txt,sucede,2026.04
ons/ons_subm_dulo_6_13_rs_2021_06.txt,ons/ons_subm_dulo_6_13_rs_2020_12.txt,sucede,2021.06
ons/ons_subm_dulo_6_13_rs_2022_08.txt,ons/ons_subm_dulo_6_13_rs_2021_06.txt,sucede,2022.08
ons/ons_subm_dulo_6_13_rs_2026_04.txt,ons/ons_subm_dulo_6_13_rs_2022_08.txt,sucede,2026.04
ons/ons_subm_dulo_6_14_op_2021_06.txt,ons/ons_subm_dulo_6_14_op_2020_12.txt,sucede,2021.06
ons/ons_subm_dulo_6_14_op_2021_11.txt,ons/ons_subm_dulo_6_14_op_2021_06.txt,sucede,2021.11
ons/ons_subm_dulo_6_14_rs_2021_06.txt,ons/ons_subm_dulo_6_14_rs_2020_12.txt,sucede,2021.06
ons/ons_subm_dulo_6_15_op_2026_04.txt,ons/ons_subm_dulo_6_15_op_2020_12.txt,sucede,2026.04
ons/ons_subm_dulo_6_15_rs_2021_08_docx_7bde6e74_dbff_4be3_8991_b7a62.txt,ons/ons_subm_dulo_6_15_rs_2020_12.txt,sucede,2021.08
ons/ons_subm_dulo_6_15_rs_2026_04.txt,ons/ons_subm_dulo_6_15_rs_2021_08_docx_7bde6e74_dbff_4be3_8991_b7a62.txt,sucede,2026.04
ons/ons_subm_dulo_6_16_op_2026_04.txt,ons/ons_subm_dulo_6_16_op_2020_12.txt,sucede,2026.04
ons/ons_subm_dulo_6_17_op_2026_04.txt,ons/ons_subm_dulo_6_17_op_2020_12.txt,sucede,2026.04
ons/ons_subm_dulo_6_2_op_2021_06.txt,ons/ons_subm_dulo_6_2_op_2020_12.txt,sucede,2021.06
ons/ons_subm_dulo_6_2_op_2021_06_docx_907d3323_9273_4b05_ad8f_b821f6.txt,ons/ons_subm_dulo_6_2_op_2021_06.txt,sucede,2021.06
ons/ons_subm_dulo_6_2_rs_2021_06.txt,ons/ons_subm_dulo_6_2_rs_2020_12.txt,sucede,2021.06
ons/ons_subm_dulo_6_3_pr_2021_06.txt,ons/ons_subm_dulo_6_3_pr_2020_12.txt,sucede,2021.06
ons/ons_subm_dulo_6_3_rs_2021_06.txt,ons/ons_subm_dulo_6_3_rs_2020_12.txt,sucede,2021.06
ons/ons_subm_dulo_6_4_op_2021_06.txt,ons/ons_subm_dulo_6_4_op_2020_12.txt,sucede,2021.06
ons/ons_subm_dulo_6_4_rs_2021_06.txt,ons/ons_subm_dulo_6_4_rs_2020_12.txt,sucede,2021.06
ons/ons_subm_dulo_6_5_pr_2022_06.txt,ons/ons_subm_dulo_6_5_pr_2022_05.txt,sucede,2022.06
ons/ons_subm_dulo_6_5_pr_2024_12.txt,ons/ons_subm_dulo_6_5_pr_2022_06.txt,sucede,2024.12
ons/ons_subm_dulo_6_5_pr_2025_06.txt,ons/ons_subm_dulo_6_5_pr_2024_12.txt,sucede,2025.06
ons/ons_subm_dulo_6_5_rs_2020_12_docx_934047ab_b854_4f50_afe6_5a61e1.txt,ons/ons_subm_dulo_6_5_rs_2020_12.txt,sucede,2020.12
ons/ons_subm_dulo_6_5_rs_2024_12.txt,ons/ons_subm_dulo_6_5_rs_2020_12_docx_934047ab_b854_4f50_afe6_5a61e1.txt,sucede,2024.12
ons/ons_subm_dulo_6_5_rs_2025_06.txt,ons/ons_subm_dulo_6_5_rs_2024_12.txt,sucede,2025.06
ons/ons_subm_dulo_6_6_op_2025_02.txt,ons/ons_subm_dulo_6_6_op_2020_12.txt,sucede,2025.02
ons/ons_subm_dulo_6_6_rs_2025_02.txt,ons/ons_subm_dulo_6_6_rs_2020_12.txt,sucede,2025.02
ons/ons_subm_dulo_6_7_pr_2020_12_docx_de1d71ad_fb0f_4f5d_9988_fd67cd.txt,ons/ons_subm_dulo_6_7_pr_2020_12.txt,sucede,2020.12
ons/ons_subm_dulo_6_7_pr_2025_06.txt,ons/ons_subm_dulo_6_7_pr_2020_12_docx_de1d71ad_fb0f_4f5d_9988_fd67cd.txt,sucede,2025.06
ons/ons_subm_dulo_6_7_rs_2020_12_docx_b81560ca_c6f4_4240_8d41_c7d258.txt,ons/ons_subm_dulo_6_7_rs_2020_12.txt,sucede,2020.12
ons/ons_subm_dulo_6_7_rs_2025_06.txt,ons/ons_subm_dulo_6_7_rs_2020_12_docx_b81560ca_c6f4_4240_8d41_c7d258.txt,sucede,2025.06
ons/ons_subm_dulo_6_7_rs_2026_04.txt,ons/ons_subm_dulo_6_7_rs_2025_06.txt,sucede,2026.04
ons/ons_subm_dulo_6_9_pr_2020_12_docx_db90ebb8_c6bc_4292_9993_9c98df.txt,ons/ons_subm_dulo_6_9_pr_2020_12.txt,sucede,2020.12
ons/ons_subm_dulo_6_9_pr_2025_02.txt,ons/ons_subm_dulo_6_9_pr_2020_12_docx_db90ebb8_c6bc_4292_9993_9c98df.txt,sucede,2025.02
ons/ons_subm_dulo_6_9_rs_2025_02.txt,ons/ons_subm_dulo_6_9_rs_2020_12.txt,sucede,2025.02
ons/ons_subm_dulo_7_10_op_2021_06.txt,ons/ons_subm_dulo_7_10_op_2020_12.txt,sucede,2021.06
ons/ons_subm_dulo_7_10_rs_2021_06.txt,ons/ons_subm_dulo_7_10_rs_2020_12.txt,sucede,2021.06
ons/ons_subm_dulo_7_13_pr_2021_06.txt,ons/ons_subm_dulo_7_13_pr_2020_12.txt,sucede,2021.06
ons/ons_subm_dulo_7_13_pr_2022_10_docx_879439a9_1d6e_457b_a3a2_6269e.txt,ons/ons_subm_dulo_7_13_pr_2021_06.txt,sucede,2022.10
ons/ons_subm_dulo_7_13_pr_2023_09.txt,ons/ons_subm_dulo_7_13_pr_2022_10_docx_879439a9_1d6e_457b_a3a2_6269e.txt,sucede,2023.09
ons/ons_subm_dulo_7_13_pr_2024_04.txt,ons/ons_subm_dulo_7_13_pr_2023_09.txt,sucede,2024.04
ons/ons_subm_dulo_7_13_pr_2024_04_retificado.txt,ons/ons_subm_dulo_7_13_pr_2024_04.txt,sucede,2024.04
ons/ons_subm_dulo_7_13_pr_2025_02.txt,ons/ons_subm_dulo_7_13_pr_2024_04_retificado.txt,sucede,2025.02
ons/ons_subm_dulo_7_13_pr_2026_04.txt,ons/ons_subm_dulo_7_13_pr_2025_02.txt,sucede,2026.04
ons/ons_subm_dulo_7_14_rs_2022_08_docx.txt,ons/ons_subm_dulo_7_14_rs_2020_12.txt,sucede,2022.08
ons/ons_subm_dulo_7_14_rs_2025_12.txt,ons/ons_subm_dulo_7_14_rs_2022_08_docx.txt,sucede,2025.12
ons/ons_subm_dulo_7_2_pr_2022_10_docx_99cfec1a_9617_467a_9d52_426b6f.txt,ons/ons_subm_dulo_7_2_pr_2020_12.txt,sucede,2022.10
ons/ons_subm_dulo_7_2_rs_2023_12.txt,ons/ons_subm_dulo_7_2_rs_2020_12.txt,sucede,2023.12
ons/ons_subm_dulo_7_3_pr_2022_10.txt,ons/ons_subm_dulo_7_3_pr_2020_12.txt,sucede,2022.10
ons/ons_subm_dulo_7_3_pr_2024_04.txt,ons/ons_subm_dulo_7_3_pr_2022_10.txt,sucede,2024.04
ons/ons_subm_dulo_7_3_rs_2024_04.txt,ons/ons_subm_dulo_7_3_rs_2020_12.txt,sucede,2024.04
ons/ons_subm_dulo_7_4_op_2021_06.txt,ons/ons_subm_dulo_7_4_op_2020_12.txt,sucede,2021.06
ons/ons_subm_dulo_7_4_op_2024_04.txt,ons/ons_subm_dulo_7_4_op_2021_06.txt,sucede,2024.04
ons/ons_subm_dulo_7_4_op_2024_04_retificado.txt,ons/ons_subm_dulo_7_4_op_2024_04.txt,sucede,2024.04
ons/ons_subm_dulo_7_4_rs_2021_06.txt,ons/ons_subm_dulo_7_4_rs_2020_12.txt,sucede,2021.06
ons/ons_subm_dulo_7_4_rs_2024_04.txt,ons/ons_subm_dulo_7_4_rs_2021_06.txt,sucede,2024.04
ons/ons_subm_dulo_7_4_rs_2024_04_retificado.txt,ons/ons_subm_dulo_7_4_rs_2024_04.txt,sucede,2024.04
ons/ons_subm_dulo_7_4_rs_2024_04_retificado_2.txt,ons/ons_subm_dulo_7_4_rs_2024_04_retificado.txt,sucede,2024.04
ons/ons_subm_dulo_7_6_op_2021_06.txt,ons/ons_subm_dulo_7_6_op_2020_12.txt,sucede,2021.06
ons/ons_subm_dulo_7_6_op_2026_04.txt,ons/ons_subm_dulo_7_6_op_2021_06.txt,sucede,2026.04
ons/ons_subm_dulo_7_6_rs_2021_06.txt,ons/ons_subm_dulo_7_6_rs_2020_12.txt,sucede,2021.06
ons/ons_subm_dulo_7_6_rs_2026_04.txt,ons/ons_subm_dulo_7_6_rs_2021_06.txt,sucede,2026.04
ons/ons_subm_dulo_7_8_op_2022_10.txt,ons/ons_subm_dulo_7_8_op_2020_12.txt,sucede,2022.10
ons/ons_subm_dulo_7_8_op_2026_04.txt,ons/ons_subm_dulo_7_8_op_2022_10.txt,sucede,2026.04
ons/ons_subm_dulo_7_8_rs_2026_04.txt,ons/ons_subm_dulo_7_8_rs_2020_12.txt,sucede,2026.04
ons/ons_subm_dulo_8_2_op_2021_08_docx_622d2207_0167_4b3a_8033_bb1c74.txt,ons/ons_subm_dulo_8_2_op_2020_12.txt,sucede,2021.08
ons/ons_subm_dulo_8_2_op_2022_10.txt,ons/ons_subm_dulo_8_2_op_2021_08_docx_622d2207_0167_4b3a_8033_bb1c74.txt,sucede,2022.10
ons/ons_subm_dulo_8_2_rs_2021_08_docx_46d766a3_02eb_4b89_8efd_4152a9.txt,ons/ons_subm_dulo_8_2_rs_2020_12.txt,sucede,2021.08
ons/ons_subm_dulo_8_3_rs_2024_06.txt,ons/ons_subm_dulo_8_3_rs_2020_12.txt,sucede,2024.06
ons/ons_subm_dulo_8_3_rs_2025_06.txt,ons/ons_subm_dulo_8_3_rs_2024_06.txt,sucede,2025.06
ons/ons_subm_dulo_9_1_in_2026_04.txt,ons/ons_subm_dulo_9_1_in_2020_12.txt,sucede,2026.04
ons/ons_subm_dulo_9_5_in_2021_06.txt,ons/ons_subm_dulo_9_5_in_2020_12.txt,sucede,2021.06
ons/ons_subm_dulo_9_6_in_2025_02.txt,ons/ons_subm_dulo_9_6_in_2020_12.txt,sucede,2025.02
ons/ons_subm_dulo_9_6_in_2026_04.txt,ons/ons_subm_dulo_9_6_in_2025_02.txt,sucede,2026.04
ons/ons_subm_dulo_9_7_in_2026_04.txt,ons/ons_subm_dulo_9_7_in_2020_12.txt,sucede,2026.04
dou/dou_23558371_portaria_sntep_mme_n_3045_de_30_de_janeiro_de_2026.txt,DECRETO-5163,cita,02/02/2026
dou/dou_23558484_despacho.txt,LEI-227,cita,02/02/2026
dou/dou_23558503_despacho.txt,LEI-227,cita,02/02/2026
dou/dou_23558512_despacho.txt,LEI-13575,cita,02/02/2026
dou/dou_23558512_despacho.txt,LEI-227,cita,02/02/2026
dou/dou_23559558_resolu_o_normativa_aneel_n_1_150_de_27_de_janeiro_.txt,ONS-SUBMODULO-10.1,cita,02/02/2026
dou/dou_23559558_resolu_o_normativa_aneel_n_1_150_de_27_de_janeiro_.txt,ONS-SUBMODULO-9.7,cita,02/02/2026
dou/dou_23559558_resolu_o_normativa_aneel_n_1_150_de_27_de_janeiro_.txt,ANEEL-REN-1091,cita,02/02/2026
dou/dou_23559558_resolu_o_normativa_aneel_n_1_150_de_27_de_janeiro_.txt,ONS-SUBMODULO-6.3,cita,02/02/2026
dou/dou_23559558_resolu_o_normativa_aneel_n_1_150_de_27_de_janeiro_.txt,ONS-SUBMODULO-8.4,cita,02/02/2026
dou/dou_23559558_resolu_o_normativa_aneel_n_1_150_de_27_de_janeiro_.txt,PORTARIA-6405,cita,02/02/2026
dou/dou_23559558_resolu_o_normativa_aneel_n_1_150_de_27_de_janeiro_.txt,ONS-SUBMODULO-9.6,cita,02/02/2026
dou/dou_23559558_resolu_o_normativa_aneel_n_1_150_de_27_de_janeiro_.txt,ONS-SUBMODULO-9.3,cita,02/02/2026
dou/dou_23559558_resolu_o_normativa_aneel_n_1_150_de_27_de_janeiro_.txt,ONS-SUBMODULO-5.5,cita,02/02/2026
dou/dou_23559558_resolu_o_normativa_aneel_n_1_150_de_27_de_janeiro_.txt,ONS-SUBMODULO-10.6,cita,02/02/2026
dou/dou_23559558_resolu_o_normativa_aneel_n_1_150_de_27_de_janeiro_.txt,ONS-SUBMODULO-2.6,cita,02/02/2026
dou/dou_23559558_resolu_o_normativa_aneel_n_1_150_de_27_de_janeiro_.txt,ONS-SUBMODULO-12.4,cita,02/02/2026
dou/dou_23559558_resolu_o_normativa_aneel_n_1_150_de_27_de_janeiro_.txt,ONS-SUBMODULO-9.5,cita,02/02/2026
dou/dou_23559558_resolu_o_normativa_aneel_n_1_150_de_27_de_janeiro_.txt,ONS-SUBMODULO-10.2,cita,02/02/2026
dou/dou_23559558_resolu_o_normativa_aneel_n_1_150_de_27_de_janeiro_.txt,ONS-SUBMODULO-11.1,cita,02/02/2026
dou/dou_23559558_resolu_o_normativa_aneel_n_1_150_de_27_de_janeiro_.txt,ONS-SUBMODULO-4.4,cita,02/02/2026
dou/dou_23559558_resolu_o_normativa_aneel_n_1_150_de_27_de_janeiro_.txt,ONS-SUBMODULO-3.4,cita,02/02/2026
dou/dou_23559558_resolu_o_normativa_aneel_n_1_150_de_27_de_janeiro_.txt,ONS-SUBMODULO-7.4,cita,02/02/2026
dou/dou_23559558_resolu_o_normativa_aneel_n_1_150_de_27_de_janeiro_.txt,ONS-SUBMODULO-2.1,cita,02/02/2026
dou/dou_23559558_resolu_o_normativa_aneel_n_1_150_de_27_de_janeiro_.txt,ONS-SUBMODULO-3.1,cita,02/02/2026
dou/dou_23559558_resolu_o_normativa_aneel_n_1_150_de_27_de_janeiro_.txt,ONS-SUBMODULO-2.5,cita,02/02/2026
dou/dou_23559558_resolu_o_normativa_aneel_n_1_150_de_27_de_janeiro_.txt,ONS-SUBMODULO-2.8,cita,02/02/2026
dou/dou_23559558_resolu_o_normativa_aneel_n_1_150_de_27_de_janeiro_.txt,ONS-SUBMODULO-3.2,cita,02/02/2026
dou/dou_23559558_resolu_o_normativa_aneel_n_1_150_de_27_de_janeiro_.txt,ONS-SUBMODULO-12.1,cita,02/02/2026
dou/dou_23559558_resolu_o_normativa_aneel_n_1_150_de_27_de_janeiro_.txt,DECRETO-10139,cita,02/02/2026
dou/dou_23559558_resolu_o_normativa_aneel_n_1_150_de_27_de_janeiro_.txt,ANEEL-REN-1000,cita,02/02/2026
dou/dou_23559558_resolu_o_normativa_aneel_n_1_150_de_27_de_janeiro_.txt,ONS-SUBMODULO-2.7,cita,02/02/2026
dou/dou_23559558_resolu_o_normativa_aneel_n_1_150_de_27_de_janeiro_.txt,ONS-SUBMODULO-9.2,cita,02/02/2026
dou/dou_23559558_resolu_o_normativa_aneel_n_1_150_de_27_de_janeiro_.txt,ONS-SUBMODULO-10.4,cita,02/02/2026
dou/dou_23559558_resolu_o_normativa_aneel_n_1_150_de_27_de_janeiro_.txt,PORTARIA-160,cita,02/02/2026
dou/dou_23559558_resolu_o_normativa_aneel_n_1_150_de_27_de_janeiro_.txt,ONS-SUBMODULO-4.2,cita,02/02/2026
dou/dou_23559558_resolu_o_normativa_aneel_n_1_150_de_27_de_janeiro_.txt,ONS-SUBMODULO-2.2,cita,02/02/2026
dou/dou_23559558_resolu_o_normativa_aneel_n_1_150_de_27_de_janeiro_.txt,ONS-SUBMODULO-9.1,cita,02/02/2026
dou/dou_23559558_resolu_o_normativa_aneel_n_1_150_de_27_de_janeiro_.txt,ONS-SUBMODULO-3.3,cita,02/02/2026
dou/dou_23560137_retifica_o.txt,ANEEL-REH-3565,cita,02/02/2026
dou/dou_23560137_retifica_o.txt,DECRETO-7891,cita,02/02/2026
dou/dou_23560137_retifica_o.txt,LEI-10438,cita,02/02/2026
dou/dou_23560224_portaria_anm_n_1_951_de_29_de_janeiro_de_2026.txt,DECRETO-9406,cita,02/02/2026
dou/dou_23560224_portaria_anm_n_1_951_de_29_de_janeiro_de_2026.txt,LEI-9784,cita,02/02/2026
dou/dou_23560960_despacho.txt,LEI-227,cita,02/02/2026
dou/dou_23561328_autoriza_o_sdl_anp_n_73_de_30_de_janeiro_de_2026.txt,LEI-9478,cita,02/02/2026
dou/dou_23561329_autoriza_o_sdl_anp_n_74_de_30_de_janeiro_de_2026.txt,LEI-9478,cita,02/02/2026
dou/dou_23561445_despacho_n_238_de_28_de_janeiro_de_2026.txt,ANEEL-DESPACHO-238,cita,02/02/2026
dou/dou_23561445_despacho_n_238_de_28_de_janeiro_de_2026.txt,ANEEL-DESPACHO-1985,cita,02/02/2026
dou/dou_23561445_despacho_n_238_de_28_de_janeiro_de_2026.txt,PORTARIA-6824,cita,02/02/2026
dou/dou_23561446_despacho_n_271_de_30_de_janeiro_de_2026.txt,PORTARIA-6836,cita,02/02/2026
dou/dou_23561446_despacho_n_271_de_30_de_janeiro_de_2026.txt,ANEEL-DESPACHO-271,cita,02/02/2026
dou/dou_23561447_despacho_n_272_de_30_de_janeiro_de_2026.txt,ANEEL-REN-1029,cita,02/02/2026
dou/dou_23561447_despacho_n_272_de_30_de_janeiro_de_2026.txt,PORTARIA-6836,cita,02/02/2026
dou/dou_23561447_despacho_n_272_de_30_de_janeiro_de_2026.txt,ANEEL-DESPACHO-272,cita,02/02/2026
dou/dou_23561488_despacho_n_292_de_30_de_janeiro_de_2026.txt,ANEEL-DESPACHO-292,cita,02/02/2026
dou/dou_23561489_despacho_n_169_de_22_de_janeiro_de_2026.txt,ANEEL-DESPACHO-169,cita,02/02/2026
dou/dou_23561490_despacho_n_208_de_27_de_janeiro_de_2026.txt,ANEEL-DESPACHO-208,cita,02/02/2026
dou/dou_23561492_despacho_n_247_de_28_de_janeiro_de_2026.txt,ANEEL-DESPACHO-247,cita,02/02/2026
dou/dou_23561493_despacho_n_277_de_29_de_janeiro_de_2026.txt,ANEEL-DESPACHO-277,cita,02/02/2026
dou/dou_23561494_despacho_n_289_de_30_de_janeiro_de_2026.txt,ANEEL-DESPACHO-289,cita,02/02/2026
dou/dou_23561495_despacho_n_263_de_30_de_janeiro_de_2026.txt,PORTARIA-6836,cita,02/02/2026
dou/dou_23561495_despacho_n_263_de_30_de_janeiro_de_2026.txt,ANEEL-DESPACHO-263,cita,02/02/2026
dou/dou_23561496_despacho_n_264_de_30_de_janeiro_de_2026.txt,ANEEL-DESPACHO-264,cita,02/02/2026
dou/dou_23561496_despacho_n_264_de_30_de_janeiro_de_2026.txt,PORTARIA-6836,cita,02/02/2026
dou/dou_23561497_despacho_n_265_de_30_de_janeiro_de_2026.txt,ANEEL-DESPACHO-265,cita,02/02/2026
dou/dou_23561497_despacho_n_265_de_30_de_janeiro_de_2026.txt,PORTARIA-6836,cita,02/02/2026
dou/dou_23561498_despacho_n_266_de_30_de_janeiro_de_2026.txt,ANEEL-DESPACHO-266,cita,02/02/2026
dou/dou_23561498_despacho_n_266_de_30_de_janeiro_de_2026.txt,PORTARIA-6836,cita,02/02/2026
dou/dou_23561499_despacho_n_267_de_30_de_janeiro_de_2026.txt,ANEEL-DESPACHO-267,cita,02/02/2026
dou/dou_23561499_despacho_n_267_de_30_de_janeiro_de_2026.txt,PORTARIA-6836,cita,02/02/2026
dou/dou_23561500_despacho_n_268_de_30_de_janeiro_de_2026.txt,PORTARIA-6836,cita,02/02/2026
dou/dou_23561500_despacho_n_268_de_30_de_janeiro_de_2026.txt,ANEEL-DESPACHO-268,cita,02/02/2026
dou/dou_23561502_despacho_n_269_de_30_de_janeiro_de_2026.txt,ANEEL-DESPACHO-269,cita,02/02/2026
dou/dou_23561502_despacho_n_269_de_30_de_janeiro_de_2026.txt,PORTARIA-6836,cita,02/02/2026
dou/dou_23561503_despacho_n_270_de_30_de_janeiro_de_2026.txt,ANEEL-DESPACHO-270,cita,02/02/2026
dou/dou_23561503_despacho_n_270_de_30_de_janeiro_de_2026.txt,PORTARIA-6836,cita,02/02/2026
dou/dou_23561705_despacho_n_295_de_30_de_janeiro_de_2026.txt,ANEEL-REH-3565,cita,02/02/2026
dou/dou_23561705_despacho_n_295_de_30_de_janeiro_de_2026.txt,ANEEL-DESPACHO-295,cita,02/02/2026
dou/dou_23563326_despacho.txt,LEI-227,cita,03/02/2026
dou/dou_23563354_despacho.txt,LEI-227,cita,03/02/2026
dou/dou_23563365_despacho.txt,LEI-227,cita,03/02/2026
dou/dou_23563371_despacho.txt,LEI-227,cita,03/02/2026
dou/dou_23563372_despacho.txt,LEI-227,cita,03/02/2026
dou/dou_23563374_despacho.txt,LEI-227,cita,03/02/2026
dou/dou_23563381_despacho.txt,LEI-227,cita,03/02/2026
dou/dou_23563407_despacho.txt,LEI-13575,cita,03/02/2026
dou/dou_23563407_despacho.txt,LEI-227,cita,03/02/2026
dou/dou_23563413_despacho.txt,LEI-227,cita,03/02/2026
dou/dou_23563428_despacho.txt,LEI-227,cita,03/02/2026
dou/dou_23565364_despacho_n_205_de_27_de_janeiro_de_2026.txt,ANEEL-DESPACHO-205,cita,03/02/2026
dou/dou_23565365_despacho_n_232_de_27_de_janeiro_de_2026.txt,ANEEL-DESPACHO-232,cita,03/02/2026
dou/dou_23565366_despacho_n_288_de_30_de_janeiro_de_2026.txt,ONS-SUBMODULO-6.8,cita,03/02/2026
dou/dou_23565366_despacho_n_288_de_30_de_janeiro_de_2026.txt,ANEEL-REN-1084,cita,03/02/2026
dou/dou_23565366_despacho_n_288_de_30_de_janeiro_de_2026.txt,ANEEL-DESPACHO-288,cita,03/02/2026
dou/dou_23565773_despacho_n_251_de_28_de_janeiro_de_2026.txt,ANEEL-DESPACHO-251,cita,03/02/2026
dou/dou_23565774_despacho_n_279_de_28_de_janeiro_de_2026.txt,ANEEL-DESPACHO-3929,cita,03/02/2026
dou/dou_23565774_despacho_n_279_de_28_de_janeiro_de_2026.txt,ANEEL-DESPACHO-279,cita,03/02/2026
dou/dou_23566145_despacho_n_301_de_2_de_fevereiro_de_2026.txt,PORTARIA-6824,cita,03/02/2026
dou/dou_23566145_despacho_n_301_de_2_de_fevereiro_de_2026.txt,ANEEL-DESPACHO-301,cita,03/02/2026
dou/dou_23566146_despacho_n_253_de_30_de_janeiro_de_2026.txt,ANEEL-DESPACHO-253,cita,03/02/2026
dou/dou_23566147_despacho_n_260_de_29_de_janeiro_de_2026.txt,ANEEL-DESPACHO-260,cita,03/02/2026
dou/dou_23566208_despacho_n_281_de_30_de_janeiro_de_2026.txt,ANEEL-DESPACHO-281,cita,03/02/2026
dou/dou_23566945_alvar_n_862_de_2_de_fevereiro_de_2026.txt,LEI-227,cita,04/02/2026
dou/dou_23566946_alvar_n_863_de_2_de_fevereiro_de_2026.txt,LEI-227,cita,04/02/2026
dou/dou_23566947_alvar_n_864_de_2_de_fevereiro_de_2026.txt,LEI-227,cita,04/02/2026
dou/dou_23566954_alvar_n_866_de_2_de_fevereiro_de_2026.txt,LEI-227,cita,04/02/2026
dou/dou_23566988_alvar_n_865_de_2_de_fevereiro_de_2026.txt,LEI-227,cita,04/02/2026
dou/dou_23568421_despacho.txt,LEI-227,cita,04/02/2026
dou/dou_23570405_despacho_n_294_de_30_de_janeiro_de_2026.txt,PORTARIA-6823,cita,04/02/2026
dou/dou_23570405_despacho_n_294_de_30_de_janeiro_de_2026.txt,ANEEL-DESPACHO-294,cita,04/02/2026
dou/dou_23570406_despacho_n_297_de_30_de_janeiro_de_2026.txt,PORTARIA-6823,cita,04/02/2026
dou/dou_23570406_despacho_n_297_de_30_de_janeiro_de_2026.txt,ANEEL-DESPACHO-297,cita,04/02/2026
dou/dou_23570418_despacho_decis_rio_n_4_2026_sntep.txt,DECRETO-6144,cita,04/02/2026
dou/dou_23570418_despacho_decis_rio_n_4_2026_sntep.txt,PORTARIA-692,cita,04/02/2026
dou/dou_23570418_despacho_decis_rio_n_4_2026_sntep.txt,PORTARIA-318,cita,04/02/2026
dou/dou_23570419_portaria_sntep_mme_n_3_046_de_2_de_fevereiro_de_20.txt,DECRETO-6144,cita,04/02/2026
dou/dou_23570419_portaria_sntep_mme_n_3_046_de_2_de_fevereiro_de_20.txt,LEI-11488,cita,04/02/2026
dou/dou_23570419_portaria_sntep_mme_n_3_046_de_2_de_fevereiro_de_20.txt,PORTARIA-692,cita,04/02/2026
dou/dou_23570419_portaria_sntep_mme_n_3_046_de_2_de_fevereiro_de_20.txt,PORTARIA-318,cita,04/02/2026
dou/dou_23570420_portaria_sntep_mme_n_3_047_de_3_de_fevereiro_de_20.txt,DECRETO-5163,cita,04/02/2026
dou/dou_23570420_portaria_sntep_mme_n_3_047_de_3_de_fevereiro_de_20.txt,PORTARIA-298,cita,04/02/2026
dou/dou_23570770_portaria_n_7_051_de_2_de_fevereiro_de_2026.txt,PORTARIA-7051,cita,04/02/2026
dou/dou_23570770_portaria_n_7_051_de_2_de_fevereiro_de_2026.txt,PORTARIA-7031,cita,04/02/2026
dou/dou_23570770_portaria_n_7_051_de_2_de_fevereiro_de_2026.txt,PORTARIA-6980,cita,04/02/2026
dou/dou_23570770_portaria_n_7_051_de_2_de_fevereiro_de_2026.txt,LEI-8112,cita,04/02/2026
dou/dou_23570771_despacho_n_318_de_2_de_fevereiro_de_2026.txt,ANEEL-DESPACHO-318,cita,04/02/2026
dou/dou_23570772_despacho_n_319_de_2_de_fevereiro_de_2026.txt,ANEEL-DESPACHO-319,cita,04/02/2026
dou/dou_23570773_despacho_n_333_de_3_de_fevereiro_de_2026.txt,ANEEL-DESPACHO-333,cita,04/02/2026
dou/dou_23570774_despacho_n_335_de_3_de_fevereiro_de_2026.txt,ANEEL-DESPACHO-335,cita,04/02/2026
dou/dou_23570775_despacho_n_336_de_3_de_fevereiro_de_2026.txt,ANEEL-DESPACHO-336,cita,04/02/2026
dou/dou_23570776_despacho_n_3_378_de_14_de_novembro_de_2025.txt,ANEEL-DESPACHO-3378,cita,04/02/2026
dou/dou_23570777_despacho_n_3_889_de_23_de_dezembro_de_2025.txt,ANEEL-DESPACHO-3889,cita,04/02/2026
dou/dou_23570778_despacho_n_3_891_de_23_de_dezembro_de_2025.txt,ANEEL-DESPACHO-3891,cita,04/02/2026
dou/dou_23570779_despacho_n_170_de_26_de_janeiro_de_2026.txt,ANEEL-DESPACHO-170,cita,04/02/2026
dou/dou_23570780_despacho_n_188_de_23_de_janeiro_de_2026.txt,ANEEL-DESPACHO-188,cita,04/02/2026
dou/dou_23570781_despacho_n_258_de_29_de_janeiro_de_2026.txt,ANEEL-DESPACHO-258,cita,04/02/2026
dou/dou_23570782_despacho_n_293_de_30_de_janeiro_de_2026.txt,ANEEL-DESPACHO-293,cita,04/02/2026
dou/dou_23570783_despacho_n_296_de_30_de_janeiro_de_2026.txt,ANEEL-DESPACHO-296,cita,04/02/2026
dou/dou_23571327_despacho.txt,LEI-227,cita,05/02/2026
dou/dou_23571343_despacho.txt,LEI-13575,cita,05/02/2026
dou/dou_23571343_despacho.txt,LEI-227,cita,05/02/2026
dou/dou_23571364_despacho.txt,LEI-227,cita,05/02/2026
dou/dou_23574017_autoriza_o_sdl_anp_n_75_de_4_de_fevereiro_de_2026.txt,LEI-9478,cita,05/02/2026
dou/dou_23574018_autoriza_o_sdl_anp_n_76_de_4_de_fevereiro_de_2026.txt,LEI-9478,cita,05/02/2026
dou/dou_23574019_autoriza_o_sdl_anp_n_77_de_4_de_fevereiro_de_2026.txt,LEI-9478,cita,05/02/2026
dou/dou_23574020_autoriza_o_sdl_anp_n_78_de_4_de_fevereiro_de_2026.txt,LEI-9478,cita,05/02/2026
dou/dou_23574260_despacho_n_320_de_3_de_fevereiro_de_2026.txt,ANEEL-DESPACHO-320,cita,05/02/2026
dou/dou_23574260_despacho_n_320_de_3_de_fevereiro_de_2026.txt,PORTARIA-6836,cita,05/02/2026
dou/dou_23574261_despacho_n_349_de_4_de_fevereiro_de_2026.txt,ANEEL-DESPACHO-349,cita,05/02/2026
dou/dou_23574261_despacho_n_349_de_4_de_fevereiro_de_2026.txt,PORTARIA-6836,cita,05/02/2026
dou/dou_23574262_despacho_n_351_de_4_de_fevereiro_de_2026.txt,ANEEL-DESPACHO-351,cita,05/02/2026
dou/dou_23574262_despacho_n_351_de_4_de_fevereiro_de_2026.txt,PORTARIA-6836,cita,05/02/2026
dou/dou_23574263_despacho_n_352_de_4_de_fevereiro_de_2026.txt,PORTARIA-6836,cita,05/02/2026
dou/dou_23574263_despacho_n_352_de_4_de_fevereiro_de_2026.txt,ANEEL-DESPACHO-352,cita,05/02/2026
dou/dou_23574264_despacho_n_362_de_4_de_fevereiro_de_2026.txt,ANEEL-DESPACHO-362,cita,05/02/2026
dou/dou_23574264_despacho_n_362_de_4_de_fevereiro_de_2026.txt,PORTARIA-6836,cita,05/02/2026
dou/dou_23574265_despacho_n_321_de_3_de_fevereiro_de_2026.txt,ANEEL-DESPACHO-321,cita,05/02/2026
dou/dou_23574265_despacho_n_321_de_3_de_fevereiro_de_2026.txt,PORTARIA-6836,cita,05/02/2026
dou/dou_23574266_despacho_n_322_de_3_de_fevereiro_de_2026.txt,PORTARIA-6836,cita,05/02/2026
dou/dou_23574266_despacho_n_322_de_3_de_fevereiro_de_2026.txt,ANEEL-DESPACHO-322,cita,05/02/2026
dou/dou_23574267_despacho_n_323_de_3_de_fevereiro_de_2026.txt,ANEEL-DESPACHO-323,cita,05/02/2026
dou/dou_23574267_despacho_n_323_de_3_de_fevereiro_de_2026.txt,PORTARIA-6836,cita,05/02/2026
dou/dou_23574288_despacho_n_344_de_4_de_fevereiro_de_2026.txt,PORTARIA-6836,cita,05/02/2026
dou/dou_23574288_despacho_n_344_de_4_de_fevereiro_de_2026.txt,ANEEL-DESPACHO-344,cita,05/02/2026
dou/dou_23574289_despacho_n_345_de_4_de_fevereiro_de_2026.txt,ANEEL-DESPACHO-345,cita,05/02/2026
dou/dou_23574289_despacho_n_345_de_4_de_fevereiro_de_2026.txt,PORTARIA-6836,cita,05/02/2026
dou/dou_23574290_despacho_n_346_de_4_de_fevereiro_de_2026.txt,ANEEL-DESPACHO-346,cita,05/02/2026
dou/dou_23574290_despacho_n_346_de_4_de_fevereiro_de_2026.txt,PORTARIA-6836,cita,05/02/2026
dou/dou_23574291_despacho_n_347_de_4_de_fevereiro_de_2026.txt,PORTARIA-6836,cita,05/02/2026
dou/dou_23574291_despacho_n_347_de_4_de_fevereiro_de_2026.txt,ANEEL-DESPACHO-347,cita,05/02/2026
dou/dou_23574292_despacho_n_348_de_4_de_fevereiro_de_2026.txt,PORTARIA-6836,cita,05/02/2026
dou/dou_23574292_despacho_n_348_de_4_de_fevereiro_de_2026.txt,ANEEL-DESPACHO-348,cita,05/02/2026
dou/dou_23574681_despacho_n_228_de_27_de_janeiro_de_2026.txt,PORTARIA-4595,cita,05/02/2026
dou/dou_23574681_despacho_n_228_de_27_de_janeiro_de_2026.txt,ANEEL-REN-1133,cita,05/02/2026
dou/dou_23574681_despacho_n_228_de_27_de_janeiro_de_2026.txt,ANEEL-DESPACHO-228,cita,05/02/2026
dou/dou_23574682_despacho_n_332_de_3_de_fevereiro_de_2026.txt,ANEEL-DESPACHO-332,cita,05/02/2026
dou/dou_23574683_despacho_n_334_de_3_de_fevereiro_de_2026.txt,ANEEL-DESPACHO-334,cita,05/02/2026
dou/dou_23574684_despacho_n_341_de_3_de_fevereiro_de_2026.txt,ANEEL-DESPACHO-341,cita,05/02/2026
dou/dou_23574685_despacho_n_324_de_2_de_fevereiro_de_2026.txt,PORTARIA-160,cita,05/02/2026
dou/dou_23574685_despacho_n_324_de_2_de_fevereiro_de_2026.txt,ANEEL-DESPACHO-324,cita,05/02/2026
dou/dou_23574686_despacho_n_340_de_3_de_fevereiro_de_2026.txt,PORTARIA-4595,cita,05/02/2026
dou/dou_23574686_despacho_n_340_de_3_de_fevereiro_de_2026.txt,ANEEL-DESPACHO-340,cita,05/02/2026
dou/dou_23574687_despacho_n_372_de_3_de_fevereiro_de_2026.txt,PORTARIA-160,cita,05/02/2026
dou/dou_23574687_despacho_n_372_de_3_de_fevereiro_de_2026.txt,ANEEL-DESPACHO-372,cita,05/02/2026
dou/dou_23574728_despacho_n_373_de_3_de_fevereiro_de_2026.txt,PORTARIA-160,cita,05/02/2026
dou/dou_23574728_despacho_n_373_de_3_de_fevereiro_de_2026.txt,ANEEL-DESPACHO-1347,cita,05/02/2026
dou/dou_23574728_despacho_n_373_de_3_de_fevereiro_de_2026.txt,ANEEL-DESPACHO-3814,cita,05/02/2026
dou/dou_23574728_despacho_n_373_de_3_de_fevereiro_de_2026.txt,ANEEL-DESPACHO-3303,cita,05/02/2026
dou/dou_23574728_despacho_n_373_de_3_de_fevereiro_de_2026.txt,ANEEL-DESPACHO-373,cita,05/02/2026
dou/dou_23574729_despacho_n_374_de_3_de_fevereiro_de_2026.txt,PORTARIA-160,cita,05/02/2026
dou/dou_23574729_despacho_n_374_de_3_de_fevereiro_de_2026.txt,ANEEL-DESPACHO-374,cita,05/02/2026
dou/dou_23574730_despacho_n_57_de_12_de_janeiro_de_2026.txt,ANEEL-DESPACHO-57,cita,05/02/2026
dou/dou_23574731_despacho_n_291_de_30_de_janeiro_de_2026.txt,ANEEL-DESPACHO-291,cita,05/02/2026
dou/dou_23574732_despacho_n_325_de_2_de_fevereiro_de_2026.txt,ANEEL-DESPACHO-325,cita,05/02/2026
dou/dou_23577203_portaria_sntep_mme_n_3_055_de_4_de_fevereiro_de_20.txt,DECRETO-5163,cita,06/02/2026
dou/dou_23577207_portaria_sntep_mme_n_3_056_de_4_de_fevereiro_de_20.txt,DECRETO-5163,cita,06/02/2026
dou/dou_23577228_portaria_sntep_mme_n_3_054_de_4_de_fevereiro_de_20.txt,DECRETO-5163,cita,06/02/2026
dou/dou_23577252_portaria_sntep_mme_n_3_057_de_4_de_fevereiro_de_20.txt,DECRETO-5163,cita,06/02/2026
dou/dou_23577520_portaria_sntep_mme_n_3_048_de_3_de_fevereiro_de_20.txt,DECRETO-5163,cita,06/02/2026
dou/dou_23577521_portaria_sntep_mme_n_3_049_de_4_de_fevereiro_de_20.txt,DECRETO-6144,cita,06/02/2026
dou/dou_23577521_portaria_sntep_mme_n_3_049_de_4_de_fevereiro_de_20.txt,LEI-11488,cita,06/02/2026
dou/dou_23577521_portaria_sntep_mme_n_3_049_de_4_de_fevereiro_de_20.txt,PORTARIA-692,cita,06/02/2026
dou/dou_23577521_portaria_sntep_mme_n_3_049_de_4_de_fevereiro_de_20.txt,LEI-14300,cita,06/02/2026
dou/dou_23577522_portaria_sntep_mme_n_3_050_de_4_de_fevereiro_de_20.txt,DECRETO-5163,cita,06/02/2026
dou/dou_23577523_portaria_sntep_mme_n_3_051_de_4_de_fevereiro_de_20.txt,DECRETO-5163,cita,06/02/2026
dou/dou_23577524_portaria_sntep_mme_n_3_052_de_4_de_fevereiro_de_20.txt,DECRETO-5163,cita,06/02/2026
dou/dou_23577525_portaria_sntep_mme_n_3_053_de_4_de_fevereiro_de_20.txt,DECRETO-5163,cita,06/02/2026
dou/dou_23578369_autoriza_o_cpt_anp_n_79_de_5_de_fevereiro_de_2026.txt,PORTARIA-265,cita,06/02/2026
dou/dou_23578465_despacho_sim_anp_n_208_de_5_de_fevereiro_de_2026.txt,LEI-9478,cita,06/02/2026
dou/dou_23578466_despacho_sim_anp_n_209_de_5_de_fevereiro_de_2026.txt,LEI-9478,cita,06/02/2026
dou/dou_23578663_despacho_sep_anp_n_211_de_5_de_fevereiro_de_2026.txt,PORTARIA-265,cita,06/02/2026
dou/dou_23578664_despacho_sep_anp_n_212_de_5_de_fevereiro_de_2026.txt,PORTARIA-265,cita,06/02/2026
dou/dou_23578829_despacho_n_329_de_3_de_fevereiro_de_2026.txt,ANEEL-DESPACHO-329,cita,06/02/2026
dou/dou_23578830_despacho_n_342_de_3_de_fevereiro_de_2026.txt,ANEEL-DESPACHO-342,cita,06/02/2026
dou/dou_23578831_despacho_n_355_de_4_de_fevereiro_de_2026.txt,ANEEL-DESPACHO-355,cita,06/02/2026
dou/dou_23578832_despacho_n_356_de_4_de_fevereiro_de_2026.txt,ANEEL-DESPACHO-356,cita,06/02/2026
dou/dou_23578833_despacho_n_379_de_4_de_fevereiro_de_2026.txt,ANEEL-DESPACHO-379,cita,06/02/2026
dou/dou_23578834_despacho_n_361_de_4_de_fevereiro_de_2026.txt,ANEEL-DESPACHO-361,cita,06/02/2026
dou/dou_23579216_retifica_o.txt,ANEEL-DESPACHO-318,cita,06/02/2026
dou/dou_23579218_despacho_n_371_de_3_de_fevereiro_de_2026.txt,ANEEL-DESPACHO-371,cita,06/02/2026
dou/dou_23579218_despacho_n_371_de_3_de_fevereiro_de_2026.txt,PORTARIA-160,cita,06/02/2026
dou/dou_23579219_despacho_n_375_de_3_de_fevereiro_de_2026.txt,PORTARIA-160,cita,06/02/2026
dou/dou_23579219_despacho_n_375_de_3_de_fevereiro_de_2026.txt,ANEEL-DESPACHO-375,cita,06/02/2026
dou/dou_23579220_despacho_n_376_de_3_de_fevereiro_de_2026.txt,ANEEL-DESPACHO-376,cita,06/02/2026
dou/dou_23579220_despacho_n_376_de_3_de_fevereiro_de_2026.txt,ANEEL-DESPACHO-3113,cita,06/02/2026
dou/dou_23579220_despacho_n_376_de_3_de_fevereiro_de_2026.txt,PORTARIA-160,cita,06/02/2026
dou/dou_23579221_despacho_n_377_de_3_de_fevereiro_de_2026.txt,PORTARIA-160,cita,06/02/2026
dou/dou_23579221_despacho_n_377_de_3_de_fevereiro_de_2026.txt,ANEEL-DESPACHO-377,cita,06/02/2026
dou/dou_23579222_despacho_n_378_de_4_de_fevereiro_de_2026.txt,PORTARIA-4595,cita,06/02/2026
dou/dou_23579222_despacho_n_378_de_4_de_fevereiro_de_2026.txt,ANEEL-DESPACHO-378,cita,06/02/2026
dou/dou_23579222_despacho_n_378_de_4_de_fevereiro_de_2026.txt,ANEEL-DESPACHO-1539,cita,06/02/2026
dou/dou_23579228_despacho_n_327_de_2_de_fevereiro_de_2026.txt,PORTARIA-160,cita,06/02/2026
dou/dou_23579228_despacho_n_327_de_2_de_fevereiro_de_2026.txt,ANEEL-DESPACHO-327,cita,06/02/2026
dou/dou_23579230_despacho_n_363_de_3_de_fevereiro_de_2026.txt,PORTARIA-160,cita,06/02/2026
dou/dou_23579230_despacho_n_363_de_3_de_fevereiro_de_2026.txt,ANEEL-DESPACHO-363,cita,06/02/2026
dou/dou_23579231_despacho_n_364_de_3_de_fevereiro_de_2026.txt,ANEEL-DESPACHO-15,cita,06/02/2026
dou/dou_23579231_despacho_n_364_de_3_de_fevereiro_de_2026.txt,ANEEL-DESPACHO-364,cita,06/02/2026
dou/dou_23579231_despacho_n_364_de_3_de_fevereiro_de_2026.txt,PORTARIA-160,cita,06/02/2026
dou/dou_23579232_despacho_n_365_de_3_de_fevereiro_de_2026.txt,PORTARIA-160,cita,06/02/2026
dou/dou_23579232_despacho_n_365_de_3_de_fevereiro_de_2026.txt,ANEEL-DESPACHO-365,cita,06/02/2026
dou/dou_23579233_despacho_n_366_de_3_de_fevereiro_de_2026.txt,PORTARIA-160,cita,06/02/2026
dou/dou_23579233_despacho_n_366_de_3_de_fevereiro_de_2026.txt,ANEEL-DESPACHO-366,cita,06/02/2026
dou/dou_23579234_despacho_n_368_de_3_de_fevereiro_de_2026.txt,PORTARIA-160,cita,06/02/2026
dou/dou_23579234_despacho_n_368_de_3_de_fevereiro_de_2026.txt,ANEEL-DESPACHO-368,cita,06/02/2026
dou/dou_23579234_despacho_n_368_de_3_de_fevereiro_de_2026.txt,ANEEL-DESPACHO-3463,cita,06/02/2026
dou/dou_23579235_despacho_n_369_de_3_de_fevereiro_de_2026.txt,ANEEL-DESPACHO-369,cita,06/02/2026
dou/dou_23579235_despacho_n_369_de_3_de_fevereiro_de_2026.txt,PORTARIA-160,cita,06/02/2026
dou/dou_23579235_despacho_n_369_de_3_de_fevereiro_de_2026.txt,ANEEL-REH-3554,cita,06/02/2026
dou/dou_23579236_despacho_n_370_de_3_de_fevereiro_de_2026.txt,ANEEL-DESPACHO-370,cita,06/02/2026
dou/dou_23579236_despacho_n_370_de_3_de_fevereiro_de_2026.txt,PORTARIA-160,cita,06/02/2026
dou/dou_23580321_despacho_n_337_de_3_de_fevereiro_de_2026.txt,ANEEL-DESPACHO-337,cita,09/02/2026
dou/dou_23580321_despacho_n_337_de_3_de_fevereiro_de_2026.txt,PORTARIA-6826,cita,09/02/2026
dou/dou_23580321_despacho_n_337_de_3_de_fevereiro_de_2026.txt,LEI-9427,cita,09/02/2026
dou/dou_23580322_despacho_n_339_de_3_de_fevereiro_de_2026.txt,ANEEL-DESPACHO-339,cita,09/02/2026
dou/dou_23580322_despacho_n_339_de_3_de_fevereiro_de_2026.txt,PORTARIA-6826,cita,09/02/2026
dou/dou_23580322_despacho_n_339_de_3_de_fevereiro_de_2026.txt,LEI-9427,cita,09/02/2026
dou/dou_23580323_despacho_n_391_de_5_de_fevereiro_de_2026.txt,PORTARIA-6824,cita,09/02/2026
dou/dou_23580323_despacho_n_391_de_5_de_fevereiro_de_2026.txt,ANEEL-DESPACHO-391,cita,09/02/2026
dou/dou_23580324_despacho_n_393_de_5_de_fevereiro_de_2026.txt,ANEEL-DESPACHO-393,cita,09/02/2026
dou/dou_23580324_despacho_n_393_de_5_de_fevereiro_de_2026.txt,PORTARIA-6824,cita,09/02/2026
dou/dou_23580441_autoriza_o_sim_anp_n_80_de_6_de_fevereiro_de_2026.txt,LEI-14134,cita,09/02/2026
dou/dou_23580442_despacho_sim_anp_n_213_de_6_de_fevereiro_de_2026.txt,LEI-9478,cita,09/02/2026
dou/dou_23580958_despacho.txt,LEI-227,cita,09/02/2026
dou/dou_23580974_despacho.txt,LEI-13575,cita,09/02/2026
dou/dou_23580974_despacho.txt,LEI-227,cita,09/02/2026
dou/dou_23580977_despacho.txt,LEI-227,cita,09/02/2026
dou/dou_23582857_portaria_anp_n_349_de_6_de_fevereiro_de_2026.txt,LEI-9986,cita,09/02/2026
dou/dou_23582857_portaria_anp_n_349_de_6_de_fevereiro_de_2026.txt,DECRETO-2455,cita,09/02/2026
dou/dou_23582880_retifica_o.txt,ANEEL-DESPACHO-291,cita,09/02/2026
dou/dou_23582881_despacho_n_388_de_5_de_fevereiro_de_2026.txt,ANEEL-REH-3565,cita,09/02/2026
dou/dou_23582881_despacho_n_388_de_5_de_fevereiro_de_2026.txt,ANEEL-DESPACHO-388,cita,09/02/2026
dou/dou_23582882_despacho_n_390_de_5_de_fevereiro_de_2026.txt,ANEEL-DESPACHO-390,cita,09/02/2026
dou/dou_23582882_despacho_n_390_de_5_de_fevereiro_de_2026.txt,PORTARIA-6836,cita,09/02/2026
dou/dou_23582883_despacho_n_392_de_5_de_fevereiro_de_2026.txt,ANEEL-DESPACHO-392,cita,09/02/2026
dou/dou_23582883_despacho_n_392_de_5_de_fevereiro_de_2026.txt,PORTARIA-6836,cita,09/02/2026
dou/dou_23582884_despacho_n_413_de_6_de_fevereiro_de_2026.txt,ANEEL-DESPACHO-413,cita,09/02/2026
dou/dou_23582886_despacho_n_353_de_3_de_fevereiro_de_2026.txt,ANEEL-DESPACHO-353,cita,09/02/2026
dou/dou_23582887_despacho_n_380_de_4_de_fevereiro_de_2026.txt,ANEEL-DESPACHO-380,cita,09/02/2026
dou/dou_23583522_alvar_n_917_de_5_de_fevereiro_de_2026.txt,LEI-227,cita,10/02/2026
dou/dou_23583523_alvar_n_919_de_6_de_fevereiro_de_2026.txt,LEI-227,cita,10/02/2026
dou/dou_23583524_alvar_n_920_de_6_de_fevereiro_de_2026.txt,LEI-227,cita,10/02/2026
dou/dou_23583560_alvar_n_918_de_6_de_fevereiro_de_2026.txt,LEI-227,cita,10/02/2026
dou/dou_23583561_alvar_n_954_de_7_de_fevereiro_de_2026.txt,LEI-227,cita,10/02/2026
dou/dou_23583597_alvar_n_955_de_7_de_fevereiro_de_2026.txt,LEI-227,cita,10/02/2026
dou/dou_23584142_autoriza_o_sdl_anp_n_81_de_9_de_fevereiro_de_2026.txt,LEI-9478,cita,10/02/2026
dou/dou_23584143_despacho_sdl_anp_n_223_de_9_de_fevereiro_de_2026.txt,LEI-9478,cita,10/02/2026
dou/dou_23584144_despacho_sdl_anp_n_224_de_9_de_fevereiro_de_2026.txt,LEI-9478,cita,10/02/2026
dou/dou_23584146_despacho_sdl_anp_n_226_de_9_de_fevereiro_de_2026.txt,LEI-9478,cita,10/02/2026
dou/dou_23584147_despacho_sdl_anp_n_227_de_9_de_fevereiro_de_2026.txt,LEI-9478,cita,10/02/2026
dou/dou_23584815_despacho.txt,LEI-227,cita,10/02/2026
dou/dou_23584835_despacho.txt,LEI-227,cita,10/02/2026
dou/dou_23584836_despacho.txt,LEI-227,cita,10/02/2026
dou/dou_23584840_despacho.txt,LEI-227,cita,10/02/2026
dou/dou_23584843_despacho.txt,LEI-227,cita,10/02/2026
dou/dou_23584869_despacho.txt,LEI-227,cita,10/02/2026
dou/dou_23584908_resolu_o_anp_n_993_de_9_de_fevereiro_de_2026.txt,LEI-3365,cita,10/02/2026
dou/dou_23584908_resolu_o_anp_n_993_de_9_de_fevereiro_de_2026.txt,LEI-14134,cita,10/02/2026
dou/dou_23584908_resolu_o_anp_n_993_de_9_de_fevereiro_de_2026.txt,LEI-9478,cita,10/02/2026
dou/dou_23584908_resolu_o_anp_n_993_de_9_de_fevereiro_de_2026.txt,LEI-1075,cita,10/02/2026
dou/dou_23586158_despacho_n_382_de_4_de_fevereiro_de_2026.txt,ANEEL-DESPACHO-382,cita,10/02/2026
dou/dou_23586159_despacho_n_396_de_5_de_fevereiro_de_2026.txt,ANEEL-DESPACHO-396,cita,10/02/2026
dou/dou_23586160_despacho_n_406_de_6_de_fevereiro_de_2026.txt,ANEEL-DESPACHO-406,cita,10/02/2026
dou/dou_23586161_despacho_n_407_de_6_de_fevereiro_de_2026.txt,ANEEL-DESPACHO-407,cita,10/02/2026
dou/dou_23586162_despacho_n_410_de_6_de_fevereiro_de_2026.txt,ANEEL-DESPACHO-410,cita,10/02/2026
dou/dou_23586652_despacho_n_172_de_22_de_janeiro_de_2026.txt,PORTARIA-4595,cita,10/02/2026
dou/dou_23586652_despacho_n_172_de_22_de_janeiro_de_2026.txt,ANEEL-REN-1133,cita,10/02/2026
dou/dou_23586652_despacho_n_172_de_22_de_janeiro_de_2026.txt,ANEEL-DESPACHO-172,cita,10/02/2026
dou/dou_23586653_despacho_n_156_de_21_de_janeiro_de_2026.txt,ANEEL-DESPACHO-156,cita,10/02/2026
dou/dou_23586654_despacho_n_160_de_21_de_janeiro_de_2026.txt,ANEEL-DESPACHO-160,cita,10/02/2026
dou/dou_23586655_despacho_n_394_de_5_de_fevereiro_de_2026.txt,ANEEL-DESPACHO-394,cita,10/02/2026
dou/dou_23586656_despacho_n_405_de_6_de_fevereiro_de_2026.txt,ANEEL-DESPACHO-405,cita,10/02/2026
dou/dou_23586657_despacho_n_408_de_6_de_fevereiro_de_2026.txt,ANEEL-DESPACHO-408,cita,10/02/2026
dou/dou_23586658_despacho_n_409_de_6_de_fevereiro_de_2026.txt,ANEEL-DESPACHO-409,cita,10/02/2026
dou/dou_23586659_despacho_n_411_de_6_de_fevereiro_de_2026.txt,ANEEL-DESPACHO-411,cita,10/02/2026
dou/dou_23586660_despacho_n_412_de_6_de_fevereiro_de_2026.txt,ANEEL-DESPACHO-412,cita,10/02/2026
dou/dou_23586661_despacho_n_419_de_9_de_fevereiro_de_2026.txt,ANEEL-DESPACHO-419,cita,10/02/2026
dou/dou_23586662_despacho_n_421_de_9_de_fevereiro_de_2026.txt,ANEEL-DESPACHO-421,cita,10/02/2026
dou/dou_23586663_despacho_n_385_de_5_de_fevereiro_de_2026.txt,PORTARIA-4595,cita,10/02/2026
dou/dou_23586663_despacho_n_385_de_5_de_fevereiro_de_2026.txt,ANEEL-DESPACHO-385,cita,10/02/2026
dou/dou_23586664_despacho_n_424_de_9_de_fevereiro_de_2026.txt,ANEEL-DESPACHO-424,cita,10/02/2026
dou/dou_23586665_despacho_n_428_de_9_de_fevereiro_de_2026.txt,ANEEL-DESPACHO-428,cita,10/02/2026
dou/dou_23586666_despacho_n_431_de_9_de_fevereiro_de_2026.txt,ANEEL-DESPACHO-431,cita,10/02/2026
dou/dou_23586667_despacho_n_414_de_6_de_fevereiro_de_2026.txt,ANEEL-DESPACHO-414,cita,10/02/2026
dou/dou_23586667_despacho_n_414_de_6_de_fevereiro_de_2026.txt,ANEEL-REN-1093,cita,10/02/2026
dou/dou_23586667_despacho_n_414_de_6_de_fevereiro_de_2026.txt,PORTARIA-6824,cita,10/02/2026
dou/dou_23586668_despacho_n_3_547_de_1_de_dezembro_de_2025.txt,ANEEL-DESPACHO-3547,cita,10/02/2026
dou/dou_23586669_despacho_n_3_798_de_18_de_dezembro_de_2025.txt,ANEEL-DESPACHO-3798,cita,10/02/2026
dou/dou_23586670_despacho_n_84_de_21_de_janeiro_de_2026.txt,ANEEL-DESPACHO-84,cita,10/02/2026
dou/dou_23586671_despacho_n_106_de_19_de_janeiro_de_2026.txt,ANEEL-DESPACHO-106,cita,10/02/2026
dou/dou_23586672_despacho_n_113_de_19_de_janeiro_de_2026.txt,ANEEL-DESPACHO-113,cita,10/02/2026
dou/dou_23586673_despacho_n_114_de_19_de_janeiro_de_2026.txt,ANEEL-DESPACHO-114,cita,10/02/2026
dou/dou_23586903_portaria_snpgb_mme_n_208_de_2_de_fevereiro_de_2026.txt,PORTARIA-681,cita,10/02/2026
dou/dou_23586903_portaria_snpgb_mme_n_208_de_2_de_fevereiro_de_2026.txt,DECRETO-6144,cita,10/02/2026
dou/dou_23586903_portaria_snpgb_mme_n_208_de_2_de_fevereiro_de_2026.txt,LEI-11488,cita,10/02/2026
dou/dou_23588102_autoriza_o_sdl_anp_n_82_de_10_de_fevereiro_de_2026.txt,LEI-9478,cita,11/02/2026
dou/dou_23588575_despacho.txt,LEI-13575,cita,11/02/2026
dou/dou_23588575_despacho.txt,LEI-227,cita,11/02/2026
dou/dou_23588588_despacho.txt,LEI-227,cita,11/02/2026
dou/dou_23588611_despacho.txt,LEI-227,cita,11/02/2026
dou/dou_23590454_despacho_n_115_de_27_de_janeiro_de_2026.txt,ANEEL-DESPACHO-115,cita,11/02/2026
dou/dou_23590455_despacho_n_308_de_2_de_fevereiro_de_2026.txt,ANEEL-DESPACHO-308,cita,11/02/2026
dou/dou_23590456_despacho_n_309_de_2_de_fevereiro_de_2026.txt,ANEEL-DESPACHO-309,cita,11/02/2026
dou/dou_23590457_despacho_n_282_de_30_de_janeiro_de_2026.txt,ANEEL-DESPACHO-282,cita,11/02/2026
dou/dou_23590458_despacho_n_283_de_30_de_janeiro_de_2026.txt,ANEEL-DESPACHO-283,cita,11/02/2026
dou/dou_23590459_despacho_n_284_de_30_de_janeiro_de_2026.txt,ANEEL-DESPACHO-284,cita,11/02/2026
dou/dou_23590460_despacho_n_286_de_30_de_janeiro_de_2026.txt,ANEEL-DESPACHO-286,cita,11/02/2026
dou/dou_23590461_despacho_n_303_de_2_de_fevereiro_de_2026.txt,ANEEL-DESPACHO-303,cita,11/02/2026
dou/dou_23590462_despacho_n_304_de_2_de_fevereiro_de_2026.txt,ANEEL-DESPACHO-304,cita,11/02/2026
dou/dou_23590463_despacho_n_306_de_2_de_fevereiro_de_2026.txt,ANEEL-DESPACHO-306,cita,11/02/2026
dou/dou_23590465_despacho_n_307_de_2_de_fevereiro_de_2026.txt,ANEEL-DESPACHO-307,cita,11/02/2026
dou/dou_23590580_despacho_n_20_756_gepem_anm_2026.txt,ANEEL-DESPACHO-20756,cita,11/02/2026
dou/dou_23590598_despacho_n_436_de_9_de_fevereiro_de_2026.txt,ANEEL-REN-1029,cita,11/02/2026
dou/dou_23590598_despacho_n_436_de_9_de_fevereiro_de_2026.txt,PORTARIA-6836,cita,11/02/2026
dou/dou_23590598_despacho_n_436_de_9_de_fevereiro_de_2026.txt,ANEEL-DESPACHO-436,cita,11/02/2026
dou/dou_23590599_despacho_n_426_de_9_de_fevereiro_de_2026.txt,ANEEL-DESPACHO-426,cita,11/02/2026
dou/dou_23590599_despacho_n_426_de_9_de_fevereiro_de_2026.txt,ANEEL-DESPACHO-3352,cita,11/02/2026
dou/dou_23590601_despacho_n_298_de_30_de_janeiro_de_2026.txt,ANEEL-DESPACHO-298,cita,11/02/2026
dou/dou_23590602_despacho_n_299_de_30_de_janeiro_de_2026.txt,ANEEL-DESPACHO-299,cita,11/02/2026
dou/dou_23590603_despacho_n_311_de_2_de_fevereiro_de_2026.txt,ANEEL-DESPACHO-311,cita,11/02/2026
dou/dou_23590604_despacho_n_312_de_2_de_fevereiro_de_2026.txt,ANEEL-DESPACHO-312,cita,11/02/2026
dou/dou_23590605_despacho_n_313_de_2_de_fevereiro_de_2026.txt,ANEEL-DESPACHO-313,cita,11/02/2026
dou/dou_23590606_despacho_n_314_de_2_de_fevereiro_de_2026.txt,ANEEL-DESPACHO-314,cita,11/02/2026
dou/dou_23590607_despacho_n_315_de_2_de_fevereiro_de_2026.txt,ANEEL-DESPACHO-315,cita,11/02/2026
dou/dou_23590608_despacho_n_383_de_4_de_fevereiro_de_2026.txt,ANEEL-DESPACHO-383,cita,11/02/2026
dou/dou_23590609_despacho_n_397_de_5_de_fevereiro_de_2026.txt,ANEEL-DESPACHO-397,cita,11/02/2026
dou/dou_23590610_despacho_n_437_de_9_de_fevereiro_de_2026.txt,ANEEL-REN-1029,cita,11/02/2026
dou/dou_23590610_despacho_n_437_de_9_de_fevereiro_de_2026.txt,PORTARIA-6836,cita,11/02/2026
dou/dou_23590610_despacho_n_437_de_9_de_fevereiro_de_2026.txt,ANEEL-DESPACHO-437,cita,11/02/2026
dou/dou_23590611_despacho_n_402_de_6_de_fevereiro_de_2026.txt,ANEEL-DESPACHO-402,cita,11/02/2026
dou/dou_23590612_despacho_n_420_de_9_de_fevereiro_de_2026.txt,ANEEL-DESPACHO-420,cita,11/02/2026
dou/dou_23590613_despacho_n_425_de_9_de_fevereiro_de_2026.txt,ANEEL-DESPACHO-425,cita,11/02/2026
dou/dou_23590614_despacho_n_427_de_9_de_fevereiro_de_2026.txt,ANEEL-DESPACHO-64,cita,11/02/2026
dou/dou_23590614_despacho_n_427_de_9_de_fevereiro_de_2026.txt,ANEEL-DESPACHO-427,cita,11/02/2026
dou/dou_23590615_despacho_n_438_de_9_de_fevereiro_de_2026.txt,ANEEL-REN-1029,cita,11/02/2026
dou/dou_23590615_despacho_n_438_de_9_de_fevereiro_de_2026.txt,PORTARIA-6836,cita,11/02/2026
dou/dou_23590615_despacho_n_438_de_9_de_fevereiro_de_2026.txt,ANEEL-DESPACHO-438,cita,11/02/2026
dou/dou_23590616_despacho_n_439_de_9_de_fevereiro_de_2026.txt,PORTARIA-6836,cita,11/02/2026
dou/dou_23590616_despacho_n_439_de_9_de_fevereiro_de_2026.txt,ANEEL-DESPACHO-439,cita,11/02/2026
dou/dou_23590617_despacho_n_440_de_9_de_fevereiro_de_2026.txt,ANEEL-DESPACHO-440,cita,11/02/2026
dou/dou_23590617_despacho_n_440_de_9_de_fevereiro_de_2026.txt,ANEEL-REN-1029,cita,11/02/2026
dou/dou_23590617_despacho_n_440_de_9_de_fevereiro_de_2026.txt,PORTARIA-6836,cita,11/02/2026
dou/dou_23590618_despacho_n_441_de_9_de_fevereiro_de_2026.txt,PORTARIA-6836,cita,11/02/2026
dou/dou_23590618_despacho_n_441_de_9_de_fevereiro_de_2026.txt,ANEEL-REN-1029,cita,11/02/2026
dou/dou_23590618_despacho_n_441_de_9_de_fevereiro_de_2026.txt,ANEEL-DESPACHO-441,cita,11/02/2026
dou/dou_23590619_despacho_n_442_de_9_de_fevereiro_de_2026.txt,ANEEL-DESPACHO-442,cita,11/02/2026
dou/dou_23590619_despacho_n_442_de_9_de_fevereiro_de_2026.txt,PORTARIA-6836,cita,11/02/2026
dou/dou_23590620_despacho_n_443_de_9_de_fevereiro_de_2026.txt,ANEEL-DESPACHO-443,cita,11/02/2026
dou/dou_23590620_despacho_n_443_de_9_de_fevereiro_de_2026.txt,ANEEL-REN-1029,cita,11/02/2026
dou/dou_23590620_despacho_n_443_de_9_de_fevereiro_de_2026.txt,PORTARIA-6836,cita,11/02/2026
dou/dou_23590621_despacho_n_444_de_9_de_fevereiro_de_2026.txt,ANEEL-DESPACHO-444,cita,11/02/2026
dou/dou_23590621_despacho_n_444_de_9_de_fevereiro_de_2026.txt,PORTARIA-6836,cita,11/02/2026
dou/dou_23590977_alvar_n_995_de_10_de_fevereiro_de_2026.txt,LEI-227,cita,12/02/2026
dou/dou_23590978_alvar_n_996_de_10_de_fevereiro_de_2026.txt,LEI-227,cita,12/02/2026
dou/dou_23590979_alvar_n_997_de_10_de_fevereiro_de_2026.txt,LEI-227,cita,12/02/2026
dou/dou_23590980_alvar_n_999_de_10_de_fevereiro_de_2026.txt,LEI-227,cita,12/02/2026
dou/dou_23590994_alvar_n_998_de_10_de_fevereiro_de_2026.txt,LEI-227,cita,12/02/2026
dou/dou_23591173_alvar_n_1_002_de_10_de_fevereiro_de_2026.txt,LEI-227,cita,12/02/2026
dou/dou_23591174_alvar_n_1_004_de_10_de_fevereiro_de_2026.txt,LEI-227,cita,12/02/2026
dou/dou_23591218_alvar_n_1_000_de_10_de_fevereiro_de_2026.txt,LEI-227,cita,12/02/2026
dou/dou_23591219_alvar_n_1_001_de_10_de_fevereiro_de_2026.txt,LEI-227,cita,12/02/2026
dou/dou_23591220_alvar_n_1_003_de_10_de_fevereiro_de_2026.txt,LEI-227,cita,12/02/2026
dou/dou_23591522_alvar_n_1_009_de_10_de_fevereiro_de_2026.txt,LEI-227,cita,12/02/2026
dou/dou_23591529_alvar_n_1_005_de_10_de_fevereiro_de_2026.txt,LEI-227,cita,12/02/2026
dou/dou_23591530_alvar_n_1_006_de_10_de_fevereiro_de_2026.txt,LEI-227,cita,12/02/2026
dou/dou_23591531_alvar_n_1_007_de_10_de_fevereiro_de_2026.txt,LEI-227,cita,12/02/2026
dou/dou_23591532_alvar_n_1_008_de_10_de_fevereiro_de_2026.txt,LEI-227,cita,12/02/2026
dou/dou_23592300_alvar_n_1_010_de_10_de_fevereiro_de_2026.txt,LEI-227,cita,12/02/2026
dou/dou_23592301_alvar_n_1_011_de_10_de_fevereiro_de_2026.txt,LEI-227,cita,12/02/2026
dou/dou_23592787_autoriza_o_spc_anp_n_83_de_11_de_fevereiro_de_2026.txt,LEI-9478,cita,12/02/2026
dou/dou_23592808_autoriza_o_spc_anp_n_84_de_11_de_fevereiro_de_2026.txt,LEI-9478,cita,12/02/2026
dou/dou_23593654_portaria_mme_n_895_de_11_de_fevereiro_de_2026.txt,LEI-8987,cita,12/02/2026
dou/dou_23593654_portaria_mme_n_895_de_11_de_fevereiro_de_2026.txt,LEI-9427,cita,12/02/2026
dou/dou_23593826_portaria_sntep_mme_n_3_058_de_6_de_fevereiro_de_20.txt,DECRETO-5163,cita,12/02/2026
dou/dou_23593827_portaria_sntep_mme_n_3_059_de_6_de_fevereiro_de_20.txt,DECRETO-5163,cita,12/02/2026
dou/dou_23594146_portaria_sntep_mme_n_3_061_de_11_de_fevereiro_de_2.txt,DECRETO-12002,cita,12/02/2026
dou/dou_23594146_portaria_sntep_mme_n_3_061_de_11_de_fevereiro_de_2.txt,PORTARIA-692,cita,12/02/2026
dou/dou_23594146_portaria_sntep_mme_n_3_061_de_11_de_fevereiro_de_2.txt,PORTARIA-6,cita,12/02/2026
dou/dou_23594146_portaria_sntep_mme_n_3_061_de_11_de_fevereiro_de_2.txt,DECRETO-11492,cita,12/02/2026
dou/dou_23594200_portaria_sntep_mme_n_3_060_de_11_de_fevereiro_de_2.txt,PORTARIA-692,cita,12/02/2026
dou/dou_23594200_portaria_sntep_mme_n_3_060_de_11_de_fevereiro_de_2.txt,DECRETO-11492,cita,12/02/2026
dou/dou_23594265_despacho.txt,LEI-227,cita,12/02/2026
dou/dou_23594290_despacho.txt,LEI-227,cita,12/02/2026
dou/dou_23594771_retifica_o.txt,ANEEL-DESPACHO-428,cita,12/02/2026
dou/dou_23594772_despacho_n_432_de_9_de_fevereiro_de_2026.txt,PORTARIA-4595,cita,12/02/2026
dou/dou_23594772_despacho_n_432_de_9_de_fevereiro_de_2026.txt,ANEEL-DESPACHO-432,cita,12/02/2026
dou/dou_23594773_portaria_n_7_053_de_9_de_fevereiro_de_2026.txt,PORTARIA-7053,cita,12/02/2026
dou/dou_23594773_portaria_n_7_053_de_9_de_fevereiro_de_2026.txt,PORTARIA-6857,cita,12/02/2026
dou/dou_23594775_despacho_n_434_de_9_de_fevereiro_de_2026.txt,ANEEL-DESPACHO-434,cita,12/02/2026
dou/dou_23594776_despacho_n_446_de_9_de_fevereiro_de_2026.txt,ANEEL-DESPACHO-446,cita,12/02/2026
dou/dou_23594777_despacho_n_458_de_10_de_fevereiro_de_2026.txt,ANEEL-DESPACHO-458,cita,12/02/2026
dou/dou_23597921_autoriza_o_cpt_anp_n_85_de_12_de_fevereiro_de_2026.txt,PORTARIA-265,cita,13/02/2026
dou/dou_23598074_despacho.txt,LEI-227,cita,13/02/2026
dou/dou_23598103_despacho_n_472_de_10_de_fevereiro_de_2026.txt,ANEEL-DESPACHO-472,cita,13/02/2026
dou/dou_23598103_despacho_n_472_de_10_de_fevereiro_de_2026.txt,ANEEL-DESPACHO-2704,cita,13/02/2026
dou/dou_23598104_despacho_n_474_de_10_de_fevereiro_de_2026.txt,ANEEL-DESPACHO-474,cita,13/02/2026
dou/dou_23598105_despacho_n_475_de_10_de_fevereiro_de_2026.txt,ANEEL-REH-3481,cita,13/02/2026
dou/dou_23598105_despacho_n_475_de_10_de_fevereiro_de_2026.txt,ANEEL-DESPACHO-475,cita,13/02/2026
dou/dou_23598106_despacho_n_476_de_10_de_fevereiro_de_2026.txt,ANEEL-DESPACHO-476,cita,13/02/2026
dou/dou_23598235_despacho_n_463_de_10_de_fevereiro_de_2026.txt,ANEEL-DESPACHO-463,cita,13/02/2026
dou/dou_23598235_despacho_n_463_de_10_de_fevereiro_de_2026.txt,ANEEL-DESPACHO-1914,cita,13/02/2026
dou/dou_23598236_despacho_n_465_de_10_de_fevereiro_de_2026.txt,ANEEL-DESPACHO-2452,cita,13/02/2026
dou/dou_23598236_despacho_n_465_de_10_de_fevereiro_de_2026.txt,ANEEL-DESPACHO-465,cita,13/02/2026
dou/dou_23598237_despacho_n_466_de_10_de_fevereiro_de_2026.txt,ANEEL-DESPACHO-466,cita,13/02/2026
dou/dou_23598237_despacho_n_466_de_10_de_fevereiro_de_2026.txt,ANEEL-DESPACHO-1141,cita,13/02/2026
dou/dou_23598238_despacho_n_530_de_12_de_fevereiro_de_2026.txt,ANEEL-DESPACHO-530,cita,13/02/2026
dou/dou_23598238_despacho_n_530_de_12_de_fevereiro_de_2026.txt,ONS-SUBMODULO-11.1,cita,13/02/2026
dou/dou_23598238_despacho_n_530_de_12_de_fevereiro_de_2026.txt,LEI-10848,cita,13/02/2026
dou/dou_23598238_despacho_n_530_de_12_de_fevereiro_de_2026.txt,DECRETO-5163,cita,13/02/2026
dou/dou_23598238_despacho_n_530_de_12_de_fevereiro_de_2026.txt,ANEEL-REN-1009,cita,13/02/2026
dou/dou_23598239_despacho_n_246_de_28_de_janeiro_de_2026.txt,ANEEL-DESPACHO-246,cita,13/02/2026
dou/dou_23598240_despacho_n_484_de_11_de_fevereiro_de_2026.txt,ANEEL-DESPACHO-484,cita,13/02/2026
dou/dou_23598241_despacho_n_491_de_11_de_fevereiro_de_2026.txt,ANEEL-DESPACHO-491,cita,13/02/2026
dou/dou_23598273_despacho.txt,LEI-9430,cita,13/02/2026
dou/dou_23598273_despacho.txt,LEI-9993,cita,13/02/2026
dou/dou_23598273_despacho.txt,LEI-13575,cita,13/02/2026
dou/dou_23598419_resolu_o_n_7_de_9_de_fevereiro_de_2026.txt,DECRETO-11142,cita,13/02/2026
dou/dou_23598419_resolu_o_n_7_de_9_de_fevereiro_de_2026.txt,LEI-14222,cita,13/02/2026
dou/dou_23598420_resolu_o_n_8_de_9_de_fevereiro_de_2026.txt,DECRETO-11142,cita,13/02/2026
dou/dou_23598420_resolu_o_n_8_de_9_de_fevereiro_de_2026.txt,LEI-14222,cita,13/02/2026
dou/dou_23598421_resolu_o_n_9_de_9_de_fevereiro_de_2026.txt,DECRETO-11142,cita,13/02/2026
dou/dou_23598421_resolu_o_n_9_de_9_de_fevereiro_de_2026.txt,LEI-14222,cita,13/02/2026
dou/dou_23598422_resolu_o_n_10_de_9_de_fevereiro_de_2026.txt,DECRETO-11142,cita,13/02/2026
dou/dou_23598422_resolu_o_n_10_de_9_de_fevereiro_de_2026.txt,LEI-14222,cita,13/02/2026
dou/dou_23599040_despacho_sdl_anp_n_255_de_12_de_fevereiro_de_2026.txt,LEI-9478,cita,13/02/2026
dou/dou_23599070_despacho_n_354_de_12_de_fevereiro_de_2026.txt,PORTARIA-6823,cita,13/02/2026
dou/dou_23599070_despacho_n_354_de_12_de_fevereiro_de_2026.txt,ANEEL-DESPACHO-354,cita,13/02/2026
dou/dou_23599071_despacho_n_479_de_10_de_fevereiro_de_2026.txt,PORTARIA-6823,cita,13/02/2026
dou/dou_23599071_despacho_n_479_de_10_de_fevereiro_de_2026.txt,ANEEL-DESPACHO-479,cita,13/02/2026
dou/dou_23599072_despacho_n_525_de_11_de_fevereiro_de_2026.txt,ANEEL-DESPACHO-525,cita,13/02/2026
dou/dou_23599073_despacho_n_535_de_12_de_fevereiro_de_2026.txt,ANEEL-REN-1029,cita,13/02/2026
dou/dou_23599073_despacho_n_535_de_12_de_fevereiro_de_2026.txt,ANEEL-DESPACHO-535,cita,13/02/2026
dou/dou_23599073_despacho_n_535_de_12_de_fevereiro_de_2026.txt,PORTARIA-6836,cita,13/02/2026
dou/dou_23599074_despacho_n_536_de_12_de_fevereiro_de_2026.txt,PORTARIA-6836,cita,13/02/2026
dou/dou_23599074_despacho_n_536_de_12_de_fevereiro_de_2026.txt,ANEEL-DESPACHO-536,cita,13/02/2026
dou/dou_23599075_despacho_n_537_de_12_de_fevereiro_de_2026.txt,ANEEL-DESPACHO-537,cita,13/02/2026
dou/dou_23599075_despacho_n_537_de_12_de_fevereiro_de_2026.txt,PORTARIA-6836,cita,13/02/2026
dou/dou_23599076_despacho_n_538_de_12_de_fevereiro_de_2026.txt,ANEEL-DESPACHO-538,cita,13/02/2026
dou/dou_23599076_despacho_n_538_de_12_de_fevereiro_de_2026.txt,PORTARIA-6836,cita,13/02/2026
dou/dou_23599077_despacho_n_539_de_12_de_fevereiro_de_2026.txt,PORTARIA-6836,cita,13/02/2026
dou/dou_23599077_despacho_n_539_de_12_de_fevereiro_de_2026.txt,ANEEL-DESPACHO-539,cita,13/02/2026
dou/dou_23599600_resolu_o_cgiee_n_1_de_6_de_fevereiro_de_2026.txt,DECRETO-9864,cita,18/02/2026
dou/dou_23599600_resolu_o_cgiee_n_1_de_6_de_fevereiro_de_2026.txt,LEI-10295,cita,18/02/2026
dou/dou_23599604_autoriza_o_sdl_anp_n_86_de_13_de_fevereiro_de_2026.txt,LEI-9478,cita,18/02/2026
dou/dou_23599605_autoriza_o_sdl_anp_n_87_de_13_de_fevereiro_de_2026.txt,LEI-9478,cita,18/02/2026
dou/dou_23599606_autoriza_o_sdl_anp_n_88_de_13_de_fevereiro_de_2026.txt,LEI-9478,cita,18/02/2026
dou/dou_23599607_autoriza_o_sdl_anp_n_89_de_13_de_fevereiro_de_2026.txt,LEI-9478,cita,18/02/2026
dou/dou_23599668_despacho_sdl_anp_n_256_de_13_de_fevereiro_de_2026.txt,LEI-9478,cita,18/02/2026
dou/dou_23600226_resolu_o_homologat_ria_n_3_568_de_10_de_fevereiro_.txt,ANEEL-REH-3568,cita,13/02/2026
dou/dou_23600948_despacho_n_526_de_10_de_fevereiro_de_2026.txt,ANEEL-DESPACHO-3140,cita,18/02/2026
dou/dou_23600948_despacho_n_526_de_10_de_fevereiro_de_2026.txt,ANEEL-DESPACHO-526,cita,18/02/2026
dou/dou_23600949_despacho_n_527_de_10_de_fevereiro_de_2026.txt,ANEEL-DESPACHO-527,cita,18/02/2026
dou/dou_23600949_despacho_n_527_de_10_de_fevereiro_de_2026.txt,ANEEL-REH-3444,cita,18/02/2026
dou/dou_23600950_despacho_n_528_de_10_de_fevereiro_de_2026.txt,ANEEL-DESPACHO-3663,cita,18/02/2026
dou/dou_23600950_despacho_n_528_de_10_de_fevereiro_de_2026.txt,ANEEL-DESPACHO-528,cita,18/02/2026
dou/dou_23600951_despacho_n_529_de_10_de_fevereiro_de_2026.txt,ANEEL-DESPACHO-2163,cita,18/02/2026
dou/dou_23600951_despacho_n_529_de_10_de_fevereiro_de_2026.txt,ANEEL-DESPACHO-529,cita,18/02/2026
dou/dou_23601106_despacho_n_511_de_10_de_fevereiro_de_2026.txt,ANEEL-DESPACHO-511,cita,18/02/2026
dou/dou_23601107_despacho_n_512_de_10_de_fevereiro_de_2026.txt,ANEEL-DESPACHO-512,cita,18/02/2026
dou/dou_23601148_despacho_n_514_de_10_de_fevereiro_de_2026.txt,ANEEL-REN-414,cita,18/02/2026
dou/dou_23601148_despacho_n_514_de_10_de_fevereiro_de_2026.txt,ANEEL-DESPACHO-514,cita,18/02/2026
dou/dou_23601149_despacho_n_515_de_10_de_fevereiro_de_2026.txt,ANEEL-DESPACHO-1796,cita,18/02/2026
dou/dou_23601149_despacho_n_515_de_10_de_fevereiro_de_2026.txt,ANEEL-DESPACHO-515,cita,18/02/2026
dou/dou_23601150_despacho_n_516_de_10_de_fevereiro_de_2026.txt,ANEEL-REN-1000,cita,18/02/2026
dou/dou_23601150_despacho_n_516_de_10_de_fevereiro_de_2026.txt,ANEEL-DESPACHO-516,cita,18/02/2026
dou/dou_23601150_despacho_n_516_de_10_de_fevereiro_de_2026.txt,ANEEL-DESPACHO-2603,cita,18/02/2026
dou/dou_23601150_despacho_n_516_de_10_de_fevereiro_de_2026.txt,ANEEL-DESPACHO-3256,cita,18/02/2026
dou/dou_23601151_despacho_n_517_de_10_de_fevereiro_de_2026.txt,ANEEL-REN-1059,cita,18/02/2026
dou/dou_23601151_despacho_n_517_de_10_de_fevereiro_de_2026.txt,ANEEL-DESPACHO-517,cita,18/02/2026
dou/dou_23601152_despacho_n_519_de_11_de_fevereiro_de_2026.txt,ANEEL-DESPACHO-1481,cita,18/02/2026
dou/dou_23601152_despacho_n_519_de_11_de_fevereiro_de_2026.txt,LEI-9427,cita,18/02/2026
dou/dou_23601152_despacho_n_519_de_11_de_fevereiro_de_2026.txt,ANEEL-DESPACHO-519,cita,18/02/2026
dou/dou_23601377_portaria_mme_n_896_de_13_de_fevereiro_de_2026.txt,DECRETO-10829,cita,18/02/2026
dou/dou_23601377_portaria_mme_n_896_de_13_de_fevereiro_de_2026.txt,DECRETO-11492,cita,18/02/2026
dou/dou_23601503_alvar_n_1_026_de_12_de_fevereiro_de_2026.txt,LEI-227,cita,18/02/2026
dou/dou_23601505_alvar_n_1_029_de_12_de_fevereiro_de_2026.txt,LEI-227,cita,18/02/2026
dou/dou_23601539_alvar_n_1_028_de_12_de_fevereiro_de_2026.txt,LEI-227,cita,18/02/2026
dou/dou_23601541_alvar_n_1_030_de_12_de_fevereiro_de_2026.txt,LEI-227,cita,18/02/2026
dou/dou_23601558_alvar_n_1_027_de_12_de_fevereiro_de_2026.txt,LEI-227,cita,18/02/2026
dou/dou_23601734_despacho.txt,LEI-227,cita,18/02/2026
dou/dou_23601735_despacho.txt,LEI-13575,cita,18/02/2026
dou/dou_23601735_despacho.txt,LEI-227,cita,18/02/2026
dou/dou_23601740_despacho.txt,LEI-227,cita,18/02/2026
dou/dou_23601751_despacho.txt,LEI-13575,cita,18/02/2026
dou/dou_23601751_despacho.txt,LEI-227,cita,18/02/2026
dou/dou_23602003_alvar_n_1_031_de_12_de_fevereiro_de_2026.txt,LEI-227,cita,18/02/2026
dou/dou_23602004_alvar_n_1_032_de_12_de_fevereiro_de_2026.txt,LEI-227,cita,18/02/2026
dou/dou_23602006_alvar_n_1_033_de_12_de_fevereiro_de_2026.txt,LEI-227,cita,18/02/2026
dou/dou_23602007_alvar_n_1_034_de_12_de_fevereiro_de_2026.txt,LEI-227,cita,18/02/2026
dou/dou_23602256_autoriza_o_spc_anp_n_90_de_13_de_fevereiro_de_2026.txt,LEI-9478,cita,18/02/2026
dou/dou_23602777_despacho_n_488_de_11_de_fevereiro_de_2026.txt,PORTARIA-4595,cita,18/02/2026
dou/dou_23602777_despacho_n_488_de_11_de_fevereiro_de_2026.txt,ANEEL-DESPACHO-488,cita,18/02/2026
dou/dou_23602778_despacho_n_164_de_22_de_janeiro_de_2026.txt,ANEEL-DESPACHO-164,cita,18/02/2026
dou/dou_23602779_despacho_n_167_de_22_de_janeiro_de_2026.txt,ANEEL-DESPACHO-167,cita,18/02/2026
dou/dou_23602780_despacho_n_183_de_23_de_janeiro_de_2026.txt,ANEEL-DESPACHO-183,cita,18/02/2026
dou/dou_23602781_despacho_n_430_de_9_de_fevereiro_de_2026.txt,ANEEL-DESPACHO-430,cita,18/02/2026
dou/dou_23602782_despacho_n_460_de_10_de_fevereiro_de_2026.txt,ANEEL-DESPACHO-460,cita,18/02/2026
dou/dou_23602783_despacho_n_473_de_10_de_fevereiro_de_2026.txt,ANEEL-DESPACHO-473,cita,18/02/2026
dou/dou_23602784_despacho_n_518_de_11_fevereiro_de_2026.txt,ANEEL-DESPACHO-518,cita,18/02/2026
dou/dou_23602785_despacho_n_541_de_12_de_fevereiro_de_2026.txt,ANEEL-DESPACHO-541,cita,18/02/2026
dou/dou_23602786_despacho_n_547_de_12_de_fevereiro_de_2026.txt,ANEEL-DESPACHO-547,cita,18/02/2026
dou/dou_23602787_despacho_n_549_de_13_de_fevereiro_de_2026.txt,ANEEL-DESPACHO-549,cita,18/02/2026
dou/dou_23602808_despacho_n_510_de_11_de_fevereiro_de_2026.txt,PORTARIA-4595,cita,18/02/2026
dou/dou_23602808_despacho_n_510_de_11_de_fevereiro_de_2026.txt,ANEEL-DESPACHO-510,cita,18/02/2026
dou/dou_23602809_despacho_n_550_de_13_de_fevereiro_de_2026.txt,ANEEL-DESPACHO-550,cita,18/02/2026
dou/dou_23602810_despacho_n_543_de_12_de_fevereiro_de_2026.txt,ANEEL-DESPACHO-543,cita,18/02/2026
dou/dou_23602812_despacho_n_1_de_2_de_janeiro_de_2026.txt,ANEEL-DESPACHO-1,cita,18/02/2026
dou/dou_23602813_despacho_n_2_de_2_de_janeiro_de_2026.txt,ANEEL-DESPACHO-2,cita,18/02/2026
dou/dou_23602814_despacho_n_20_de_6_de_janeiro_de_2026.txt,ANEEL-DESPACHO-20,cita,18/02/2026
dou/dou_23602815_despacho_n_58_de_12_de_janeiro_de_2026.txt,ANEEL-DESPACHO-58,cita,18/02/2026
dou/dou_23602816_despacho_n_157_de_21_de_janeiro_de_2026.txt,ANEEL-DESPACHO-157,cita,18/02/2026
dou/dou_23603094_despacho_n_546_de_12_de_fevereiro_de_2026.txt,ANEEL-DESPACHO-546,cita,18/02/2026
dou/dou_23603468_decis_o_n_1_de_13_de_janeiro_de_2026.txt,LEI-12846,cita,24/02/2026
dou/dou_23603468_decis_o_n_1_de_13_de_janeiro_de_2026.txt,DECRETO-11129,cita,24/02/2026
dou/dou_23604083_despacho.txt,LEI-227,cita,19/02/2026
dou/dou_23604102_despacho.txt,LEI-227,cita,19/02/2026
dou/dou_23604152_despacho.txt,LEI-227,cita,19/02/2026
dou/dou_23604154_despacho.txt,LEI-13575,cita,19/02/2026
dou/dou_23604154_despacho.txt,LEI-227,cita,19/02/2026
dou/dou_23604160_despacho.txt,LEI-227,cita,19/02/2026
dou/dou_23604598_despacho_sdl_anp_n_260_de_18_de_fevereiro_de_2026.txt,LEI-9478,cita,19/02/2026
dou/dou_23605878_despacho_n_567_de_18_de_fevereiro_de_2026.txt,PORTARIA-6836,cita,19/02/2026
dou/dou_23605878_despacho_n_567_de_18_de_fevereiro_de_2026.txt,ANEEL-REN-1029,cita,19/02/2026
dou/dou_23605878_despacho_n_567_de_18_de_fevereiro_de_2026.txt,ANEEL-DESPACHO-567,cita,19/02/2026
dou/dou_23605879_despacho_n_358_de_4_de_fevereiro_de_2026.txt,ANEEL-DESPACHO-358,cita,19/02/2026
dou/dou_23605880_despacho_n_359_de_4_de_fevereiro_de_2026.txt,ANEEL-DESPACHO-359,cita,19/02/2026
dou/dou_23605881_despacho_n_381_de_4_de_fevereiro_de_2026.txt,ANEEL-DESPACHO-381,cita,19/02/2026
dou/dou_23605882_despacho_n_387_de_5_de_fevereiro_de_2026.txt,ANEEL-DESPACHO-387,cita,19/02/2026
dou/dou_23605884_despacho_n_552_de_13_de_fevereiro_de_2026.txt,ANEEL-DESPACHO-552,cita,19/02/2026
dou/dou_23605885_despacho_n_206_de_27_de_janeiro_de_2026.txt,ANEEL-DESPACHO-206,cita,19/02/2026
dou/dou_23605886_despacho_n_220_de_27_de_janeiro_de_2026.txt,ANEEL-DESPACHO-220,cita,19/02/2026
dou/dou_23605887_despacho_n_244_de_28_de_janeiro_de_2026.txt,ANEEL-DESPACHO-244,cita,19/02/2026
dou/dou_23605908_despacho_n_257_de_29_de_janeiro_de_2026.txt,ANEEL-DESPACHO-257,cita,19/02/2026
dou/dou_23605909_despacho_n_274_de_29_de_janeiro_de_2026.txt,ANEEL-DESPACHO-274,cita,19/02/2026
dou/dou_23605910_despacho_n_275_de_29_de_janeiro_de_2026.txt,ANEEL-DESPACHO-275,cita,19/02/2026
dou/dou_23605911_despacho_n_285_de_30_de_janeiro_de_2026.txt,ANEEL-DESPACHO-285,cita,19/02/2026
dou/dou_23605912_despacho_n_343_de_3_de_fevereiro_de_2026.txt,ANEEL-DESPACHO-343,cita,19/02/2026
dou/dou_23606188_despacho_n_433_de_9_de_fevereiro_de_2026.txt,ANEEL-DESPACHO-433,cita,19/02/2026
dou/dou_23606189_despacho_n_467_de_11_de_fevereiro_de_2026.txt,ANEEL-DESPACHO-467,cita,19/02/2026
dou/dou_23606189_despacho_n_467_de_11_de_fevereiro_de_2026.txt,ANEEL-DESPACHO-547,cita,19/02/2026
dou/dou_23607437_alvar_n_1_067_de_13_de_fevereiro_de_2026.txt,LEI-227,cita,20/02/2026
dou/dou_23607455_alvar_n_1_065_de_13_de_fevereiro_de_2026.txt,LEI-227,cita,20/02/2026
dou/dou_23607456_alvar_n_1_066_de_13_de_fevereiro_de_2026.txt,LEI-227,cita,20/02/2026
dou/dou_23607457_alvar_n_1_068_de_13_de_fevereiro_de_2026.txt,LEI-227,cita,20/02/2026
dou/dou_23607458_alvar_n_1_069_de_13_de_fevereiro_de_2026.txt,LEI-227,cita,20/02/2026
dou/dou_23607649_alvar_n_1_093_de_14_de_fevereiro_de_2026.txt,LEI-227,cita,20/02/2026
dou/dou_23607650_alvar_n_1_095_de_14_de_fevereiro_de_2026.txt,LEI-227,cita,20/02/2026
dou/dou_23607651_alvar_n_1_096_de_14_de_fevereiro_de_2026.txt,LEI-227,cita,20/02/2026
dou/dou_23607653_alvar_n_1_129_de_15_de_fevereiro_de_2026.txt,LEI-227,cita,20/02/2026
dou/dou_23607668_alvar_n_1_094_de_14_de_fevereiro_de_2026.txt,LEI-227,cita,20/02/2026
dou/dou_23607669_alvar_n_1_128_de_15_de_fevereiro_de_2026.txt,LEI-227,cita,20/02/2026
dou/dou_23607682_alvar_n_1_130_de_16_de_fevereiro_de_2026.txt,LEI-227,cita,20/02/2026
dou/dou_23607684_alvar_n_1_136_de_17_de_fevereiro_de_2026.txt,LEI-227,cita,20/02/2026
dou/dou_23607691_alvar_n_1_131_de_16_de_fevereiro_de_2026.txt,LEI-227,cita,20/02/2026
dou/dou_23607692_alvar_n_1_138_de_18_de_fevereiro_de_2026.txt,LEI-227,cita,20/02/2026
dou/dou_23607718_alvar_n_1_132_de_16_de_fevereiro_de_2026.txt,LEI-227,cita,20/02/2026
dou/dou_23607719_alvar_n_1_133_de_16_de_fevereiro_de_2026.txt,LEI-227,cita,20/02/2026
dou/dou_23607720_alvar_n_1_134_de_16_de_fevereiro_de_2026.txt,LEI-227,cita,20/02/2026
dou/dou_23607721_alvar_n_1_135_de_16_de_fevereiro_de_2026.txt,LEI-227,cita,20/02/2026
dou/dou_23607723_alvar_n_1_137_de_17_de_fevereiro_de_2026.txt,LEI-227,cita,20/02/2026
dou/dou_23607822_extrato_da_ata_n_363_de_reuni_o_extraordin_ria.txt,LEI-5764,cita,20/02/2026
dou/dou_23607822_extrato_da_ata_n_363_de_reuni_o_extraordin_ria.txt,DECRETO-8945,cita,20/02/2026
dou/dou_23607822_extrato_da_ata_n_363_de_reuni_o_extraordin_ria.txt,LEI-13303,cita,20/02/2026
dou/dou_23607822_extrato_da_ata_n_363_de_reuni_o_extraordin_ria.txt,LEI-10406,cita,20/02/2026
dou/dou_23609085_despacho.txt,LEI-227,cita,20/02/2026
dou/dou_23609149_despacho.txt,LEI-13575,cita,20/02/2026
dou/dou_23609149_despacho.txt,LEI-227,cita,20/02/2026
dou/dou_23611082_despacho_n_542_de_12_de_fevereiro_de_2026.txt,PORTARIA-4595,cita,20/02/2026
dou/dou_23611082_despacho_n_542_de_12_de_fevereiro_de_2026.txt,ANEEL-DESPACHO-542,cita,20/02/2026
dou/dou_23611633_despacho_n_580_de_19_de_fevereiro_de_2026.txt,ANEEL-DESPACHO-580,cita,20/02/2026
dou/dou_23611634_despacho_n_500_de_11_de_fevereiro_de_2026.txt,ANEEL-DESPACHO-500,cita,20/02/2026
dou/dou_23611635_despacho_n_501_de_11_de_fevereiro_de_2026.txt,ANEEL-DESPACHO-501,cita,20/02/2026
dou/dou_23611636_despacho_n_509_de_11_de_fevereiro_de_2026.txt,ANEEL-DESPACHO-509,cita,20/02/2026
dou/dou_23611637_despacho_n_524_de_11_de_fevereiro_de_2026.txt,ANEEL-DESPACHO-524,cita,20/02/2026
dou/dou_23611638_despacho_n_551_de_13_de_fevereiro_de_2026.txt,ANEEL-DESPACHO-551,cita,20/02/2026
dou/dou_23611639_despacho_n_566_de_18_de_fevereiro_de_2026.txt,ANEEL-DESPACHO-566,cita,20/02/2026
dou/dou_23611640_despacho_n_302_de_11_de_fevereiro_de_2026.txt,ANEEL-DESPACHO-302,cita,20/02/2026
dou/dou_23611641_despacho_n_418_de_9_de_fevereiro_de_2026.txt,ANEEL-DESPACHO-418,cita,20/02/2026
dou/dou_23611642_despacho_n_493_de_11_de_fevereiro_de_2026.txt,ANEEL-DESPACHO-493,cita,20/02/2026
dou/dou_23611643_despacho_n_494_de_11_de_fevereiro_de_2026.txt,ANEEL-DESPACHO-494,cita,20/02/2026
dou/dou_23611644_despacho_n_495_de_11_de_fevereiro_de_2026.txt,ANEEL-DESPACHO-495,cita,20/02/2026
dou/dou_23611645_despacho_n_496_de_11_de_fevereiro_de_2026.txt,ANEEL-DESPACHO-496,cita,20/02/2026
dou/dou_23611646_despacho_n_497_de_11_de_fevereiro_de_2026.txt,ANEEL-DESPACHO-497,cita,20/02/2026
dou/dou_23611647_despacho_n_499_de_11_de_fevereiro_de_2026.txt,ANEEL-DESPACHO-499,cita,20/02/2026
dou/dou_23611662_int_ren_1_148_2026_std_004.txt,ONS-SUBMODULO-5.3,cita,20/02/2026
dou/dou_23611662_int_ren_1_148_2026_std_004.txt,ONS-SUBMODULO-10.1,cita,20/02/2026
dou/dou_23611662_int_ren_1_148_2026_std_004.txt,ONS-SUBMODULO-5.4,cita,20/02/2026
dou/dou_23611662_int_ren_1_148_2026_std_004.txt,ONS-SUBMODULO-8.6,cita,20/02/2026
dou/dou_23611662_int_ren_1_148_2026_std_004.txt,ONS-SUBMODULO-1.3,cita,20/02/2026
dou/dou_23611662_int_ren_1_148_2026_std_004.txt,ONS-SUBMODULO-6.8,cita,20/02/2026
dou/dou_23611662_int_ren_1_148_2026_std_004.txt,ONS-SUBMODULO-5.1,cita,20/02/2026
dou/dou_23611662_int_ren_1_148_2026_std_004.txt,ONS-SUBMODULO-9.4,cita,20/02/2026
dou/dou_23611662_int_ren_1_148_2026_std_004.txt,ONS-SUBMODULO-9.7,cita,20/02/2026
dou/dou_23611662_int_ren_1_148_2026_std_004.txt,ONS-SUBMODULO-6.5,cita,20/02/2026
dou/dou_23611662_int_ren_1_148_2026_std_004.txt,ONS-SUBMODULO-10.5,cita,20/02/2026
dou/dou_23611662_int_ren_1_148_2026_std_004.txt,ONS-SUBMODULO-6.3,cita,20/02/2026
dou/dou_23611662_int_ren_1_148_2026_std_004.txt,ONS-SUBMODULO-8.3,cita,20/02/2026
dou/dou_23611662_int_ren_1_148_2026_std_004.txt,ONS-SUBMODULO-8.4,cita,20/02/2026
dou/dou_23611662_int_ren_1_148_2026_std_004.txt,ONS-SUBMODULO-9.6,cita,20/02/2026
dou/dou_23611662_int_ren_1_148_2026_std_004.txt,ONS-SUBMODULO-9.3,cita,20/02/2026
dou/dou_23611662_int_ren_1_148_2026_std_004.txt,ONS-SUBMODULO-5.5,cita,20/02/2026
dou/dou_23611662_int_ren_1_148_2026_std_004.txt,ONS-SUBMODULO-6.2,cita,20/02/2026
dou/dou_23611662_int_ren_1_148_2026_std_004.txt,ONS-SUBMODULO-2.6,cita,20/02/2026
dou/dou_23611662_int_ren_1_148_2026_std_004.txt,ONS-SUBMODULO-10.6,cita,20/02/2026
dou/dou_23611662_int_ren_1_148_2026_std_004.txt,ONS-SUBMODULO-1.2,cita,20/02/2026
dou/dou_23611662_int_ren_1_148_2026_std_004.txt,ONS-SUBMODULO-9.5,cita,20/02/2026
dou/dou_23611662_int_ren_1_148_2026_std_004.txt,ONS-SUBMODULO-10.2,cita,20/02/2026
dou/dou_23611662_int_ren_1_148_2026_std_004.txt,ONS-SUBMODULO-12.4,cita,20/02/2026
dou/dou_23611662_int_ren_1_148_2026_std_004.txt,ONS-SUBMODULO-12.6,cita,20/02/2026
dou/dou_23611662_int_ren_1_148_2026_std_004.txt,ONS-SUBMODULO-8.5,cita,20/02/2026
dou/dou_23611662_int_ren_1_148_2026_std_004.txt,ONS-SUBMODULO-7.2,cita,20/02/2026
dou/dou_23611662_int_ren_1_148_2026_std_004.txt,ONS-SUBMODULO-8.2,cita,20/02/2026
dou/dou_23611662_int_ren_1_148_2026_std_004.txt,ONS-SUBMODULO-6.7,cita,20/02/2026
dou/dou_23611662_int_ren_1_148_2026_std_004.txt,ONS-SUBMODULO-4.4,cita,20/02/2026
dou/dou_23611662_int_ren_1_148_2026_std_004.txt,ONS-SUBMODULO-6.6,cita,20/02/2026
dou/dou_23611662_int_ren_1_148_2026_std_004.txt,ONS-SUBMODULO-4.3,cita,20/02/2026
dou/dou_23611662_int_ren_1_148_2026_std_004.txt,ANEEL-REN-1003,cita,20/02/2026
dou/dou_23611662_int_ren_1_148_2026_std_004.txt,ONS-SUBMODULO-3.4,cita,20/02/2026
dou/dou_23611662_int_ren_1_148_2026_std_004.txt,ONS-SUBMODULO-7.3,cita,20/02/2026
dou/dou_23611662_int_ren_1_148_2026_std_004.txt,ONS-SUBMODULO-11.1,cita,20/02/2026
dou/dou_23611662_int_ren_1_148_2026_std_004.txt,ONS-SUBMODULO-7.4,cita,20/02/2026
dou/dou_23611662_int_ren_1_148_2026_std_004.txt,ONS-SUBMODULO-11.2,cita,20/02/2026
dou/dou_23611662_int_ren_1_148_2026_std_004.txt,ONS-SUBMODULO-2.1,cita,20/02/2026
dou/dou_23611662_int_ren_1_148_2026_std_004.txt,ONS-SUBMODULO-6.1,cita,20/02/2026
dou/dou_23611662_int_ren_1_148_2026_std_004.txt,ONS-SUBMODULO-12.2,cita,20/02/2026
dou/dou_23611662_int_ren_1_148_2026_std_004.txt,ONS-SUBMODULO-3.1,cita,20/02/2026
dou/dou_23611662_int_ren_1_148_2026_std_004.txt,ONS-SUBMODULO-8.1,cita,20/02/2026
dou/dou_23611662_int_ren_1_148_2026_std_004.txt,ONS-SUBMODULO-2.5,cita,20/02/2026
dou/dou_23611662_int_ren_1_148_2026_std_004.txt,ONS-SUBMODULO-5.7,cita,20/02/2026
dou/dou_23611662_int_ren_1_148_2026_std_004.txt,ONS-SUBMODULO-2.8,cita,20/02/2026
dou/dou_23611662_int_ren_1_148_2026_std_004.txt,ONS-SUBMODULO-2.3,cita,20/02/2026
dou/dou_23611662_int_ren_1_148_2026_std_004.txt,ONS-SUBMODULO-5.9,cita,20/02/2026
dou/dou_23611662_int_ren_1_148_2026_std_004.txt,ONS-SUBMODULO-3.2,cita,20/02/2026
dou/dou_23611662_int_ren_1_148_2026_std_004.txt,ONS-SUBMODULO-1.1,cita,20/02/2026
dou/dou_23611662_int_ren_1_148_2026_std_004.txt,ONS-SUBMODULO-4.1,cita,20/02/2026
dou/dou_23611662_int_ren_1_148_2026_std_004.txt,ONS-SUBMODULO-5.2,cita,20/02/2026
dou/dou_23611662_int_ren_1_148_2026_std_004.txt,ONS-SUBMODULO-7.1,cita,20/02/2026
dou/dou_23611662_int_ren_1_148_2026_std_004.txt,ONS-SUBMODULO-12.1,cita,20/02/2026
dou/dou_23611662_int_ren_1_148_2026_std_004.txt,ONS-SUBMODULO-12.3,cita,20/02/2026
dou/dou_23611662_int_ren_1_148_2026_std_004.txt,ANEEL-REN-846,cita,20/02/2026
dou/dou_23611662_int_ren_1_148_2026_std_004.txt,ONS-SUBMODULO-2.4,cita,20/02/2026
dou/dou_23611662_int_ren_1_148_2026_std_004.txt,ONS-SUBMODULO-2.7,cita,20/02/2026
dou/dou_23611662_int_ren_1_148_2026_std_004.txt,ONS-SUBMODULO-2.10,cita,20/02/2026
dou/dou_23611662_int_ren_1_148_2026_std_004.txt,ONS-SUBMODULO-9.2,cita,20/02/2026
dou/dou_23611662_int_ren_1_148_2026_std_004.txt,ONS-SUBMODULO-10.4,cita,20/02/2026
dou/dou_23611662_int_ren_1_148_2026_std_004.txt,ONS-SUBMODULO-2.9,cita,20/02/2026
dou/dou_23611662_int_ren_1_148_2026_std_004.txt,ONS-SUBMODULO-4.2,cita,20/02/2026
dou/dou_23611662_int_ren_1_148_2026_std_004.txt,ONS-SUBMODULO-5.8,cita,20/02/2026
dou/dou_23611662_int_ren_1_148_2026_std_004.txt,ONS-SUBMODULO-10.3,cita,20/02/2026
dou/dou_23611662_int_ren_1_148_2026_std_004.txt,ONS-SUBMODULO-9.8,cita,20/02/2026
dou/dou_23611662_int_ren_1_148_2026_std_004.txt,ONS-SUBMODULO-5.6,cita,20/02/2026
dou/dou_23611662_int_ren_1_148_2026_std_004.txt,ONS-SUBMODULO-2.2,cita,20/02/2026
dou/dou_23611662_int_ren_1_148_2026_std_004.txt,LEI-12783,cita,20/02/2026
dou/dou_23611662_int_ren_1_148_2026_std_004.txt,ONS-SUBMODULO-9.1,cita,20/02/2026
dou/dou_23611662_int_ren_1_148_2026_std_004.txt,ONS-SUBMODULO-3.3,cita,20/02/2026
dou/dou_23611662_resolu_o_normativa_aneel_n_1_148_de_27_de_janeiro_.txt,ANEEL-REN-1000,cita,20/02/2026
dou/dou_23611662_resolu_o_normativa_aneel_n_1_148_de_27_de_janeiro_.txt,LEI-9427,cita,20/02/2026
dou/dou_23611662_resolu_o_normativa_aneel_n_1_148_de_27_de_janeiro_.txt,PORTARIA-160,cita,20/02/2026
dou/dou_23611662_resolu_o_normativa_aneel_n_1_148_de_27_de_janeiro_.txt,ANEEL-REN-1003,cita,20/02/2026
dou/dou_23611662_resolu_o_normativa_aneel_n_1_148_de_27_de_janeiro_.txt,ANEEL-REN-956,cita,20/02/2026
dou/dou_23611662_resolu_o_normativa_aneel_n_1_148_de_27_de_janeiro_.txt,DECRETO-2335,cita,20/02/2026
dou/dou_23611883_alvar_n_1_096_de_14_de_fevereiro_de_2026.txt,LEI-227,cita,23/02/2026
dou/dou_23612051_despacho.txt,LEI-227,cita,23/02/2026
dou/dou_23612322_alvar_n_1_141_de_19_de_fevereiro_de_2026.txt,LEI-227,cita,23/02/2026
dou/dou_23612323_alvar_n_1_142_de_19_de_fevereiro_de_2026.txt,LEI-227,cita,23/02/2026
dou/dou_23612324_alvar_n_1_143_de_19_de_fevereiro_de_2026.txt,LEI-227,cita,23/02/2026
dou/dou_23612325_alvar_n_1_144_de_19_de_fevereiro_de_2026.txt,LEI-227,cita,23/02/2026
dou/dou_23612326_alvar_n_1_145_de_19_de_fevereiro_de_2026.txt,LEI-227,cita,23/02/2026
dou/dou_23612683_alvar_n_1_147_de_19_de_fevereiro_de_2026.txt,LEI-227,cita,23/02/2026
dou/dou_23612701_alvar_n_1_148_de_19_de_fevereiro_de_2026.txt,LEI-227,cita,23/02/2026
dou/dou_23612702_alvar_n_1_149_de_19_de_fevereiro_de_2026.txt,LEI-227,cita,23/02/2026
dou/dou_23612711_alvar_n_1_146_de_19_de_fevereiro_de_2026.txt,LEI-227,cita,23/02/2026
dou/dou_23612712_alvar_n_1_150_de_19_de_fevereiro_de_2026.txt,LEI-227,cita,23/02/2026
dou/dou_23612960_alvar_n_1_151_de_19_de_fevereiro_de_2026.txt,LEI-227,cita,23/02/2026
dou/dou_23612969_despacho_n_579_de_19_de_fevereiro_de_2026.txt,ANEEL-DESPACHO-579,cita,23/02/2026
dou/dou_23613081_alvar_n_1_152_de_19_de_fevereiro_de_2026.txt,LEI-227,cita,23/02/2026
dou/dou_23613339_int_ren_1_151_2026_asi_vf_002.txt,ANEEL-REN-914,cita,23/02/2026
dou/dou_23613339_int_ren_1_151_2026_asi_vf_002.txt,LEI-9784,cita,23/02/2026
dou/dou_23613339_resolu_o_normativa_aneel_n_1_151_de_10_de_fevereir.txt,LEI-9427,cita,23/02/2026
dou/dou_23613339_resolu_o_normativa_aneel_n_1_151_de_10_de_fevereir.txt,DECRETO-1171,cita,23/02/2026
dou/dou_23613339_resolu_o_normativa_aneel_n_1_151_de_10_de_fevereir.txt,LEI-13848,cita,23/02/2026
dou/dou_23613339_resolu_o_normativa_aneel_n_1_151_de_10_de_fevereir.txt,LEI-12111,cita,23/02/2026
dou/dou_23613339_resolu_o_normativa_aneel_n_1_151_de_10_de_fevereir.txt,LEI-9784,cita,23/02/2026
dou/dou_23613339_resolu_o_normativa_aneel_n_1_151_de_10_de_fevereir.txt,DECRETO-2335,cita,23/02/2026
dou/dou_23613339_resolu_o_normativa_aneel_n_1_151_de_10_de_fevereir.txt,ANEEL-REN-914,cita,23/02/2026
dou/dou_23613367_despacho.txt,LEI-227,cita,23/02/2026
dou/dou_23613409_despacho.txt,LEI-13575,cita,23/02/2026
dou/dou_23613409_despacho.txt,LEI-227,cita,23/02/2026
dou/dou_23615645_retifica_o.txt,ANEEL-DESPACHO-176,cita,23/02/2026
dou/dou_23615646_despacho_n_27_de_6_de_janeiro_de_2026.txt,ANEEL-DESPACHO-27,cita,23/02/2026
dou/dou_23615647_despacho_n_36_de_7_de_janeiro_de_2026.txt,ANEEL-DESPACHO-36,cita,23/02/2026
dou/dou_23615668_despacho_n_459_de_10_de_fevereiro_de_2026.txt,ANEEL-DESPACHO-459,cita,23/02/2026
dou/dou_23615669_despacho_n_486_de_11_de_fevereiro_de_2026.txt,ANEEL-DESPACHO-486,cita,23/02/2026
dou/dou_23615670_despacho_n_564_de_13_de_fevereiro_de_2026.txt,ANEEL-DESPACHO-3270,cita,23/02/2026
dou/dou_23615670_despacho_n_564_de_13_de_fevereiro_de_2026.txt,ANEEL-DESPACHO-564,cita,23/02/2026
dou/dou_23615671_despacho_n_573_de_19_de_fevereiro_de_2026.txt,ANEEL-DESPACHO-573,cita,23/02/2026
dou/dou_23615672_despacho_n_574_de_19_de_fevereiro_de_2026.txt,ANEEL-DESPACHO-574,cita,23/02/2026
dou/dou_23615673_despacho_n_578_de_19_de_fevereiro_de_2026.txt,ANEEL-DESPACHO-578,cita,23/02/2026
dou/dou_23615800_autoriza_o_sdl_anp_n_91_de_20_de_fevereiro_de_2026.txt,LEI-9478,cita,23/02/2026
dou/dou_23615805_despacho_sep_anp_n_272_de_20_de_fevereiro_de_2026.txt,PORTARIA-265,cita,23/02/2026
dou/dou_23615806_despacho_sdp_anp_n_273_de_20_de_fevereiro_de_2026.txt,PORTARIA-265,cita,23/02/2026
dou/dou_23615807_autoriza_o_sdl_anp_n_92_de_20_de_fevereiro_de_2026.txt,LEI-9478,cita,23/02/2026
dou/dou_23616019_resolu_o_anp_n_994_de_20_de_fevereiro_de_2026.txt,LEI-9784,cita,23/02/2026
dou/dou_23616019_resolu_o_anp_n_994_de_20_de_fevereiro_de_2026.txt,DECRETO-2455,cita,23/02/2026
dou/dou_23616019_resolu_o_anp_n_994_de_20_de_fevereiro_de_2026.txt,LEI-9478,cita,23/02/2026
dou/dou_23616872_alvar_n_1_172_de_20_de_fevereiro_de_2026.txt,LEI-227,cita,24/02/2026
dou/dou_23616873_alvar_n_1_173_de_20_de_fevereiro_de_2026.txt,LEI-227,cita,24/02/2026
dou/dou_23616874_alvar_n_1_174_de_20_de_fevereiro_de_2026.txt,LEI-227,cita,24/02/2026
dou/dou_23616892_alvar_n_1_170_de_20_de_fevereiro_de_2026.txt,LEI-227,cita,24/02/2026
dou/dou_23616893_alvar_n_1_171_de_20_de_fevereiro_de_2026.txt,LEI-227,cita,24/02/2026
dou/dou_23616986_despacho.txt,LEI-227,cita,24/02/2026
dou/dou_23617029_despacho.txt,LEI-227,cita,24/02/2026
dou/dou_23617036_despacho.txt,LEI-13575,cita,24/02/2026
dou/dou_23617036_despacho.txt,LEI-227,cita,24/02/2026
dou/dou_23617041_alvar_n_1_236_de_21_de_fevereiro_de_2026.txt,LEI-227,cita,24/02/2026
dou/dou_23617043_alvar_n_1_240_de_21_de_fevereiro_de_2026.txt,LEI-227,cita,24/02/2026
dou/dou_23617060_alvar_n_1_234_de_21_de_fevereiro_de_2026.txt,LEI-227,cita,24/02/2026
dou/dou_23617061_alvar_n_1_241_de_21_de_fevereiro_de_2026.txt,LEI-227,cita,24/02/2026
dou/dou_23617081_alvar_n_1_235_de_21_de_fevereiro_de_2026.txt,LEI-227,cita,24/02/2026
dou/dou_23617082_alvar_n_1_237_de_21_de_fevereiro_de_2026.txt,LEI-227,cita,24/02/2026
dou/dou_23617084_alvar_n_1_238_de_21_de_fevereiro_de_2026.txt,LEI-227,cita,24/02/2026
dou/dou_23617087_alvar_n_1_239_de_21_de_fevereiro_de_2026.txt,LEI-227,cita,24/02/2026
dou/dou_23617088_alvar_n_1_242_de_21_de_fevereiro_de_2026.txt,LEI-227,cita,24/02/2026
dou/dou_23617089_alvar_n_1_243_de_21_de_fevereiro_de_2026.txt,LEI-227,cita,24/02/2026
dou/dou_23617098_alvar_n_1_248_de_22_de_fevereiro_de_2026.txt,LEI-227,cita,24/02/2026
dou/dou_23617100_alvar_n_1_249_de_22_de_fevereiro_de_2026.txt,LEI-227,cita,24/02/2026
dou/dou_23617102_alvar_n_1_253_de_22_de_fevereiro_de_2026.txt,LEI-227,cita,24/02/2026
dou/dou_23617111_alvar_n_1_245_de_21_de_fevereiro_de_2026.txt,LEI-227,cita,24/02/2026
dou/dou_23617112_alvar_n_1_247_de_22_de_fevereiro_de_2026.txt,LEI-227,cita,24/02/2026
dou/dou_23617115_alvar_n_1_250_de_22_de_fevereiro_de_2026.txt,LEI-227,cita,24/02/2026
dou/dou_23617116_alvar_n_1_252_de_22_de_fevereiro_de_2026.txt,LEI-227,cita,24/02/2026
dou/dou_23617134_alvar_n_1_244_de_21_de_fevereiro_de_2026.txt,LEI-227,cita,24/02/2026
dou/dou_23617135_alvar_n_1_246_de_22_de_fevereiro_de_2026.txt,LEI-227,cita,24/02/2026
dou/dou_23617138_alvar_n_1_251_de_22_de_fevereiro_de_2026.txt,LEI-227,cita,24/02/2026
dou/dou_23618657_despacho_sbq_anp_n_276_de_23_de_fevereiro_de_2026.txt,LEI-9478,cita,24/02/2026
dou/dou_23618658_despacho_pg_anp_n_277_de_23_de_fevereiro_de_2026.txt,DECRETO-2705,cita,24/02/2026
dou/dou_23618658_despacho_pg_anp_n_277_de_23_de_fevereiro_de_2026.txt,LEI-12351,cita,24/02/2026
dou/dou_23618658_despacho_pg_anp_n_277_de_23_de_fevereiro_de_2026.txt,LEI-9478,cita,24/02/2026
dou/dou_23618659_despacho_sbq_anp_n_278_de_23_de_fevereiro_de_2026.txt,LEI-9478,cita,24/02/2026
dou/dou_23618660_despacho_pg_anp_n_279_de_23_de_fevereiro_de_2026.txt,LEI-9478,cita,24/02/2026
dou/dou_23619180_portaria_sntep_mme_n_3_063_de_23_de_fevereiro_de_2.txt,LEI-9074,cita,24/02/2026
dou/dou_23619180_portaria_sntep_mme_n_3_063_de_23_de_fevereiro_de_2.txt,DECRETO-11314,cita,24/02/2026
dou/dou_23619180_portaria_sntep_mme_n_3_063_de_23_de_fevereiro_de_2.txt,DECRETO-11492,cita,24/02/2026
dou/dou_23619180_portaria_sntep_mme_n_3_063_de_23_de_fevereiro_de_2.txt,LEI-9427,cita,24/02/2026
dou/dou_23619871_despacho_n_384_de_23_de_fevereiro_de_2026.txt,ANEEL-DESPACHO-384,cita,24/02/2026
dou/dou_23619872_despacho_n_589_de_20_de_fevereiro_de_2026.txt,ANEEL-DESPACHO-589,cita,24/02/2026
dou/dou_23619872_despacho_n_589_de_20_de_fevereiro_de_2026.txt,ANEEL-DESPACHO-3182,cita,24/02/2026
dou/dou_23619873_despacho_n_590_de_20_de_fevereiro_de_2026.txt,ANEEL-DESPACHO-590,cita,24/02/2026
dou/dou_23620343_ato_n_pbr_6_798_de_27_de_janeiro_de_2026.txt,LEI-12846,cita,27/02/2026
dou/dou_23620343_ato_n_pbr_6_798_de_27_de_janeiro_de_2026.txt,DECRETO-11129,cita,27/02/2026
dou/dou_23620644_alvar_n_1_254_de_23_de_fevereiro_de_2026.txt,LEI-227,cita,25/02/2026
dou/dou_23620674_alvar_n_1_255_de_23_de_fevereiro_de_2026.txt,LEI-227,cita,25/02/2026
dou/dou_23620675_alvar_n_1_256_de_23_de_fevereiro_de_2026.txt,LEI-227,cita,25/02/2026
dou/dou_23620676_alvar_n_1_257_de_23_de_fevereiro_de_2026.txt,LEI-227,cita,25/02/2026
dou/dou_23620677_alvar_n_1_258_de_23_de_fevereiro_de_2026.txt,LEI-227,cita,25/02/2026
dou/dou_23620946_portaria_sntep_mme_n_3_062_de_20_de_fevereiro_de_2.txt,PORTARIA-2730,cita,25/02/2026
dou/dou_23620946_portaria_sntep_mme_n_3_062_de_20_de_fevereiro_de_2.txt,DECRETO-5163,cita,25/02/2026
dou/dou_23620991_alvar_n_1_259_de_23_de_fevereiro_de_2026.txt,LEI-227,cita,25/02/2026
dou/dou_23620992_alvar_n_1_263_de_23_de_fevereiro_de_2026.txt,LEI-227,cita,25/02/2026
dou/dou_23621023_alvar_n_1_260_de_23_de_fevereiro_de_2026.txt,LEI-227,cita,25/02/2026
dou/dou_23621024_alvar_n_1_262_de_23_de_fevereiro_de_2026.txt,LEI-227,cita,25/02/2026
dou/dou_23621029_alvar_n_1_261_de_23_de_fevereiro_de_2026.txt,LEI-227,cita,25/02/2026
dou/dou_23621352_alvar_n_1_264_de_23_de_fevereiro_de_2026.txt,LEI-227,cita,25/02/2026
dou/dou_23621838_despacho.txt,LEI-227,cita,25/02/2026
dou/dou_23621843_despacho.txt,LEI-227,cita,25/02/2026
dou/dou_23621879_despacho.txt,LEI-227,cita,25/02/2026
dou/dou_23621886_despacho.txt,LEI-227,cita,25/02/2026
dou/dou_23622121_despacho_n_305_de_2_de_fevereiro_de_2026.txt,ANEEL-DESPACHO-305,cita,25/02/2026
dou/dou_23622122_despacho_n_522_de_11_de_fevereiro_de_2026.txt,ANEEL-DESPACHO-522,cita,25/02/2026
dou/dou_23622123_despacho_n_328_de_2_de_fevereiro_de_2026.txt,ANEEL-DESPACHO-328,cita,25/02/2026
dou/dou_23622124_despacho_n_350_de_3_de_fevereiro_de_2026.txt,ANEEL-DESPACHO-350,cita,25/02/2026
dou/dou_23622125_despacho_n_367_de_4_de_fevereiro_de_2026.txt,ANEEL-DESPACHO-367,cita,25/02/2026
dou/dou_23622126_despacho_n_398_de_5_de_fevereiro_de_2026.txt,ANEEL-DESPACHO-398,cita,25/02/2026
dou/dou_23622127_despacho_n_404_de_6_de_fevereiro_de_2026.txt,ANEEL-DESPACHO-404,cita,25/02/2026
dou/dou_23622148_despacho_n_416_de_9_de_fevereiro_de_2026.txt,ANEEL-DESPACHO-416,cita,25/02/2026
dou/dou_23622149_despacho_n_429_de_9_de_fevereiro_de_2026.txt,ANEEL-DESPACHO-429,cita,25/02/2026
dou/dou_23622150_despacho_n_478_de_23_de_janeiro_de_2026.txt,ANEEL-DESPACHO-478,cita,25/02/2026
dou/dou_23622289_portaria_anp_n_350_de_23_de_fevereiro_de_2026.txt,LEI-9986,cita,25/02/2026
dou/dou_23622289_portaria_anp_n_350_de_23_de_fevereiro_de_2026.txt,DECRETO-2455,cita,25/02/2026
dou/dou_23623487_autoriza_o_sbq_cpt_anp_n_94_de_24_de_fevereiro_de_.txt,PORTARIA-265,cita,25/02/2026
dou/dou_23623508_despacho_sbq_cpt_anp_n_286_de_24_de_fevereiro_de_2.txt,PORTARIA-265,cita,25/02/2026
dou/dou_23623509_despacho_sep_anp_n_287_de_24_de_fevereiro_de_2026.txt,PORTARIA-265,cita,25/02/2026
dou/dou_23623691_resolu_o_anm_n_230_de_24_de_fevereiro_de_2026.txt,DECRETO-9406,cita,25/02/2026
dou/dou_23623691_resolu_o_anm_n_230_de_24_de_fevereiro_de_2026.txt,LEI-7805,cita,25/02/2026
dou/dou_23623691_resolu_o_anm_n_230_de_24_de_fevereiro_de_2026.txt,LEI-8001,cita,25/02/2026
dou/dou_23623691_resolu_o_anm_n_230_de_24_de_fevereiro_de_2026.txt,LEI-11685,cita,25/02/2026
dou/dou_23623691_resolu_o_anm_n_230_de_24_de_fevereiro_de_2026.txt,LEI-13575,cita,25/02/2026
dou/dou_23623707_retifica_o.txt,ANEEL-DESPACHO-11,cita,25/02/2026
dou/dou_23623748_despacho_n_617_de_24_de_fevereiro_de_2026.txt,ANEEL-DESPACHO-617,cita,25/02/2026
dou/dou_23623892_retifica_o.txt,ANEEL-DESPACHO-170,cita,25/02/2026
dou/dou_23623893_despacho_n_581_de_20_de_fevereiro_de_2026.txt,ANEEL-DESPACHO-581,cita,25/02/2026
dou/dou_23623893_despacho_n_581_de_20_de_fevereiro_de_2026.txt,PORTARIA-4595,cita,25/02/2026
dou/dou_23623894_despacho_n_588_de_20_de_fevereiro_de_2026.txt,ANEEL-DESPACHO-588,cita,25/02/2026
dou/dou_23623895_despacho_n_593_de_23_de_fevereiro_de_2026.txt,ANEEL-DESPACHO-2281,cita,25/02/2026
dou/dou_23623895_despacho_n_593_de_23_de_fevereiro_de_2026.txt,ANEEL-DESPACHO-593,cita,25/02/2026
dou/dou_23623895_despacho_n_593_de_23_de_fevereiro_de_2026.txt,LEI-9427,cita,25/02/2026
dou/dou_23623896_despacho_n_594_de_23_de_fevereiro_de_2026.txt,ANEEL-DESPACHO-149,cita,25/02/2026
dou/dou_23623896_despacho_n_594_de_23_de_fevereiro_de_2026.txt,LEI-9427,cita,25/02/2026
dou/dou_23623896_despacho_n_594_de_23_de_fevereiro_de_2026.txt,ANEEL-DESPACHO-594,cita,25/02/2026
dou/dou_23623897_despacho_n_596_de_23_de_fevereiro_de_2026.txt,PORTARIA-6826,cita,25/02/2026
dou/dou_23623897_despacho_n_596_de_23_de_fevereiro_de_2026.txt,LEI-9427,cita,25/02/2026
dou/dou_23623897_despacho_n_596_de_23_de_fevereiro_de_2026.txt,ANEEL-DESPACHO-596,cita,25/02/2026
dou/dou_23623898_despacho_n_600_de_23_de_fevereiro_de_2026.txt,PORTARIA-4595,cita,25/02/2026
dou/dou_23623898_despacho_n_600_de_23_de_fevereiro_de_2026.txt,ANEEL-DESPACHO-600,cita,25/02/2026
dou/dou_23623899_despacho_n_607_de_23_de_fevereiro_de_2026.txt,ANEEL-DESPACHO-607,cita,25/02/2026
dou/dou_23623899_despacho_n_607_de_23_de_fevereiro_de_2026.txt,PORTARIA-6844,cita,25/02/2026
dou/dou_23623900_despacho_n_611_de_24_de_fevereiro_de_2026.txt,ANEEL-DESPACHO-611,cita,25/02/2026
dou/dou_23623900_despacho_n_611_de_24_de_fevereiro_de_2026.txt,ANEEL-DESPACHO-79,cita,25/02/2026
dou/dou_23623900_despacho_n_611_de_24_de_fevereiro_de_2026.txt,LEI-9427,cita,25/02/2026
dou/dou_23623901_despacho_n_622_de_24_de_fevereiro_de_2026.txt,ANEEL-DESPACHO-622,cita,25/02/2026
dou/dou_23623901_despacho_n_622_de_24_de_fevereiro_de_2026.txt,PORTARIA-6844,cita,25/02/2026
dou/dou_23623902_despacho_n_280_de_30_de_janeiro_de_2026.txt,ANEEL-DESPACHO-280,cita,25/02/2026
dou/dou_23623903_despacho_n_553_de_23_de_fevereiro_de_2026.txt,ANEEL-DESPACHO-553,cita,25/02/2026
dou/dou_23623903_despacho_n_553_de_23_de_fevereiro_de_2026.txt,PORTARIA-6836,cita,25/02/2026
dou/dou_23623904_despacho_n_389_de_5_de_fevereiro_de_2026.txt,ANEEL-DESPACHO-389,cita,25/02/2026
dou/dou_23623905_despacho_n_399_de_5_de_fevereiro_de_2026.txt,ANEEL-DESPACHO-399,cita,25/02/2026
dou/dou_23623906_despacho_n_401_de_6_de_fevereiro_de_2026.txt,ANEEL-DESPACHO-401,cita,25/02/2026
dou/dou_23623907_despacho_n_403_de_6_de_fevereiro_de_2026.txt,ANEEL-DESPACHO-403,cita,25/02/2026
dou/dou_23623908_despacho_n_415_de_9_de_fevereiro_de_2026.txt,ANEEL-DESPACHO-415,cita,25/02/2026
dou/dou_23623909_despacho_n_417_de_9_de_fevereiro_de_2026.txt,ANEEL-DESPACHO-417,cita,25/02/2026
dou/dou_23623910_despacho_n_423_de_9_de_fevereiro_de_2026.txt,ANEEL-DESPACHO-423,cita,25/02/2026
dou/dou_23623911_despacho_n_435_de_9_de_fevereiro_de_2026.txt,ANEEL-DESPACHO-435,cita,25/02/2026
dou/dou_23623912_despacho_n_461_de_10_de_fevereiro_de_2026.txt,ANEEL-DESPACHO-461,cita,25/02/2026
dou/dou_23623913_despacho_n_464_de_10_de_fevereiro_de_2026.txt,ANEEL-DESPACHO-464,cita,25/02/2026
dou/dou_23623914_despacho_n_554_de_23_de_fevereiro_de_2026.txt,PORTARIA-6836,cita,25/02/2026
dou/dou_23623914_despacho_n_554_de_23_de_fevereiro_de_2026.txt,ANEEL-DESPACHO-554,cita,25/02/2026
dou/dou_23623915_despacho_n_468_de_10_de_fevereiro_de_2026.txt,ANEEL-DESPACHO-468,cita,25/02/2026
dou/dou_23623916_despacho_n_471_de_10_de_fevereiro_de_2026.txt,ANEEL-DESPACHO-471,cita,25/02/2026
dou/dou_23623917_despacho_n_569_de_19_de_fevereiro_de_2026.txt,ANEEL-DESPACHO-569,cita,25/02/2026
dou/dou_23623918_despacho_n_570_de_19_de_fevereiro_de_2026.txt,ANEEL-DESPACHO-570,cita,25/02/2026
dou/dou_23623919_despacho_n_576_de_19_de_fevereiro_de_2026.txt,ANEEL-DESPACHO-576,cita,25/02/2026
dou/dou_23623920_despacho_n_591_de_20_de_fevereiro_de_2026.txt,ANEEL-DESPACHO-591,cita,25/02/2026
dou/dou_23623921_despacho_n_592_de_23_de_fevereiro_de_2026.txt,ANEEL-DESPACHO-592,cita,25/02/2026
dou/dou_23623922_despacho_n_599_de_23_de_fevereiro_de_2026.txt,ANEEL-DESPACHO-599,cita,25/02/2026
dou/dou_23623923_despacho_n_555_de_23_de_fevereiro_de_2026.txt,ANEEL-DESPACHO-555,cita,25/02/2026
dou/dou_23623923_despacho_n_555_de_23_de_fevereiro_de_2026.txt,PORTARIA-6836,cita,25/02/2026
dou/dou_23623924_despacho_n_557_de_23_de_fevereiro_de_2026.txt,ANEEL-DESPACHO-557,cita,25/02/2026
dou/dou_23623924_despacho_n_557_de_23_de_fevereiro_de_2026.txt,PORTARIA-6836,cita,25/02/2026
dou/dou_23623925_despacho_n_559_de_23_de_fevereiro_de_2026.txt,ANEEL-DESPACHO-559,cita,25/02/2026
dou/dou_23623925_despacho_n_559_de_23_de_fevereiro_de_2026.txt,PORTARIA-6836,cita,25/02/2026
dou/dou_23623927_despacho_n_560_de_23_de_fevereiro_de_2026.txt,PORTARIA-6836,cita,25/02/2026
dou/dou_23623927_despacho_n_560_de_23_de_fevereiro_de_2026.txt,ANEEL-DESPACHO-560,cita,25/02/2026
dou/dou_23623928_despacho_n_561_de_23_de_fevereiro_de_2026.txt,ANEEL-DESPACHO-561,cita,25/02/2026
dou/dou_23623928_despacho_n_561_de_23_de_fevereiro_de_2026.txt,PORTARIA-6836,cita,25/02/2026
dou/dou_23623929_despacho_n_563_de_23_de_fevereiro_de_2026.txt,ANEEL-DESPACHO-563,cita,25/02/2026
dou/dou_23623929_despacho_n_563_de_23_de_fevereiro_de_2026.txt,PORTARIA-6836,cita,25/02/2026
dou/dou_23625880_alvar_n_1_265_de_24_de_fevereiro_de_2026.txt,LEI-227,cita,26/02/2026
dou/dou_23625881_alvar_n_1_266_de_24_de_fevereiro_de_2026.txt,LEI-227,cita,26/02/2026
dou/dou_23626331_despacho.txt,LEI-227,cita,26/02/2026
dou/dou_23626348_despacho.txt,LEI-227,cita,26/02/2026
dou/dou_23627046_s_mula_n_13_de_24_de_fevereiro_de_2026.txt,LEI-13540,cita,26/02/2026
dou/dou_23627594_despacho_spg_anp_n_290_de_25_de_fevereiro_de_2026.txt,DECRETO-2705,cita,26/02/2026
dou/dou_23627594_despacho_spg_anp_n_290_de_25_de_fevereiro_de_2026.txt,LEI-12351,cita,26/02/2026
dou/dou_23627594_despacho_spg_anp_n_290_de_25_de_fevereiro_de_2026.txt,LEI-9478,cita,26/02/2026
dou/dou_23627841_despacho.txt,LEI-13575,cita,26/02/2026
dou/dou_23627841_despacho.txt,LEI-227,cita,26/02/2026
dou/dou_23627842_despacho.txt,LEI-13575,cita,26/02/2026
dou/dou_23627842_despacho.txt,LEI-227,cita,26/02/2026
dou/dou_23627859_despacho.txt,LEI-227,cita,26/02/2026
dou/dou_23629136_despacho_n_620_de_24_de_fevereiro_de_2026.txt,PORTARIA-6836,cita,26/02/2026
dou/dou_23629136_despacho_n_620_de_24_de_fevereiro_de_2026.txt,ANEEL-REN-1029,cita,26/02/2026
dou/dou_23629136_despacho_n_620_de_24_de_fevereiro_de_2026.txt,ANEEL-DESPACHO-620,cita,26/02/2026
dou/dou_23629137_despacho_n_572_de_19_de_fevereiro_de_2026.txt,ANEEL-DESPACHO-572,cita,26/02/2026
dou/dou_23629138_despacho_n_625_de_24_de_fevereiro_de_2026.txt,ANEEL-DESPACHO-625,cita,26/02/2026
dou/dou_23629139_despacho_n_621_de_24_de_fevereiro_de_2026.txt,ANEEL-REN-1029,cita,26/02/2026
dou/dou_23629139_despacho_n_621_de_24_de_fevereiro_de_2026.txt,PORTARIA-6836,cita,26/02/2026
dou/dou_23629139_despacho_n_621_de_24_de_fevereiro_de_2026.txt,ANEEL-DESPACHO-621,cita,26/02/2026
dou/dou_23629140_despacho_n_623_de_24_de_fevereiro_de_2026.txt,ANEEL-DESPACHO-623,cita,26/02/2026
dou/dou_23629141_despacho_n_630_de_24_de_fevereiro_de_2026.txt,ANEEL-DESPACHO-630,cita,26/02/2026
dou/dou_23629142_despacho_n_317_de_4_de_fevereiro_de_2026.txt,ANEEL-DESPACHO-317,cita,26/02/2026
dou/dou_23629143_despacho_n_477_de_10_de_fevereiro_de_2026.txt,ANEEL-DESPACHO-477,cita,26/02/2026
dou/dou_23629144_despacho_n_480_de_10_de_fevereiro_de_2026.txt,ANEEL-DESPACHO-480,cita,26/02/2026
dou/dou_23629145_despacho_n_481_de_10_de_fevereiro_de_2026.txt,ANEEL-DESPACHO-481,cita,26/02/2026
dou/dou_23629146_despacho_n_523_de_11_de_fevereiro_de_2026.txt,ANEEL-DESPACHO-523,cita,26/02/2026
dou/dou_23629291_despacho_n_616_de_24_de_fevereiro_de_2026.txt,ANEEL-DESPACHO-616,cita,26/02/2026
dou/dou_23629291_despacho_n_616_de_24_de_fevereiro_de_2026.txt,ANEEL-DESPACHO-436,cita,26/02/2026
dou/dou_23629292_portaria_n_7_058_de_23_de_fevereiro_de_2026.txt,DECRETO-9637,cita,26/02/2026
dou/dou_23629292_portaria_n_7_058_de_23_de_fevereiro_de_2026.txt,PORTARIA-7058,cita,26/02/2026
dou/dou_23629292_portaria_n_7_058_de_23_de_fevereiro_de_2026.txt,PORTARIA-6980,cita,26/02/2026
dou/dou_23629293_portaria_n_7_060_de_23_de_fevereiro_de_2026.txt,PORTARIA-7060,cita,26/02/2026
dou/dou_23629293_portaria_n_7_060_de_23_de_fevereiro_de_2026.txt,PORTARIA-6980,cita,26/02/2026
dou/dou_23629293_portaria_n_7_060_de_23_de_fevereiro_de_2026.txt,LEI-9986,cita,26/02/2026
dou/dou_23629293_portaria_n_7_060_de_23_de_fevereiro_de_2026.txt,PORTARIA-7011,cita,26/02/2026
dou/dou_23629294_portaria_n_7_061_de_23_de_fevereiro_de_2026.txt,PORTARIA-6980,cita,26/02/2026
dou/dou_23629294_portaria_n_7_061_de_23_de_fevereiro_de_2026.txt,PORTARIA-7061,cita,26/02/2026
dou/dou_23629295_portaria_n_7_062_de_23_de_fevereiro_de_2026.txt,PORTARIA-7062,cita,26/02/2026
dou/dou_23629295_portaria_n_7_062_de_23_de_fevereiro_de_2026.txt,PORTARIA-6980,cita,26/02/2026
dou/dou_23629295_portaria_n_7_062_de_23_de_fevereiro_de_2026.txt,LEI-13709,cita,26/02/2026
dou/dou_23632188_portaria_mme_n_897_de_26_de_fevereiro_de_2026.txt,LEI-200,cita,27/02/2026
dou/dou_23632963_portaria_mme_n_898_de_26_de_fevereiro_de_2026.txt,DECRETO-9022,cita,27/02/2026
dou/dou_23632963_portaria_mme_n_898_de_26_de_fevereiro_de_2026.txt,LEI-10438,cita,27/02/2026
dou/dou_23632963_portaria_mme_n_898_de_26_de_fevereiro_de_2026.txt,DECRETO-11628,cita,27/02/2026
dou/dou_23633483_despacho_sdl_anp_n_302_de_26_de_fevereiro_de_2026.txt,LEI-9478,cita,27/02/2026
dou/dou_23633484_despacho_sdl_anp_n_303_de_26_de_fevereiro_de_2026.txt,LEI-9478,cita,27/02/2026
dou/dou_23633509_autoriza_o_sdl_anp_n_95_de_26_de_fevereiro_de_2026.txt,LEI-9478,cita,27/02/2026
dou/dou_23633558_despacho_sbq_anp_n_299_de_26_de_fevereiro_de_2026.txt,LEI-9478,cita,27/02/2026
dou/dou_23633951_despacho_n_646_de_25_de_fevereiro_de_2026.txt,ANEEL-REN-1029,cita,27/02/2026
dou/dou_23633951_despacho_n_646_de_25_de_fevereiro_de_2026.txt,PORTARIA-6836,cita,27/02/2026
dou/dou_23633951_despacho_n_646_de_25_de_fevereiro_de_2026.txt,ANEEL-DESPACHO-646,cita,27/02/2026
dou/dou_23633952_despacho_n_647_de_25_de_fevereiro_de_2026.txt,ANEEL-REN-1029,cita,27/02/2026
dou/dou_23633952_despacho_n_647_de_25_de_fevereiro_de_2026.txt,PORTARIA-6836,cita,27/02/2026
dou/dou_23633952_despacho_n_647_de_25_de_fevereiro_de_2026.txt,ANEEL-DESPACHO-647,cita,27/02/2026
dou/dou_23633953_despacho_n_648_de_25_de_fevereiro_de_2026.txt,ANEEL-DESPACHO-648,cita,27/02/2026
dou/dou_23633953_despacho_n_648_de_25_de_fevereiro_de_2026.txt,PORTARIA-6836,cita,27/02/2026
dou/dou_23633954_despacho_n_649_de_25_de_fevereiro_de_2026.txt,ANEEL-DESPACHO-649,cita,27/02/2026
dou/dou_23633954_despacho_n_649_de_25_de_fevereiro_de_2026.txt,ANEEL-REN-1029,cita,27/02/2026
dou/dou_23633954_despacho_n_649_de_25_de_fevereiro_de_2026.txt,PORTARIA-6836,cita,27/02/2026
dou/dou_23633956_despacho_n_650_de_25_de_fevereiro_de_2026.txt,ANEEL-DESPACHO-650,cita,27/02/2026
dou/dou_23633956_despacho_n_650_de_25_de_fevereiro_de_2026.txt,PORTARIA-6836,cita,27/02/2026
dou/dou_23633958_despacho_n_653_de_25_de_fevereiro_de_2026.txt,ANEEL-DESPACHO-653,cita,27/02/2026
dou/dou_23633958_despacho_n_653_de_25_de_fevereiro_de_2026.txt,PORTARIA-6826,cita,27/02/2026
dou/dou_23633958_despacho_n_653_de_25_de_fevereiro_de_2026.txt,LEI-9427,cita,27/02/2026
dou/dou_23634449_portaria_mme_n_899_de_26_de_fevereiro_de_2026.txt,DECRETO-12002,cita,27/02/2026
dou/dou_23634449_portaria_mme_n_899_de_26_de_fevereiro_de_2026.txt,LEI-15269,cita,27/02/2026
dou/dou_23634449_portaria_mme_n_899_de_26_de_fevereiro_de_2026.txt,LEI-9784,cita,27/02/2026
dou/dou_23634449_portaria_mme_n_899_de_26_de_fevereiro_de_2026.txt,LEI-10848,cita,27/02/2026
dou/dou_23634464_despacho_n_262_de_24_de_fevereiro_de_2026.txt,ANEEL-DESPACHO-262,cita,27/02/2026
dou/dou_23634464_despacho_n_262_de_24_de_fevereiro_de_2026.txt,PORTARIA-4595,cita,27/02/2026
dou/dou_23634465_despacho_n_663_de_26_de_fevereiro_de_2026.txt,ANEEL-DESPACHO-663,cita,27/02/2026
dou/dou_23634491_despacho_n_610_de_24_de_fevereiro_de_2026.txt,ANEEL-DESPACHO-610,cita,27/02/2026
dou/dou_23634492_despacho_n_634_de_24_de_fevereiro_de_2026.txt,ANEEL-DESPACHO-3500,cita,27/02/2026
dou/dou_23634492_despacho_n_634_de_24_de_fevereiro_de_2026.txt,ANEEL-DESPACHO-634,cita,27/02/2026
dou/dou_23634494_despacho_n_386_de_5_de_fevereiro_de_2026.txt,ANEEL-DESPACHO-386,cita,27/02/2026
dou/dou_23634495_despacho_n_595_de_23_de_fevereiro_de_2026.txt,ANEEL-DESPACHO-595,cita,27/02/2026
dou/dou_23634496_despacho_n_598_de_23_de_fevereiro_de_2026.txt,ANEEL-DESPACHO-598,cita,27/02/2026
dou/dou_23634497_despacho_n_604_de_23_de_fevereiro_de_2026.txt,ANEEL-DESPACHO-604,cita,27/02/2026
dou/dou_23634498_despacho_n_636_de_25_de_fevereiro_de_2026.txt,ANEEL-DESPACHO-636,cita,27/02/2026
dou/dou_23634649_despacho_n_669_de_26_de_fevereiro_de_2026.txt,ONS-SUBMODULO-8.4,cita,27/02/2026
dou/dou_23634649_despacho_n_669_de_26_de_fevereiro_de_2026.txt,ANEEL-DESPACHO-669,cita,27/02/2026
ons/ons_s_bmodulo_1_2_pr_2023_07.txt,LEI-99,cita,
ons/ons_s_bmodulo_1_2_pr_2023_07.txt,ONS-SUBMODULO-1.2,cita,
ons/ons_s_bmodulo_1_2_pr_2023_07.txt,LEI-8422,cita,
ons/ons_s_bmodulo_1_2_pr_2023_07.txt,LEI-9427,cita,
ons/ons_s_bmodulo_1_2_pr_2023_07.txt,LEI-9074,cita,
ons/ons_s_bmodulo_1_2_pr_2023_07.txt,ONS-SUBMODULO-26.2,cita,
ons/ons_s_bmodulo_1_2_pr_2023_07.txt,LEI-10848,cita,
ons/ons_s_bmodulo_1_2_pr_2023_07.txt,LEI-9984,cita,
ons/ons_s_bmodulo_1_2_pr_2023_07.txt,LEI-8987,cita,
ons/ons_s_bmodulo_1_2_pr_2023_07.txt,DECRETO-5177,cita,
ons/ons_s_bmodulo_2_10_rq_2023_1.txt,ONS-SUBMODULO-2.11,cita,
ons/ons_s_bmodulo_2_10_rq_2023_1.txt,ONS-SUBMODULO-6.17,cita,
ons/ons_s_bmodulo_2_10_rq_2023_1.txt,ONS-SUBMODULO-6.10,cita,
ons/ons_s_bmodulo_2_10_rq_2023_1.txt,ANEEL-REN-1055,cita,
ons/ons_s_bmodulo_2_10_rq_2023_1.txt,ONS-SUBMODULO-9.7,cita,
ons/ons_s_bmodulo_2_10_rq_2023_1.txt,ONS-SUBMODULO-7.5,cita,
ons/ons_s_bmodulo_2_10_rq_2023_1.txt,ONS-SUBMODULO-6.3,cita,
ons/ons_s_bmodulo_2_10_rq_2023_1.txt,ONS-SUBMODULO-7.11,cita,
ons/ons_s_bmodulo_2_10_rq_2023_1.txt,ONS-SUBMODULO-6.15,cita,
ons/ons_s_bmodulo_2_10_rq_2023_1.txt,ONS-SUBMODULO-6.16,cita,
ons/ons_s_bmodulo_2_10_rq_2023_1.txt,ONS-SUBMODULO-2.6,cita,
ons/ons_s_bmodulo_2_10_rq_2023_1.txt,ONS-SUBMODULO-7.2,cita,
ons/ons_s_bmodulo_2_10_rq_2023_1.txt,ANEEL-REN-954,cita,
ons/ons_s_bmodulo_2_10_rq_2023_1.txt,ONS-SUBMODULO-2.15,cita,
ons/ons_s_bmodulo_2_10_rq_2023_1.txt,ONS-SUBMODULO-2.12,cita,
ons/ons_s_bmodulo_2_10_rq_2023_1.txt,ONS-SUBMODULO-6.14,cita,
ons/ons_s_bmodulo_2_10_rq_2023_1.txt,ONS-SUBMODULO-2.8,cita,
ons/ons_s_bmodulo_2_10_rq_2023_1.txt,ONS-SUBMODULO-2.3,cita,
ons/ons_s_bmodulo_2_10_rq_2023_1.txt,ONS-SUBMODULO-7.10,cita,
ons/ons_s_bmodulo_2_10_rq_2023_1.txt,ONS-SUBMODULO-5.9,cita,
ons/ons_s_bmodulo_2_10_rq_2023_1.txt,ONS-SUBMODULO-2.14,cita,
ons/ons_s_bmodulo_2_10_rq_2023_1.txt,ONS-SUBMODULO-7.6,cita,
ons/ons_s_bmodulo_2_10_rq_2023_1.txt,ONS-SUBMODULO-2.10,cita,
ons/ons_s_bmodulo_2_10_rq_2023_1.txt,ONS-SUBMODULO-2.16,cita,
ons/ons_s_bmodulo_2_10_rq_2023_1.txt,ONS-SUBMODULO-2.9,cita,
ons/ons_s_bmodulo_2_10_rq_2023_1.txt,ONS-SUBMODULO-7.12,cita,
ons/ons_s_bmodulo_2_10_rq_2023_1.txt,ONS-SUBMODULO-7.8,cita,
ons/ons_s_bmodulo_3_10_op_2022_12.txt,ONS-SUBMODULO-3.1,cita,
ons/ons_s_bmodulo_3_10_op_2022_12.txt,ONS-SUBMODULO-2.10,cita,
ons/ons_s_bmodulo_3_10_op_2022_12.txt,ONS-SUBMODULO-7.6,cita,
ons/ons_s_bmodulo_3_10_op_2022_12.txt,ONS-SUBMODULO-6.3,cita,
ons/ons_s_bmodulo_3_10_op_2022_12.txt,ONS-SUBMODULO-4.2,cita,
ons/ons_s_bmodulo_3_10_op_2022_12.txt,ONS-SUBMODULO-6.12,cita,
ons/ons_s_bmodulo_3_10_op_2022_12.txt,ONS-SUBMODULO-7.5,cita,
ons/ons_s_bmodulo_3_10_op_2022_12.txt,ONS-SUBMODULO-7.4,cita,
ons/ons_s_bmodulo_3_10_op_2022_12.txt,ONS-SUBMODULO-5.12,cita,
ons/ons_s_bmodulo_3_10_op_2022_12.txt,ONS-SUBMODULO-2.3,cita,
ons/ons_s_bmodulo_3_10_op_2022_12.txt,ONS-SUBMODULO-7.10,cita,
ons/ons_s_bmodulo_3_10_op_2022_12.txt,ONS-SUBMODULO-3.12,cita,
ons/ons_s_bmodulo_3_10_op_2022_12.txt,ONS-SUBMODULO-3.5,cita,
ons/ons_s_bmodulo_3_10_op_2022_12.txt,ONS-SUBMODULO-4.1,cita,
ons/ons_s_bmodulo_3_10_op_2022_12.txt,ONS-SUBMODULO-7.1,cita,
ons/ons_s_bmodulo_3_10_op_2022_12.txt,ONS-SUBMODULO-3.10,cita,
ons/ons_s_bmodulo_3_10_op_2022_12.txt,ONS-SUBMODULO-3.3,cita,
ons/ons_s_bmodulo_3_10_op_2022_12.txt,ONS-SUBMODULO-3.9,cita,
ons/ons_s_bmodulo_3_10_op_2023_06.txt,ONS-SUBMODULO-3.1,cita,
ons/ons_s_bmodulo_3_10_op_2023_06.txt,ONS-SUBMODULO-2.10,cita,
ons/ons_s_bmodulo_3_10_op_2023_06.txt,ONS-SUBMODULO-7.6,cita,
ons/ons_s_bmodulo_3_10_op_2023_06.txt,ONS-SUBMODULO-6.3,cita,
ons/ons_s_bmodulo_3_10_op_2023_06.txt,ONS-SUBMODULO-4.2,cita,
ons/ons_s_bmodulo_3_10_op_2023_06.txt,ONS-SUBMODULO-6.12,cita,
ons/ons_s_bmodulo_3_10_op_2023_06.txt,ONS-SUBMODULO-7.5,cita,
ons/ons_s_bmodulo_3_10_op_2023_06.txt,ONS-SUBMODULO-7.4,cita,
ons/ons_s_bmodulo_3_10_op_2023_06.txt,ONS-SUBMODULO-5.12,cita,
ons/ons_s_bmodulo_3_10_op_2023_06.txt,ONS-SUBMODULO-2.3,cita,
ons/ons_s_bmodulo_3_10_op_2023_06.txt,ONS-SUBMODULO-7.10,cita,
ons/ons_s_bmodulo_3_10_op_2023_06.txt,ONS-SUBMODULO-3.12,cita,
ons/ons_s_bmodulo_3_10_op_2023_06.txt,ONS-SUBMODULO-3.5,cita,
ons/ons_s_bmodulo_3_10_op_2023_06.txt,ONS-SUBMODULO-4.1,cita,
ons/ons_s_bmodulo_3_10_op_2023_06.txt,ONS-SUBMODULO-7.1,cita,
ons/ons_s_bmodulo_3_10_op_2023_06.txt,ONS-SUBMODULO-3.10,cita,
ons/ons_s_bmodulo_3_10_op_2023_06.txt,ONS-SUBMODULO-3.3,cita,
ons/ons_s_bmodulo_3_10_op_2023_06.txt,ONS-SUBMODULO-3.9,cita,
ons/ons_s_bmodulo_3_11_op_2023_06.txt,ONS-SUBMODULO-3.1,cita,
ons/ons_s_bmodulo_3_11_op_2023_06.txt,ONS-SUBMODULO-2.10,cita,
ons/ons_s_bmodulo_3_11_op_2023_06.txt,ONS-SUBMODULO-7.6,cita,
ons/ons_s_bmodulo_3_11_op_2023_06.txt,ONS-SUBMODULO-7.5,cita,
ons/ons_s_bmodulo_3_11_op_2023_06.txt,ONS-SUBMODULO-3.12,cita,
ons/ons_s_bmodulo_3_11_op_2023_06.txt,ONS-SUBMODULO-7.4,cita,
ons/ons_s_bmodulo_3_11_op_2023_06.txt,ONS-SUBMODULO-5.12,cita,
ons/ons_s_bmodulo_3_11_op_2023_06.txt,ONS-SUBMODULO-2.3,cita,
ons/ons_s_bmodulo_3_11_op_2023_06.txt,ONS-SUBMODULO-7.10,cita,
ons/ons_s_bmodulo_3_11_op_2023_06.txt,ONS-SUBMODULO-6.3,cita,
ons/ons_s_bmodulo_3_11_op_2023_06.txt,ONS-SUBMODULO-4.1,cita,
ons/ons_s_bmodulo_3_11_op_2023_06.txt,ONS-SUBMODULO-7.1,cita,
ons/ons_s_bmodulo_3_11_op_2023_06.txt,ONS-SUBMODULO-3.10,cita,
ons/ons_s_bmodulo_3_11_op_2023_06.txt,ONS-SUBMODULO-3.11,cita,
ons/ons_s_bmodulo_3_11_op_2023_06.txt,ONS-SUBMODULO-3.3,cita,
ons/ons_s_bmodulo_3_11_op_2023_06.txt,ONS-SUBMODULO-3.9,cita,
ons/ons_s_bmodulo_3_1_pr_2023_01.txt,ONS-SUBMODULO-3.1,cita,
ons/ons_s_bmodulo_3_1_pr_2023_01.txt,PORTARIA-3926,cita,
ons/ons_s_bmodulo_3_1_pr_2023_01.txt,ANEEL-REH-758,cita,
ons/ons_s_bmodulo_3_1_pr_2023_01.txt,ONS-SUBMODULO-7.3,cita,
ons/ons_s_bmodulo_3_1_pr_2023_01.txt,ONS-SUBMODULO-3.5,cita,
ons/ons_s_bmodulo_3_1_pr_2023_01.txt,ONS-SUBMODULO-2.3,cita,
ons/ons_s_bmodulo_3_1_pr_2023_01.txt,PORTARIA-215,cita,
ons/ons_s_bmodulo_3_1_pr_2023_01.txt,ONS-SUBMODULO-3.12,cita,
ons/ons_s_bmodulo_3_1_pr_2023_01.txt,ANEEL-REN-905,cita,
ons/ons_s_bmodulo_3_1_pr_2023_01.txt,ONS-SUBMODULO-7.1,cita,
ons/ons_s_bmodulo_3_1_rs_2023_01.txt,ANEEL-REN-905,cita,
ons/ons_s_bmodulo_3_1_rs_2023_01.txt,ONS-SUBMODULO-3.1,cita,
ons/ons_s_bmodulo_3_1_rs_2023_01.txt,ONS-SUBMODULO-3.5,cita,
ons/ons_s_bmodulo_3_1_rs_2023_01.txt,PORTARIA-215,cita,
ons/ons_s_bmodulo_3_2_pr_2023_01.txt,ANEEL-REN-905,cita,
ons/ons_s_bmodulo_3_2_pr_2023_01.txt,PORTARIA-3926,cita,
ons/ons_s_bmodulo_3_2_pr_2023_01.txt,ANEEL-REN-1030,cita,
ons/ons_s_bmodulo_3_2_pr_2023_01.txt,ONS-SUBMODULO-7.3,cita,
ons/ons_s_bmodulo_3_2_pr_2023_01.txt,ONS-SUBMODULO-3.2,cita,
ons/ons_s_bmodulo_3_2_rs_2023_01.txt,ONS-SUBMODULO-3.2,cita,
ons/ons_s_bmodulo_3_2_rs_2023_01.txt,ANEEL-REN-905,cita,
ons/ons_s_bmodulo_3_2_rs_2023_01.txt,ANEEL-REN-1030,cita,
ons/ons_s_bmodulo_3_5_op_2022_11.txt,ONS-SUBMODULO-8.1,cita,
ons/ons_s_bmodulo_3_5_op_2022_11.txt,ONS-SUBMODULO-4.4,cita,
ons/ons_s_bmodulo_3_5_op_2022_11.txt,ONS-SUBMODULO-5.13,cita,
ons/ons_s_bmodulo_3_5_op_2022_11.txt,ONS-SUBMODULO-3.5,cita,
ons/ons_s_bmodulo_3_5_op_2022_11.txt,ONS-SUBMODULO-7.1,cita,
ons/ons_s_bmodulo_3_5_op_2022_11.txt,ONS-SUBMODULO-3.3,cita,
ons/ons_s_bmodulo_3_5_op_2023_03.txt,ONS-SUBMODULO-8.1,cita,
ons/ons_s_bmodulo_3_5_op_2023_03.txt,ONS-SUBMODULO-4.4,cita,
ons/ons_s_bmodulo_3_5_op_2023_03.txt,ONS-SUBMODULO-5.13,cita,
ons/ons_s_bmodulo_3_5_op_2023_03.txt,ONS-SUBMODULO-3.5,cita,
ons/ons_s_bmodulo_3_5_op_2023_03.txt,ONS-SUBMODULO-7.1,cita,
ons/ons_s_bmodulo_3_5_op_2023_03.txt,ONS-SUBMODULO-3.3,cita,
ons/ons_s_bmodulo_4_2_pr_2022_08.txt,ONS-SUBMODULO-4.5,cita,
ons/ons_s_bmodulo_4_2_pr_2022_08.txt,ONS-SUBMODULO-8.1,cita,
ons/ons_s_bmodulo_4_2_pr_2022_08.txt,ONS-SUBMODULO-4.2,cita,
ons/ons_s_bmodulo_4_2_pr_2022_08.txt,ONS-SUBMODULO-4.4,cita,
ons/ons_s_bmodulo_4_2_pr_2022_08.txt,ONS-SUBMODULO-5.13,cita,
ons/ons_s_bmodulo_4_2_pr_2022_08.txt,ONS-SUBMODULO-9.4,cita,
ons/ons_s_bmodulo_4_2_pr_2022_08.txt,ONS-SUBMODULO-2.3,cita,
ons/ons_s_bmodulo_4_2_pr_2022_08.txt,ONS-SUBMODULO-2.1,cita,
ons/ons_s_bmodulo_4_2_pr_2022_08.txt,ANEEL-REN-905,cita,
ons/ons_s_bmodulo_4_4_op_2022_10.txt,ONS-SUBMODULO-4.5,cita,
ons/ons_s_bmodulo_4_4_op_2022_10.txt,ONS-SUBMODULO-4.2,cita,
ons/ons_s_bmodulo_4_4_op_2022_10.txt,ONS-SUBMODULO-4.4,cita,
ons/ons_s_bmodulo_4_4_op_2022_10.txt,ONS-SUBMODULO-3.5,cita,
ons/ons_s_bmodulo_4_4_op_2022_10.txt,ONS-SUBMODULO-7.1,cita,
ons/ons_s_bmodulo_4_4_op_2023_03.txt,ONS-SUBMODULO-4.5,cita,
ons/ons_s_bmodulo_4_4_op_2023_03.txt,ONS-SUBMODULO-4.2,cita,
ons/ons_s_bmodulo_4_4_op_2023_03.txt,ONS-SUBMODULO-4.4,cita,
ons/ons_s_bmodulo_4_4_op_2023_03.txt,ONS-SUBMODULO-3.5,cita,
ons/ons_s_bmodulo_4_4_op_2023_03.txt,ONS-SUBMODULO-7.1,cita,
ons/ons_s_bmodulo_4_5_pr_2022_05.txt,ONS-SUBMODULO-4.6,cita,
ons/ons_s_bmodulo_4_5_pr_2022_05.txt,ONS-SUBMODULO-2.4,cita,
ons/ons_s_bmodulo_4_5_pr_2022_05.txt,ONS-SUBMODULO-4.5,cita,
ons/ons_s_bmodulo_4_5_pr_2022_05.txt,ONS-SUBMODULO-3.8,cita,
ons/ons_s_bmodulo_4_5_pr_2022_05.txt,ONS-SUBMODULO-7.2,cita,
ons/ons_s_bmodulo_4_5_pr_2022_05.txt,ONS-SUBMODULO-4.2,cita,
ons/ons_s_bmodulo_4_5_pr_2022_05.txt,ANEEL-REN-822,cita,
ons/ons_s_bmodulo_4_5_pr_2022_05.txt,ONS-SUBMODULO-5.13,cita,
ons/ons_s_bmodulo_4_5_pr_2022_05.txt,ONS-SUBMODULO-4.4,cita,
ons/ons_s_bmodulo_4_5_pr_2022_05.txt,ANEEL-REN-614,cita,
ons/ons_s_bmodulo_4_5_pr_2022_05.txt,ONS-SUBMODULO-4.3,cita,
ons/ons_s_bmodulo_4_5_pr_2022_05.txt,ONS-SUBMODULO-3.3,cita,
ons/ons_s_bmodulo_4_5_pr_2022_05.txt,ONS-SUBMODULO-4.8,cita,
ons/ons_s_bmodulo_4_5_pr_2022_05.txt,ONS-SUBMODULO-3.7,cita,
ons/ons_s_bmodulo_4_5_pr_2022_05.txt,ONS-SUBMODULO-4.7,cita,
ons/ons_s_bmodulo_4_5_pr_2022_05.txt,ONS-SUBMODULO-4.1,cita,
ons/ons_s_bmodulo_4_5_pr_2022_05.txt,ANEEL-DESPACHO-3572,cita,
ons/ons_s_bmodulo_4_5_pr_2023_08.txt,ONS-SUBMODULO-4.6,cita,
ons/ons_s_bmodulo_4_5_pr_2023_08.txt,ONS-SUBMODULO-2.4,cita,
ons/ons_s_bmodulo_4_5_pr_2023_08.txt,ONS-SUBMODULO-4.5,cita,
ons/ons_s_bmodulo_4_5_pr_2023_08.txt,ONS-SUBMODULO-3.8,cita,
ons/ons_s_bmodulo_4_5_pr_2023_08.txt,ONS-SUBMODULO-7.2,cita,
ons/ons_s_bmodulo_4_5_pr_2023_08.txt,ONS-SUBMODULO-4.2,cita,
ons/ons_s_bmodulo_4_5_pr_2023_08.txt,ANEEL-REN-822,cita,
ons/ons_s_bmodulo_4_5_pr_2023_08.txt,ONS-SUBMODULO-5.13,cita,
ons/ons_s_bmodulo_4_5_pr_2023_08.txt,ONS-SUBMODULO-4.4,cita,
ons/ons_s_bmodulo_4_5_pr_2023_08.txt,ANEEL-REN-614,cita,
ons/ons_s_bmodulo_4_5_pr_2023_08.txt,ONS-SUBMODULO-4.3,cita,
ons/ons_s_bmodulo_4_5_pr_2023_08.txt,ONS-SUBMODULO-3.3,cita,
ons/ons_s_bmodulo_4_5_pr_2023_08.txt,ONS-SUBMODULO-4.8,cita,
ons/ons_s_bmodulo_4_5_pr_2023_08.txt,ONS-SUBMODULO-3.7,cita,
ons/ons_s_bmodulo_4_5_pr_2023_08.txt,ONS-SUBMODULO-4.7,cita,
ons/ons_s_bmodulo_4_5_pr_2023_08.txt,ANEEL-REN-1040,cita,
ons/ons_s_bmodulo_4_5_pr_2023_08.txt,ONS-SUBMODULO-4.1,cita,
ons/ons_s_bmodulo_4_5_pr_2023_08.txt,ANEEL-DESPACHO-3572,cita,
ons/ons_s_bmodulo_4_5_rs_2023_08.txt,ANEEL-REN-1040,cita,
ons/ons_s_bmodulo_4_5_rs_2023_08.txt,ONS-SUBMODULO-4.5,cita,
ons/ons_s_bmodulo_5_1_op_2022_08.txt,ONS-SUBMODULO-5.15,cita,
ons/ons_s_bmodulo_5_1_op_2022_08.txt,ONS-SUBMODULO-2.12,cita,
ons/ons_s_bmodulo_5_1_op_2022_08.txt,ONS-SUBMODULO-2.16,cita,
ons/ons_s_bmodulo_5_1_op_2022_08.txt,ONS-SUBMODULO-4.2,cita,
ons/ons_s_bmodulo_5_1_op_2022_08.txt,ONS-SUBMODULO-5.13,cita,
ons/ons_s_bmodulo_5_1_op_2022_08.txt,ONS-SUBMODULO-5.1,cita,
ons/ons_s_bmodulo_5_1_op_2022_08.txt,ONS-SUBMODULO-2.15,cita,
ons/ons_s_bmodulo_5_1_op_2022_08.txt,ONS-SUBMODULO-5.6,cita,
ons/ons_s_bmodulo_5_1_op_2022_08.txt,ONS-SUBMODULO-1.1,cita,
ons/ons_s_bmodulo_5_1_op_2022_08.txt,ONS-SUBMODULO-3.10,cita,
ons/ons_s_bmodulo_5_1_rs_2020_12.txt,ANEEL-REN-903,cita,
ons/ons_s_bmodulo_5_1_rs_2020_12.txt,ONS-SUBMODULO-5.1,cita,
ons/ons_s_bmodulo_6_16_rs_2022_11.txt,ONS-SUBMODULO-7.2,cita,
ons/ons_s_bmodulo_6_16_rs_2022_11.txt,ONS-SUBMODULO-6.16,cita,
ons/ons_s_bmodulo_6_8_pr_2022_11.txt,ONS-SUBMODULO-8.1,cita,
ons/ons_s_bmodulo_6_8_pr_2022_11.txt,ONS-SUBMODULO-6.8,cita,
ons/ons_s_bmodulo_6_8_pr_2022_11.txt,ONS-SUBMODULO-7.11,cita,
ons/ons_s_bmodulo_6_8_pr_2022_11.txt,ONS-SUBMODULO-8.3,cita,
ons/ons_s_bmodulo_6_8_pr_2022_11.txt,ANEEL-REN-905,cita,
ons/ons_s_bmodulo_6_8_rs_2022_11.txt,ONS-SUBMODULO-6.8,cita,
ons/ons_s_bmodulo_7_11_op_2023_03.txt,ONS-SUBMODULO-1.2,cita,
ons/ons_s_bmodulo_7_11_op_2023_03.txt,ONS-SUBMODULO-7.2,cita,
ons/ons_s_bmodulo_7_11_op_2023_03.txt,ONS-SUBMODULO-4.2,cita,
ons/ons_s_bmodulo_7_11_op_2023_03.txt,ONS-SUBMODULO-7.11,cita,
ons/ons_s_bmodulo_7_11_op_2023_03.txt,ONS-SUBMODULO-2.14,cita,
ons/ons_s_bmodulo_7_11_rs_2022_11.txt,ANEEL-REN-759,cita,
ons/ons_s_bmodulo_7_11_rs_2022_11.txt,ONS-SUBMODULO-7.11,cita,
ons/ons_s_bmodulo_7_11_rs_2022_11.txt,ONS-SUBMODULO-7.2,cita,
ons/ons_s_bmodulo_7_13_pr_2023_1.txt,ONS-SUBMODULO-7.2,cita,
ons/ons_s_bmodulo_7_13_pr_2023_1.txt,ONS-SUBMODULO-4.2,cita,
ons/ons_s_bmodulo_7_13_pr_2023_1.txt,ONS-SUBMODULO-2.16,cita,
ons/ons_s_bmodulo_7_13_pr_2023_1.txt,ONS-SUBMODULO-7.13,cita,
ons/ons_s_bmodulo_7_14_pr_2023_09.txt,ONS-SUBMODULO-7.14,cita,
ons/ons_s_bmodulo_7_15_pr_2022_08.txt,ANEEL-REN-905,cita,
ons/ons_s_bmodulo_7_15_pr_2022_08.txt,ONS-SUBMODULO-7.15,cita,
ons/ons_s_bmodulo_7_15_pr_2022_08.txt,ONS-SUBMODULO-12.2,cita,
ons/ons_s_bmodulo_7_15_rs_2023_01.txt,ANEEL-REN-905,cita,
ons/ons_s_bmodulo_7_15_rs_2023_01.txt,ONS-SUBMODULO-7.15,cita,
ons/ons_s_bmodulo_7_1_pr_2023_08.txt,ANEEL-REN-1000,cita,
ons/ons_s_bmodulo_7_1_pr_2023_08.txt,PORTARIA-21,cita,
ons/ons_s_bmodulo_7_1_pr_2023_08.txt,ONS-SUBMODULO-2.10,cita,
ons/ons_s_bmodulo_7_1_pr_2023_08.txt,ONS-SUBMODULO-7.2,cita,
ons/ons_s_bmodulo_7_1_pr_2023_08.txt,ANEEL-REN-954,cita,
ons/ons_s_bmodulo_7_1_pr_2023_08.txt,ANEEL-REN-876,cita,
ons/ons_s_bmodulo_7_1_pr_2023_08.txt,ONS-SUBMODULO-2.3,cita,
ons/ons_s_bmodulo_7_1_pr_2023_08.txt,ONS-SUBMODULO-7.8,cita,
ons/ons_s_bmodulo_7_1_pr_2023_08.txt,ANEEL-REN-905,cita,
ons/ons_s_bmodulo_7_1_pr_2023_08.txt,ONS-SUBMODULO-7.1,cita,
ons/ons_s_bmodulo_7_1_pr_2023_08.txt,ANEEL-REN-875,cita,
ons/ons_s_bmodulo_7_1_pr_2023_08.txt,ONS-SUBMODULO-2.14,cita,
ons/ons_s_bmodulo_7_1_rs_2023_08.txt,ANEEL-REN-1000,cita,
ons/ons_s_bmodulo_7_1_rs_2023_08.txt,ONS-SUBMODULO-2.10,cita,
ons/ons_s_bmodulo_7_1_rs_2023_08.txt,ONS-SUBMODULO-7.2,cita,
ons/ons_s_bmodulo_7_1_rs_2023_08.txt,ANEEL-REN-954,cita,
ons/ons_s_bmodulo_7_1_rs_2023_08.txt,ANEEL-REN-876,cita,
ons/ons_s_bmodulo_7_1_rs_2023_08.txt,ANEEL-REN-905,cita,
ons/ons_s_bmodulo_7_1_rs_2023_08.txt,ONS-SUBMODULO-7.1,cita,
ons/ons_s_bmodulo_7_1_rs_2023_08.txt,ANEEL-REN-875,cita,
ons/ons_s_bmodulo_7_1_rs_2023_08.txt,DECRETO-5597,cita,
ons/ons_s_bmodulo_7_9_op_2022_10.txt,ONS-SUBMODULO-2.12,cita,
ons/ons_s_bmodulo_7_9_op_2022_10.txt,ONS-SUBMODULO-7.9,cita,
ons/ons_s_bmodulo_7_9_op_2022_10.txt,ONS-SUBMODULO-5.13,cita,
ons/ons_s_bmodulo_7_9_op_2022_10.txt,ONS-SUBMODULO-2.1,cita,
ons/ons_s_bmodulo_7_9_op_2022_10.txt,ANEEL-REN-905,cita,
ons/ons_s_bmodulo_7_9_op_2022_10.txt,ANEEL-REN-697,cita,
ons/ons_s_bmodulo_7_9_op_2022_10.txt,ONS-SUBMODULO-2.13,cita,
ons/ons_s_bmodulo_8_1_pr_2023_07.txt,ONS-SUBMODULO-6.8,cita,
ons/ons_s_bmodulo_8_1_pr_2023_07.txt,ONS-SUBMODULO-3.5,cita,
ons/ons_s_bmodulo_8_1_pr_2023_07.txt,ONS-SUBMODULO-6.5,cita,
ons/ons_s_bmodulo_8_1_pr_2023_07.txt,ONS-SUBMODULO-8.3,cita,
ons/ons_s_bmodulo_8_1_pr_2023_07.txt,ONS-SUBMODULO-7.11,cita,
ons/ons_s_bmodulo_8_1_pr_2023_07.txt,ONS-SUBMODULO-8.2,cita,
ons/ons_s_bmodulo_8_1_pr_2023_07.txt,ANEEL-REN-954,cita,
ons/ons_s_bmodulo_8_1_pr_2023_07.txt,ONS-SUBMODULO-6.6,cita,
ons/ons_s_bmodulo_8_1_pr_2023_07.txt,ONS-SUBMODULO-3.1,cita,
ons/ons_s_bmodulo_8_1_pr_2023_07.txt,ONS-SUBMODULO-8.1,cita,
ons/ons_s_bmodulo_8_1_pr_2023_07.txt,ONS-SUBMODULO-2.3,cita,
ons/ons_s_bmodulo_8_1_pr_2023_07.txt,ONS-SUBMODULO-7.10,cita,
ons/ons_s_bmodulo_8_1_pr_2023_07.txt,ONS-SUBMODULO-7.1,cita,
ons/ons_s_bmodulo_8_1_pr_2023_07.txt,ONS-SUBMODULO-2.10,cita,
ons/ons_s_bmodulo_8_1_pr_2023_07.txt,ONS-SUBMODULO-4.5,cita,
ons/ons_s_bmodulo_8_1_pr_2023_07.txt,ANEEL-REN-1030,cita,
ons/ons_s_bmodulo_8_1_pr_2023_07.txt,ONS-SUBMODULO-7.12,cita,
ons/ons_s_bmodulo_8_1_pr_2023_07.txt,ANEEL-REN-905,cita,
ons/ons_s_bmodulo_8_1_pr_2023_07.txt,ONS-SUBMODULO-3.10,cita,
ons/ons_s_bmodulo_8_1_pr_2023_09.txt,ONS-SUBMODULO-6.8,cita,
ons/ons_s_bmodulo_8_1_pr_2023_09.txt,ONS-SUBMODULO-3.5,cita,
ons/ons_s_bmodulo_8_1_pr_2023_09.txt,ONS-SUBMODULO-6.5,cita,
ons/ons_s_bmodulo_8_1_pr_2023_09.txt,ONS-SUBMODULO-8.3,cita,
ons/ons_s_bmodulo_8_1_pr_2023_09.txt,ONS-SUBMODULO-7.11,cita,
ons/ons_s_bmodulo_8_1_pr_2023_09.txt,ONS-SUBMODULO-8.2,cita,
ons/ons_s_bmodulo_8_1_pr_2023_09.txt,ANEEL-REN-954,cita,
ons/ons_s_bmodulo_8_1_pr_2023_09.txt,ONS-SUBMODULO-6.6,cita,
ons/ons_s_bmodulo_8_1_pr_2023_09.txt,ONS-SUBMODULO-3.1,cita,
ons/ons_s_bmodulo_8_1_pr_2023_09.txt,ONS-SUBMODULO-8.1,cita,
ons/ons_s_bmodulo_8_1_pr_2023_09.txt,ONS-SUBMODULO-2.3,cita,
ons/ons_s_bmodulo_8_1_pr_2023_09.txt,ONS-SUBMODULO-7.10,cita,
ons/ons_s_bmodulo_8_1_pr_2023_09.txt,ONS-SUBMODULO-7.1,cita,
ons/ons_s_bmodulo_8_1_pr_2023_09.txt,ONS-SUBMODULO-2.10,cita,
ons/ons_s_bmodulo_8_1_pr_2023_09.txt,ONS-SUBMODULO-4.5,cita,
ons/ons_s_bmodulo_8_1_pr_2023_09.txt,ANEEL-REN-1030,cita,
ons/ons_s_bmodulo_8_1_pr_2023_09.txt,ONS-SUBMODULO-7.12,cita,
ons/ons_s_bmodulo_8_1_pr_2023_09.txt,ANEEL-REN-905,cita,
ons/ons_s_bmodulo_8_1_pr_2023_09.txt,ONS-SUBMODULO-3.10,cita,
ons/ons_s_bmodulo_8_1_rs_2023_07.txt,ONS-SUBMODULO-8.1,cita,
ons/ons_s_bmodulo_8_1_rs_2023_07.txt,ANEEL-REN-954,cita,
ons/ons_s_bmodulo_8_1_rs_2023_07.txt,ANEEL-REN-1030,cita,
ons/ons_s_bmodulo_8_1_rs_2023_07.txt,ANEEL-REN-905,cita,
ons/ons_s_bmodulo_8_1_rs_2023_07.txt,ONS-SUBMODULO-7.1,cita,
ons/ons_s_bmodulo_8_1_rs_2023_09.txt,ONS-SUBMODULO-8.1,cita,
ons/ons_s_bmodulo_8_1_rs_2023_09.txt,ANEEL-REN-954,cita,
ons/ons_s_bmodulo_8_1_rs_2023_09.txt,ANEEL-REN-1030,cita,
ons/ons_s_bmodulo_8_1_rs_2023_09.txt,ANEEL-REN-905,cita,
ons/ons_s_bmodulo_8_1_rs_2023_09.txt,ONS-SUBMODULO-7.1,cita,
ons/ons_s_bmodulo_8_1_rs_2023_1.txt,ONS-SUBMODULO-7.1,cita,
ons/ons_s_bmodulo_8_1_rs_2023_1.txt,ONS-SUBMODULO-8.1,cita,
ons/ons_s_bmodulo_8_1_rs_2023_1.txt,ANEEL-REN-1055,cita,
ons/ons_s_bmodulo_8_1_rs_2023_1.txt,ANEEL-REN-666,cita,
ons/ons_s_bmodulo_8_1_rs_2023_1.txt,ANEEL-REN-722,cita,
ons/ons_s_bmodulo_8_1_rs_2023_1.txt,ANEEL-REN-697,cita,
ons/ons_s_bmodulo_8_3_pr_2022_10.txt,LEI-9427,cita,
ons/ons_s_bmodulo_8_3_pr_2022_10.txt,ONS-SUBMODULO-8.1,cita,
ons/ons_s_bmodulo_8_3_pr_2022_10.txt,ONS-SUBMODULO-4.1,cita,
ons/ons_s_bmodulo_8_3_pr_2022_10.txt,ANEEL-REN-954,cita,
ons/ons_s_bmodulo_8_3_pr_2022_10.txt,ONS-SUBMODULO-6.8,cita,
ons/ons_s_bmodulo_8_3_pr_2022_10.txt,ONS-SUBMODULO-6.7,cita,
ons/ons_s_bmodulo_8_3_pr_2022_10.txt,ONS-SUBMODULO-4.3,cita,
ons/ons_s_bmodulo_8_3_pr_2022_10.txt,ONS-SUBMODULO-3.4,cita,
ons/ons_s_bmodulo_8_3_pr_2022_10.txt,ANEEL-REN-349,cita,
ons/ons_s_bmodulo_8_3_pr_2022_10.txt,ONS-SUBMODULO-3.2,cita,
ons/ons_s_bmodulo_8_3_pr_2022_10.txt,ONS-SUBMODULO-8.3,cita,
ons/ons_s_bmodulo_8_3_pr_2022_10.txt,ANEEL-REN-905,cita,
ons/ons_s_bmodulo_8_3_pr_2022_10.txt,ONS-SUBMODULO-7.15,cita,
ons/ons_s_bmodulo_8_3_pr_2023_09.txt,LEI-9427,cita,
ons/ons_s_bmodulo_8_3_pr_2023_09.txt,ONS-SUBMODULO-8.1,cita,
ons/ons_s_bmodulo_8_3_pr_2023_09.txt,ONS-SUBMODULO-4.1,cita,
ons/ons_s_bmodulo_8_3_pr_2023_09.txt,ANEEL-REN-954,cita,
ons/ons_s_bmodulo_8_3_pr_2023_09.txt,ONS-SUBMODULO-6.8,cita,
ons/ons_s_bmodulo_8_3_pr_2023_09.txt,ONS-SUBMODULO-6.7,cita,
ons/ons_s_bmodulo_8_3_pr_2023_09.txt,ONS-SUBMODULO-4.3,cita,
ons/ons_s_bmodulo_8_3_pr_2023_09.txt,ONS-SUBMODULO-3.4,cita,
ons/ons_s_bmodulo_8_3_pr_2023_09.txt,ANEEL-REN-349,cita,
ons/ons_s_bmodulo_8_3_pr_2023_09.txt,ONS-SUBMODULO-3.2,cita,
ons/ons_s_bmodulo_8_3_pr_2023_09.txt,ONS-SUBMODULO-8.3,cita,
ons/ons_s_bmodulo_8_3_pr_2023_09.txt,ANEEL-REN-905,cita,
ons/ons_s_bmodulo_8_3_pr_2023_09.txt,ONS-SUBMODULO-7.15,cita,
ons/ons_subm_dulo_1_1_op_2020_12.txt,ONS-SUBMODULO-5.15,cita,
ons/ons_subm_dulo_1_1_op_2020_12.txt,ONS-SUBMODULO-2.16,cita,
ons/ons_subm_dulo_1_1_op_2020_12.txt,ONS-SUBMODULO-2.5,cita,
ons/ons_subm_dulo_1_1_op_2020_12.txt,ONS-SUBMODULO-5.13,cita,
ons/ons_subm_dulo_1_1_op_2020_12.txt,ONS-SUBMODULO-5.14,cita,
ons/ons_subm_dulo_1_1_op_2020_12.txt,ONS-SUBMODULO-5.12,cita,
ons/ons_subm_dulo_1_1_op_2020_12.txt,ONS-SUBMODULO-5.11,cita,
ons/ons_subm_dulo_1_1_op_2020_12.txt,ONS-SUBMODULO-1.1,cita,
ons/ons_subm_dulo_1_1_op_2020_12.txt,ANEEL-REN-903,cita,
ons/ons_subm_dulo_1_1_rs_2020_12.txt,ONS-SUBMODULO-5.15,cita,
ons/ons_subm_dulo_1_1_rs_2020_12.txt,ONS-SUBMODULO-5.13,cita,
ons/ons_subm_dulo_1_1_rs_2020_12.txt,ONS-SUBMODULO-5.14,cita,
ons/ons_subm_dulo_1_1_rs_2020_12.txt,ONS-SUBMODULO-5.12,cita,
ons/ons_subm_dulo_1_1_rs_2020_12.txt,ONS-SUBMODULO-5.11,cita,
ons/ons_subm_dulo_1_1_rs_2020_12.txt,ONS-SUBMODULO-1.1,cita,
ons/ons_subm_dulo_1_1_rs_2020_12.txt,ANEEL-REN-903,cita,
ons/ons_subm_dulo_1_1_rs_2024_07.txt,ONS-SUBMODULO-5.15,cita,
ons/ons_subm_dulo_1_1_rs_2024_07.txt,ONS-SUBMODULO-5.13,cita,
ons/ons_subm_dulo_1_1_rs_2024_07.txt,ONS-SUBMODULO-5.14,cita,
ons/ons_subm_dulo_1_1_rs_2024_07.txt,ONS-SUBMODULO-5.12,cita,
ons/ons_subm_dulo_1_1_rs_2024_07.txt,ONS-SUBMODULO-5.11,cita,
ons/ons_subm_dulo_1_1_rs_2024_07.txt,ONS-SUBMODULO-1.1,cita,
ons/ons_subm_dulo_1_1_rs_2026_04.txt,ONS-SUBMODULO-5.15,cita,
ons/ons_subm_dulo_1_1_rs_2026_04.txt,ONS-SUBMODULO-5.13,cita,
ons/ons_subm_dulo_1_1_rs_2026_04.txt,ONS-SUBMODULO-5.14,cita,
ons/ons_subm_dulo_1_1_rs_2026_04.txt,ONS-SUBMODULO-5.12,cita,
ons/ons_subm_dulo_1_1_rs_2026_04.txt,ONS-SUBMODULO-5.11,cita,
ons/ons_subm_dulo_1_1_rs_2026_04.txt,ONS-SUBMODULO-1.1,cita,
ons/ons_subm_dulo_1_2_pr_2020_12.txt,LEI-99,cita,
ons/ons_subm_dulo_1_2_pr_2020_12.txt,ONS-SUBMODULO-1.2,cita,
ons/ons_subm_dulo_1_2_pr_2020_12.txt,LEI-8422,cita,
ons/ons_subm_dulo_1_2_pr_2020_12.txt,LEI-9427,cita,
ons/ons_subm_dulo_1_2_pr_2020_12.txt,LEI-9074,cita,
ons/ons_subm_dulo_1_2_pr_2020_12.txt,ONS-SUBMODULO-26.2,cita,
ons/ons_subm_dulo_1_2_pr_2020_12.txt,LEI-10848,cita,
ons/ons_subm_dulo_1_2_pr_2020_12.txt,LEI-8987,cita,
ons/ons_subm_dulo_1_2_pr_2020_12.txt,ANEEL-REN-903,cita,
ons/ons_subm_dulo_1_2_pr_2020_12.txt,LEI-9984,cita,
ons/ons_subm_dulo_1_2_pr_2020_12.txt,DECRETO-5177,cita,
ons/ons_subm_dulo_1_2_pr_2024_05.txt,ONS-SUBMODULO-1.2,cita,
ons/ons_subm_dulo_1_2_pr_2024_05.txt,LEI-8422,cita,
ons/ons_subm_dulo_1_2_pr_2024_05.txt,LEI-9427,cita,
ons/ons_subm_dulo_1_2_pr_2024_05.txt,LEI-9074,cita,
ons/ons_subm_dulo_1_2_pr_2024_05.txt,LEI-10848,cita,
ons/ons_subm_dulo_1_2_pr_2024_05.txt,LEI-100,cita,
ons/ons_subm_dulo_1_2_pr_2024_05.txt,LEI-9984,cita,
ons/ons_subm_dulo_1_2_pr_2024_05.txt,LEI-8987,cita,
ons/ons_subm_dulo_1_2_pr_2024_05.txt,DECRETO-5177,cita,
ons/ons_subm_dulo_1_2_pr_2024_06.txt,ONS-SUBMODULO-1.2,cita,
ons/ons_subm_dulo_1_2_pr_2024_06.txt,LEI-8422,cita,
ons/ons_subm_dulo_1_2_pr_2024_06.txt,LEI-9427,cita,
ons/ons_subm_dulo_1_2_pr_2024_06.txt,LEI-9074,cita,
ons/ons_subm_dulo_1_2_pr_2024_06.txt,LEI-10848,cita,
ons/ons_subm_dulo_1_2_pr_2024_06.txt,LEI-100,cita,
ons/ons_subm_dulo_1_2_pr_2024_06.txt,LEI-9984,cita,
ons/ons_subm_dulo_1_2_pr_2024_06.txt,LEI-8987,cita,
ons/ons_subm_dulo_1_2_pr_2024_06.txt,DECRETO-5177,cita,
ons/ons_subm_dulo_1_2_pr_2025_02.txt,ONS-SUBMODULO-1.2,cita,
ons/ons_subm_dulo_1_2_pr_2025_02.txt,LEI-8422,cita,
ons/ons_subm_dulo_1_2_pr_2025_02.txt,LEI-9427,cita,
ons/ons_subm_dulo_1_2_pr_2025_02.txt,LEI-9074,cita,
ons/ons_subm_dulo_1_2_pr_2025_02.txt,LEI-10848,cita,
ons/ons_subm_dulo_1_2_pr_2025_02.txt,ONS-SUBMODULO-2.2,cita,
ons/ons_subm_dulo_1_2_pr_2025_02.txt,LEI-100,cita,
ons/ons_subm_dulo_1_2_pr_2025_02.txt,LEI-9984,cita,
ons/ons_subm_dulo_1_2_pr_2025_02.txt,LEI-8987,cita,
ons/ons_subm_dulo_1_2_pr_2025_02.txt,DECRETO-5177,cita,
ons/ons_subm_dulo_1_3_pr_2020_12.txt,ONS-SUBMODULO-1.3,cita,
ons/ons_subm_dulo_1_3_pr_2020_12.txt,ANEEL-REN-903,cita,
ons/ons_subm_dulo_1_3_pr_2025_06.txt,ANEEL-REN-1107,cita,
ons/ons_subm_dulo_1_3_pr_2025_06.txt,ONS-SUBMODULO-1.3,cita,
ons/ons_subm_dulo_1_3_pr_2025_06.txt,ONS-SUBMODULO-6.7,cita,
ons/ons_subm_dulo_1_3_pr_2025_06.txt,ONS-SUBMODULO-6.8,cita,
ons/ons_subm_dulo_1_3_pr_2025_06.txt,ONS-SUBMODULO-6.5,cita,
ons/ons_subm_dulo_1_3_pr_2025_06.txt,ANEEL-REN-1017,cita,
ons/ons_subm_dulo_1_3_pr_2025_06.txt,ONS-SUBMODULO-8.3,cita,
ons/ons_subm_dulo_1_3_pr_2026_04.txt,ANEEL-REN-1107,cita,
ons/ons_subm_dulo_1_3_pr_2026_04.txt,ONS-SUBMODULO-1.3,cita,
ons/ons_subm_dulo_1_3_pr_2026_04.txt,ONS-SUBMODULO-6.7,cita,
ons/ons_subm_dulo_1_3_pr_2026_04.txt,ONS-SUBMODULO-6.8,cita,
ons/ons_subm_dulo_1_3_pr_2026_04.txt,ONS-SUBMODULO-6.5,cita,
ons/ons_subm_dulo_1_3_pr_2026_04.txt,ANEEL-REN-1017,cita,
ons/ons_subm_dulo_1_3_pr_2026_04.txt,ONS-SUBMODULO-8.3,cita,
ons/ons_subm_dulo_1_3_rs_2020_12.txt,ONS-SUBMODULO-1.3,cita,
ons/ons_subm_dulo_1_3_rs_2020_12.txt,ANEEL-REN-903,cita,
ons/ons_subm_dulo_1_3_rs_2025_06.txt,ONS-SUBMODULO-1.3,cita,
ons/ons_subm_dulo_1_3_rs_2025_06.txt,ANEEL-REN-1107,cita,
ons/ons_subm_dulo_1_3_rs_2025_06.txt,ANEEL-REN-1017,cita,
ons/ons_subm_dulo_1_3_rs_2026_04.txt,ONS-SUBMODULO-1.3,cita,
ons/ons_subm_dulo_1_3_rs_2026_04.txt,ANEEL-REN-1107,cita,
ons/ons_subm_dulo_1_3_rs_2026_04.txt,ANEEL-REN-1017,cita,
ons/ons_subm_dulo_2_10_rq_2020_12.txt,ONS-SUBMODULO-2.11,cita,
ons/ons_subm_dulo_2_10_rq_2020_12.txt,ONS-SUBMODULO-6.17,cita,
ons/ons_subm_dulo_2_10_rq_2020_12.txt,ONS-SUBMODULO-6.10,cita,
ons/ons_subm_dulo_2_10_rq_2020_12.txt,ONS-SUBMODULO-9.7,cita,
ons/ons_subm_dulo_2_10_rq_2020_12.txt,ONS-SUBMODULO-7.5,cita,
ons/ons_subm_dulo_2_10_rq_2020_12.txt,ONS-SUBMODULO-6.3,cita,
ons/ons_subm_dulo_2_10_rq_2020_12.txt,ONS-SUBMODULO-7.11,cita,
ons/ons_subm_dulo_2_10_rq_2020_12.txt,ONS-SUBMODULO-6.16,cita,
ons/ons_subm_dulo_2_10_rq_2020_12.txt,ONS-SUBMODULO-2.6,cita,
ons/ons_subm_dulo_2_10_rq_2020_12.txt,ONS-SUBMODULO-7.2,cita,
ons/ons_subm_dulo_2_10_rq_2020_12.txt,ONS-SUBMODULO-2.15,cita,
ons/ons_subm_dulo_2_10_rq_2020_12.txt,ONS-SUBMODULO-2.12,cita,
ons/ons_subm_dulo_2_10_rq_2020_12.txt,ONS-SUBMODULO-6.14,cita,
ons/ons_subm_dulo_2_10_rq_2020_12.txt,ONS-SUBMODULO-2.8,cita,
ons/ons_subm_dulo_2_10_rq_2020_12.txt,ONS-SUBMODULO-2.3,cita,
ons/ons_subm_dulo_2_10_rq_2020_12.txt,ONS-SUBMODULO-7.10,cita,
ons/ons_subm_dulo_2_10_rq_2020_12.txt,ONS-SUBMODULO-5.9,cita,
ons/ons_subm_dulo_2_10_rq_2020_12.txt,ONS-SUBMODULO-2.14,cita,
ons/ons_subm_dulo_2_10_rq_2020_12.txt,ONS-SUBMODULO-7.6,cita,
ons/ons_subm_dulo_2_10_rq_2020_12.txt,ONS-SUBMODULO-2.10,cita,
ons/ons_subm_dulo_2_10_rq_2020_12.txt,ONS-SUBMODULO-2.16,cita,
ons/ons_subm_dulo_2_10_rq_2020_12.txt,ONS-SUBMODULO-2.9,cita,
ons/ons_subm_dulo_2_10_rq_2020_12.txt,ONS-SUBMODULO-7.12,cita,
ons/ons_subm_dulo_2_10_rq_2020_12.txt,ONS-SUBMODULO-7.8,cita,
ons/ons_subm_dulo_2_10_rq_2020_12.txt,ANEEL-REN-903,cita,
ons/ons_subm_dulo_2_10_rq_2021_08_docx_f72e315f_74a1_4c83_b601_d92d6.txt,ONS-SUBMODULO-2.11,cita,
ons/ons_subm_dulo_2_10_rq_2021_08_docx_f72e315f_74a1_4c83_b601_d92d6.txt,ONS-SUBMODULO-6.17,cita,
ons/ons_subm_dulo_2_10_rq_2021_08_docx_f72e315f_74a1_4c83_b601_d92d6.txt,ONS-SUBMODULO-6.10,cita,
ons/ons_subm_dulo_2_10_rq_2021_08_docx_f72e315f_74a1_4c83_b601_d92d6.txt,ONS-SUBMODULO-9.7,cita,
ons/ons_subm_dulo_2_10_rq_2021_08_docx_f72e315f_74a1_4c83_b601_d92d6.txt,ONS-SUBMODULO-7.5,cita,
ons/ons_subm_dulo_2_10_rq_2021_08_docx_f72e315f_74a1_4c83_b601_d92d6.txt,ONS-SUBMODULO-6.3,cita,
ons/ons_subm_dulo_2_10_rq_2021_08_docx_f72e315f_74a1_4c83_b601_d92d6.txt,ONS-SUBMODULO-7.11,cita,
ons/ons_subm_dulo_2_10_rq_2021_08_docx_f72e315f_74a1_4c83_b601_d92d6.txt,ONS-SUBMODULO-6.16,cita,
ons/ons_subm_dulo_2_10_rq_2021_08_docx_f72e315f_74a1_4c83_b601_d92d6.txt,ONS-SUBMODULO-2.6,cita,
ons/ons_subm_dulo_2_10_rq_2021_08_docx_f72e315f_74a1_4c83_b601_d92d6.txt,ONS-SUBMODULO-7.2,cita,
ons/ons_subm_dulo_2_10_rq_2021_08_docx_f72e315f_74a1_4c83_b601_d92d6.txt,ONS-SUBMODULO-2.15,cita,
ons/ons_subm_dulo_2_10_rq_2021_08_docx_f72e315f_74a1_4c83_b601_d92d6.txt,ONS-SUBMODULO-2.12,cita,
ons/ons_subm_dulo_2_10_rq_2021_08_docx_f72e315f_74a1_4c83_b601_d92d6.txt,ONS-SUBMODULO-6.14,cita,
ons/ons_subm_dulo_2_10_rq_2021_08_docx_f72e315f_74a1_4c83_b601_d92d6.txt,ONS-SUBMODULO-2.8,cita,
ons/ons_subm_dulo_2_10_rq_2021_08_docx_f72e315f_74a1_4c83_b601_d92d6.txt,ONS-SUBMODULO-2.3,cita,
ons/ons_subm_dulo_2_10_rq_2021_08_docx_f72e315f_74a1_4c83_b601_d92d6.txt,ONS-SUBMODULO-7.10,cita,
ons/ons_subm_dulo_2_10_rq_2021_08_docx_f72e315f_74a1_4c83_b601_d92d6.txt,ONS-SUBMODULO-5.9,cita,
ons/ons_subm_dulo_2_10_rq_2021_08_docx_f72e315f_74a1_4c83_b601_d92d6.txt,ONS-SUBMODULO-2.14,cita,
ons/ons_subm_dulo_2_10_rq_2021_08_docx_f72e315f_74a1_4c83_b601_d92d6.txt,ONS-SUBMODULO-7.6,cita,
ons/ons_subm_dulo_2_10_rq_2021_08_docx_f72e315f_74a1_4c83_b601_d92d6.txt,ONS-SUBMODULO-2.10,cita,
ons/ons_subm_dulo_2_10_rq_2021_08_docx_f72e315f_74a1_4c83_b601_d92d6.txt,ONS-SUBMODULO-2.16,cita,
ons/ons_subm_dulo_2_10_rq_2021_08_docx_f72e315f_74a1_4c83_b601_d92d6.txt,ONS-SUBMODULO-2.9,cita,
ons/ons_subm_dulo_2_10_rq_2021_08_docx_f72e315f_74a1_4c83_b601_d92d6.txt,ONS-SUBMODULO-7.12,cita,
ons/ons_subm_dulo_2_10_rq_2021_08_docx_f72e315f_74a1_4c83_b601_d92d6.txt,ONS-SUBMODULO-7.8,cita,
ons/ons_subm_dulo_2_10_rq_2022_10.txt,ONS-SUBMODULO-2.11,cita,
ons/ons_subm_dulo_2_10_rq_2022_10.txt,ONS-SUBMODULO-6.17,cita,
ons/ons_subm_dulo_2_10_rq_2022_10.txt,ONS-SUBMODULO-6.10,cita,
ons/ons_subm_dulo_2_10_rq_2022_10.txt,ONS-SUBMODULO-9.7,cita,
ons/ons_subm_dulo_2_10_rq_2022_10.txt,ONS-SUBMODULO-7.5,cita,
ons/ons_subm_dulo_2_10_rq_2022_10.txt,ONS-SUBMODULO-6.3,cita,
ons/ons_subm_dulo_2_10_rq_2022_10.txt,ONS-SUBMODULO-7.11,cita,
ons/ons_subm_dulo_2_10_rq_2022_10.txt,ONS-SUBMODULO-6.15,cita,
ons/ons_subm_dulo_2_10_rq_2022_10.txt,ONS-SUBMODULO-6.16,cita,
ons/ons_subm_dulo_2_10_rq_2022_10.txt,ONS-SUBMODULO-2.6,cita,
ons/ons_subm_dulo_2_10_rq_2022_10.txt,ONS-SUBMODULO-7.2,cita,
ons/ons_subm_dulo_2_10_rq_2022_10.txt,ANEEL-REN-954,cita,
ons/ons_subm_dulo_2_10_rq_2022_10.txt,ONS-SUBMODULO-2.15,cita,
ons/ons_subm_dulo_2_10_rq_2022_10.txt,ONS-SUBMODULO-2.12,cita,
ons/ons_subm_dulo_2_10_rq_2022_10.txt,ONS-SUBMODULO-6.14,cita,
ons/ons_subm_dulo_2_10_rq_2022_10.txt,ONS-SUBMODULO-2.8,cita,
ons/ons_subm_dulo_2_10_rq_2022_10.txt,ONS-SUBMODULO-2.3,cita,
ons/ons_subm_dulo_2_10_rq_2022_10.txt,ONS-SUBMODULO-7.10,cita,
ons/ons_subm_dulo_2_10_rq_2022_10.txt,ONS-SUBMODULO-5.9,cita,
ons/ons_subm_dulo_2_10_rq_2022_10.txt,ONS-SUBMODULO-2.14,cita,
ons/ons_subm_dulo_2_10_rq_2022_10.txt,ONS-SUBMODULO-7.6,cita,
ons/ons_subm_dulo_2_10_rq_2022_10.txt,ONS-SUBMODULO-2.10,cita,
ons/ons_subm_dulo_2_10_rq_2022_10.txt,ONS-SUBMODULO-2.16,cita,
ons/ons_subm_dulo_2_10_rq_2022_10.txt,ONS-SUBMODULO-2.9,cita,
ons/ons_subm_dulo_2_10_rq_2022_10.txt,ONS-SUBMODULO-7.12,cita,
ons/ons_subm_dulo_2_10_rq_2022_10.txt,ONS-SUBMODULO-7.8,cita,
ons/ons_subm_dulo_2_10_rq_2023_10.txt,ONS-SUBMODULO-2.11,cita,
ons/ons_subm_dulo_2_10_rq_2023_10.txt,ONS-SUBMODULO-6.17,cita,
ons/ons_subm_dulo_2_10_rq_2023_10.txt,ONS-SUBMODULO-6.10,cita,
ons/ons_subm_dulo_2_10_rq_2023_10.txt,ANEEL-REN-1055,cita,
ons/ons_subm_dulo_2_10_rq_2023_10.txt,ONS-SUBMODULO-9.7,cita,
ons/ons_subm_dulo_2_10_rq_2023_10.txt,ONS-SUBMODULO-7.5,cita,
ons/ons_subm_dulo_2_10_rq_2023_10.txt,ONS-SUBMODULO-6.3,cita,
ons/ons_subm_dulo_2_10_rq_2023_10.txt,ONS-SUBMODULO-7.11,cita,
ons/ons_subm_dulo_2_10_rq_2023_10.txt,ONS-SUBMODULO-6.15,cita,
ons/ons_subm_dulo_2_10_rq_2023_10.txt,ONS-SUBMODULO-6.16,cita,
ons/ons_subm_dulo_2_10_rq_2023_10.txt,ONS-SUBMODULO-2.6,cita,
ons/ons_subm_dulo_2_10_rq_2023_10.txt,ONS-SUBMODULO-7.2,cita,
ons/ons_subm_dulo_2_10_rq_2023_10.txt,ANEEL-REN-954,cita,
ons/ons_subm_dulo_2_10_rq_2023_10.txt,ONS-SUBMODULO-2.15,cita,
ons/ons_subm_dulo_2_10_rq_2023_10.txt,ONS-SUBMODULO-2.12,cita,
ons/ons_subm_dulo_2_10_rq_2023_10.txt,ONS-SUBMODULO-6.14,cita,
ons/ons_subm_dulo_2_10_rq_2023_10.txt,ONS-SUBMODULO-2.8,cita,
ons/ons_subm_dulo_2_10_rq_2023_10.txt,ONS-SUBMODULO-2.3,cita,
ons/ons_subm_dulo_2_10_rq_2023_10.txt,ONS-SUBMODULO-7.10,cita,
ons/ons_subm_dulo_2_10_rq_2023_10.txt,ONS-SUBMODULO-5.9,cita,
ons/ons_subm_dulo_2_10_rq_2023_10.txt,ONS-SUBMODULO-2.14,cita,
ons/ons_subm_dulo_2_10_rq_2023_10.txt,ONS-SUBMODULO-7.6,cita,
ons/ons_subm_dulo_2_10_rq_2023_10.txt,ONS-SUBMODULO-2.13,cita,
ons/ons_subm_dulo_2_10_rq_2023_10.txt,ONS-SUBMODULO-7.9,cita,
ons/ons_subm_dulo_2_10_rq_2023_10.txt,ONS-SUBMODULO-2.10,cita,
ons/ons_subm_dulo_2_10_rq_2023_10.txt,ONS-SUBMODULO-2.16,cita,
ons/ons_subm_dulo_2_10_rq_2023_10.txt,ONS-SUBMODULO-2.9,cita,
ons/ons_subm_dulo_2_10_rq_2023_10.txt,ONS-SUBMODULO-7.12,cita,
ons/ons_subm_dulo_2_10_rq_2023_10.txt,ONS-SUBMODULO-7.8,cita,
ons/ons_subm_dulo_2_10_rq_2025_02.txt,ONS-SUBMODULO-2.11,cita,
ons/ons_subm_dulo_2_10_rq_2025_02.txt,ONS-SUBMODULO-6.17,cita,
ons/ons_subm_dulo_2_10_rq_2025_02.txt,ONS-SUBMODULO-6.10,cita,
ons/ons_subm_dulo_2_10_rq_2025_02.txt,ANEEL-REN-1055,cita,
ons/ons_subm_dulo_2_10_rq_2025_02.txt,ONS-SUBMODULO-9.7,cita,
ons/ons_subm_dulo_2_10_rq_2025_02.txt,ONS-SUBMODULO-7.5,cita,
ons/ons_subm_dulo_2_10_rq_2025_02.txt,ONS-SUBMODULO-6.3,cita,
ons/ons_subm_dulo_2_10_rq_2025_02.txt,ONS-SUBMODULO-7.11,cita,
ons/ons_subm_dulo_2_10_rq_2025_02.txt,ONS-SUBMODULO-6.15,cita,
ons/ons_subm_dulo_2_10_rq_2025_02.txt,ONS-SUBMODULO-6.16,cita,
ons/ons_subm_dulo_2_10_rq_2025_02.txt,ONS-SUBMODULO-2.6,cita,
ons/ons_subm_dulo_2_10_rq_2025_02.txt,ONS-SUBMODULO-7.2,cita,
ons/ons_subm_dulo_2_10_rq_2025_02.txt,ANEEL-REN-954,cita,
ons/ons_subm_dulo_2_10_rq_2025_02.txt,ONS-SUBMODULO-2.15,cita,
ons/ons_subm_dulo_2_10_rq_2025_02.txt,ONS-SUBMODULO-2.12,cita,
ons/ons_subm_dulo_2_10_rq_2025_02.txt,ONS-SUBMODULO-8.1,cita,
ons/ons_subm_dulo_2_10_rq_2025_02.txt,ONS-SUBMODULO-6.14,cita,
ons/ons_subm_dulo_2_10_rq_2025_02.txt,ONS-SUBMODULO-2.8,cita,
ons/ons_subm_dulo_2_10_rq_2025_02.txt,ONS-SUBMODULO-2.3,cita,
ons/ons_subm_dulo_2_10_rq_2025_02.txt,ONS-SUBMODULO-7.10,cita,
ons/ons_subm_dulo_2_10_rq_2025_02.txt,ONS-SUBMODULO-5.9,cita,
ons/ons_subm_dulo_2_10_rq_2025_02.txt,ONS-SUBMODULO-2.14,cita,
ons/ons_subm_dulo_2_10_rq_2025_02.txt,ONS-SUBMODULO-7.6,cita,
ons/ons_subm_dulo_2_10_rq_2025_02.txt,ONS-SUBMODULO-2.13,cita,
ons/ons_subm_dulo_2_10_rq_2025_02.txt,ONS-SUBMODULO-7.9,cita,
ons/ons_subm_dulo_2_10_rq_2025_02.txt,ONS-SUBMODULO-2.10,cita,
ons/ons_subm_dulo_2_10_rq_2025_02.txt,ONS-SUBMODULO-2.16,cita,
ons/ons_subm_dulo_2_10_rq_2025_02.txt,ONS-SUBMODULO-2.9,cita,
ons/ons_subm_dulo_2_10_rq_2025_02.txt,ONS-SUBMODULO-7.12,cita,
ons/ons_subm_dulo_2_10_rq_2025_02.txt,ONS-SUBMODULO-7.8,cita,
ons/ons_subm_dulo_2_11_rq_2020_12.txt,ONS-SUBMODULO-2.11,cita,
ons/ons_subm_dulo_2_11_rq_2020_12.txt,ONS-SUBMODULO-7.10,cita,
ons/ons_subm_dulo_2_11_rq_2024_05.txt,ONS-SUBMODULO-2.11,cita,
ons/ons_subm_dulo_2_11_rq_2024_05.txt,ONS-SUBMODULO-2.10,cita,
ons/ons_subm_dulo_2_12_rq_2020_12.txt,ONS-SUBMODULO-5.3,cita,
ons/ons_subm_dulo_2_12_rq_2020_12.txt,ONS-SUBMODULO-2.12,cita,
ons/ons_subm_dulo_2_12_rq_2020_12.txt,ONS-SUBMODULO-2.11,cita,
ons/ons_subm_dulo_2_12_rq_2020_12.txt,ONS-SUBMODULO-1.2,cita,
ons/ons_subm_dulo_2_12_rq_2020_12.txt,ONS-SUBMODULO-7.9,cita,
ons/ons_subm_dulo_2_12_rq_2020_12.txt,ONS-SUBMODULO-7.2,cita,
ons/ons_subm_dulo_2_12_rq_2020_12.txt,ONS-SUBMODULO-5.13,cita,
ons/ons_subm_dulo_2_12_rq_2020_12.txt,ONS-SUBMODULO-2.15,cita,
ons/ons_subm_dulo_2_12_rq_2020_12.txt,ONS-SUBMODULO-2.1,cita,
ons/ons_subm_dulo_2_12_rq_2020_12.txt,ANEEL-REN-903,cita,
ons/ons_subm_dulo_2_12_rq_2020_12.txt,ONS-SUBMODULO-9.6,cita,
ons/ons_subm_dulo_2_12_rq_2020_12.txt,ONS-SUBMODULO-2.2,cita,
ons/ons_subm_dulo_2_12_rq_2022_06.txt,ONS-SUBMODULO-5.3,cita,
ons/ons_subm_dulo_2_12_rq_2022_06.txt,ONS-SUBMODULO-2.12,cita,
ons/ons_subm_dulo_2_12_rq_2022_06.txt,ONS-SUBMODULO-4.6,cita,
ons/ons_subm_dulo_2_12_rq_2022_06.txt,ONS-SUBMODULO-1.2,cita,
ons/ons_subm_dulo_2_12_rq_2022_06.txt,ONS-SUBMODULO-7.9,cita,
ons/ons_subm_dulo_2_12_rq_2022_06.txt,ONS-SUBMODULO-2.10,cita,
ons/ons_subm_dulo_2_12_rq_2022_06.txt,ONS-SUBMODULO-2.11,cita,
ons/ons_subm_dulo_2_12_rq_2022_06.txt,ONS-SUBMODULO-7.2,cita,
ons/ons_subm_dulo_2_12_rq_2022_06.txt,ONS-SUBMODULO-5.13,cita,
ons/ons_subm_dulo_2_12_rq_2022_06.txt,ONS-SUBMODULO-2.15,cita,
ons/ons_subm_dulo_2_12_rq_2022_06.txt,ONS-SUBMODULO-5.11,cita,
ons/ons_subm_dulo_2_12_rq_2022_06.txt,ONS-SUBMODULO-2.1,cita,
ons/ons_subm_dulo_2_12_rq_2022_06.txt,ONS-SUBMODULO-9.6,cita,
ons/ons_subm_dulo_2_12_rq_2022_06.txt,ONS-SUBMODULO-2.2,cita,
ons/ons_subm_dulo_2_12_rq_2022_10_docx_3cffeb00_1aa5_4187_a0b8_8d190.txt,ONS-SUBMODULO-5.3,cita,
ons/ons_subm_dulo_2_12_rq_2022_10_docx_3cffeb00_1aa5_4187_a0b8_8d190.txt,ONS-SUBMODULO-2.12,cita,
ons/ons_subm_dulo_2_12_rq_2022_10_docx_3cffeb00_1aa5_4187_a0b8_8d190.txt,ONS-SUBMODULO-2.11,cita,
ons/ons_subm_dulo_2_12_rq_2022_10_docx_3cffeb00_1aa5_4187_a0b8_8d190.txt,ONS-SUBMODULO-1.2,cita,
ons/ons_subm_dulo_2_12_rq_2022_10_docx_3cffeb00_1aa5_4187_a0b8_8d190.txt,ONS-SUBMODULO-7.9,cita,
ons/ons_subm_dulo_2_12_rq_2022_10_docx_3cffeb00_1aa5_4187_a0b8_8d190.txt,ONS-SUBMODULO-7.2,cita,
ons/ons_subm_dulo_2_12_rq_2022_10_docx_3cffeb00_1aa5_4187_a0b8_8d190.txt,ONS-SUBMODULO-5.13,cita,
ons/ons_subm_dulo_2_12_rq_2022_10_docx_3cffeb00_1aa5_4187_a0b8_8d190.txt,ONS-SUBMODULO-2.15,cita,
ons/ons_subm_dulo_2_12_rq_2022_10_docx_3cffeb00_1aa5_4187_a0b8_8d190.txt,ONS-SUBMODULO-2.1,cita,
ons/ons_subm_dulo_2_12_rq_2022_10_docx_3cffeb00_1aa5_4187_a0b8_8d190.txt,ONS-SUBMODULO-9.6,cita,
ons/ons_subm_dulo_2_12_rq_2022_10_docx_3cffeb00_1aa5_4187_a0b8_8d190.txt,ONS-SUBMODULO-2.2,cita,
ons/ons_subm_dulo_2_12_rq_2024_12.txt,ONS-SUBMODULO-5.3,cita,
ons/ons_subm_dulo_2_12_rq_2024_12.txt,ONS-SUBMODULO-2.12,cita,
ons/ons_subm_dulo_2_12_rq_2024_12.txt,ONS-SUBMODULO-2.11,cita,
ons/ons_subm_dulo_2_12_rq_2024_12.txt,ONS-SUBMODULO-1.2,cita,
ons/ons_subm_dulo_2_12_rq_2024_12.txt,ONS-SUBMODULO-7.9,cita,
ons/ons_subm_dulo_2_12_rq_2024_12.txt,ONS-SUBMODULO-7.2,cita,
ons/ons_subm_dulo_2_12_rq_2024_12.txt,ONS-SUBMODULO-5.13,cita,
ons/ons_subm_dulo_2_12_rq_2024_12.txt,ONS-SUBMODULO-2.15,cita,
ons/ons_subm_dulo_2_12_rq_2024_12.txt,ONS-SUBMODULO-2.1,cita,
ons/ons_subm_dulo_2_12_rq_2024_12.txt,ONS-SUBMODULO-9.6,cita,
ons/ons_subm_dulo_2_12_rq_2024_12.txt,ONS-SUBMODULO-2.2,cita,
ons/ons_subm_dulo_2_12_rq_2025_02.txt,ONS-SUBMODULO-5.3,cita,
ons/ons_subm_dulo_2_12_rq_2025_02.txt,ONS-SUBMODULO-2.12,cita,
ons/ons_subm_dulo_2_12_rq_2025_02.txt,ONS-SUBMODULO-2.11,cita,
ons/ons_subm_dulo_2_12_rq_2025_02.txt,ONS-SUBMODULO-1.2,cita,
ons/ons_subm_dulo_2_12_rq_2025_02.txt,ONS-SUBMODULO-7.9,cita,
ons/ons_subm_dulo_2_12_rq_2025_02.txt,ONS-SUBMODULO-7.2,cita,
ons/ons_subm_dulo_2_12_rq_2025_02.txt,ONS-SUBMODULO-5.13,cita,
ons/ons_subm_dulo_2_12_rq_2025_02.txt,ONS-SUBMODULO-2.15,cita,
ons/ons_subm_dulo_2_12_rq_2025_02.txt,ONS-SUBMODULO-2.1,cita,
ons/ons_subm_dulo_2_12_rq_2025_02.txt,ONS-SUBMODULO-9.6,cita,
ons/ons_subm_dulo_2_12_rq_2025_02.txt,ONS-SUBMODULO-2.2,cita,
ons/ons_subm_dulo_2_12_rq_2026_04.txt,ONS-SUBMODULO-5.3,cita,
ons/ons_subm_dulo_2_12_rq_2026_04.txt,ONS-SUBMODULO-2.12,cita,
ons/ons_subm_dulo_2_12_rq_2026_04.txt,ONS-SUBMODULO-2.11,cita,
ons/ons_subm_dulo_2_12_rq_2026_04.txt,ONS-SUBMODULO-1.2,cita,
ons/ons_subm_dulo_2_12_rq_2026_04.txt,ONS-SUBMODULO-7.9,cita,
ons/ons_subm_dulo_2_12_rq_2026_04.txt,ONS-SUBMODULO-7.2,cita,
ons/ons_subm_dulo_2_12_rq_2026_04.txt,ONS-SUBMODULO-5.13,cita,
ons/ons_subm_dulo_2_12_rq_2026_04.txt,ONS-SUBMODULO-2.15,cita,
ons/ons_subm_dulo_2_12_rq_2026_04.txt,ONS-SUBMODULO-2.1,cita,
ons/ons_subm_dulo_2_12_rq_2026_04.txt,ONS-SUBMODULO-9.6,cita,
ons/ons_subm_dulo_2_12_rq_2026_04.txt,ONS-SUBMODULO-2.2,cita,
ons/ons_subm_dulo_2_13_rq_2020_12.txt,ONS-SUBMODULO-5.13,cita,
ons/ons_subm_dulo_2_13_rq_2020_12.txt,ANEEL-REN-903,cita,
ons/ons_subm_dulo_2_13_rq_2020_12.txt,ONS-SUBMODULO-2.13,cita,
ons/ons_subm_dulo_2_13_rq_2020_12.txt,ONS-SUBMODULO-2.15,cita,
ons/ons_subm_dulo_2_14_rq_2020_12.txt,ONS-SUBMODULO-1.2,cita,
ons/ons_subm_dulo_2_14_rq_2020_12.txt,ONS-SUBMODULO-2.9,cita,
ons/ons_subm_dulo_2_14_rq_2020_12.txt,ONS-SUBMODULO-7.2,cita,
ons/ons_subm_dulo_2_14_rq_2020_12.txt,ONS-SUBMODULO-9.7,cita,
ons/ons_subm_dulo_2_14_rq_2020_12.txt,ANEEL-REN-903,cita,
ons/ons_subm_dulo_2_14_rq_2020_12.txt,ONS-SUBMODULO-2.14,cita,
ons/ons_subm_dulo_2_14_rq_2022_10_docx_327120d5_e044_40d8_ba2f_1ec70.txt,ONS-SUBMODULO-1.2,cita,
ons/ons_subm_dulo_2_14_rq_2022_10_docx_327120d5_e044_40d8_ba2f_1ec70.txt,ONS-SUBMODULO-2.9,cita,
ons/ons_subm_dulo_2_14_rq_2022_10_docx_327120d5_e044_40d8_ba2f_1ec70.txt,ONS-SUBMODULO-7.2,cita,
ons/ons_subm_dulo_2_14_rq_2022_10_docx_327120d5_e044_40d8_ba2f_1ec70.txt,ONS-SUBMODULO-9.7,cita,
ons/ons_subm_dulo_2_14_rq_2022_10_docx_327120d5_e044_40d8_ba2f_1ec70.txt,ONS-SUBMODULO-2.14,cita,
ons/ons_subm_dulo_2_14_rq_2022_11.txt,ONS-SUBMODULO-1.2,cita,
ons/ons_subm_dulo_2_14_rq_2022_11.txt,ONS-SUBMODULO-2.9,cita,
ons/ons_subm_dulo_2_14_rq_2022_11.txt,ONS-SUBMODULO-7.2,cita,
ons/ons_subm_dulo_2_14_rq_2022_11.txt,ONS-SUBMODULO-9.7,cita,
ons/ons_subm_dulo_2_14_rq_2022_11.txt,ONS-SUBMODULO-2.14,cita,
ons/ons_subm_dulo_2_15_rq_2020_12.txt,ONS-SUBMODULO-2.12,cita,
ons/ons_subm_dulo_2_15_rq_2020_12.txt,ONS-SUBMODULO-7.2,cita,
ons/ons_subm_dulo_2_15_rq_2020_12.txt,ONS-SUBMODULO-6.10,cita,
ons/ons_subm_dulo_2_15_rq_2020_12.txt,ONS-SUBMODULO-2.15,cita,
ons/ons_subm_dulo_2_15_rq_2020_12.txt,ANEEL-REN-903,cita,
ons/ons_subm_dulo_2_15_rq_2020_12.txt,ONS-SUBMODULO-9.6,cita,
ons/ons_subm_dulo_2_15_rq_2020_12.txt,ONS-SUBMODULO-2.2,cita,
ons/ons_subm_dulo_2_15_rq_2021_06.txt,ONS-SUBMODULO-2.12,cita,
ons/ons_subm_dulo_2_15_rq_2021_06.txt,ONS-SUBMODULO-7.2,cita,
ons/ons_subm_dulo_2_15_rq_2021_06.txt,ONS-SUBMODULO-6.10,cita,
ons/ons_subm_dulo_2_15_rq_2021_06.txt,ONS-SUBMODULO-2.15,cita,
ons/ons_subm_dulo_2_15_rq_2021_06.txt,ONS-SUBMODULO-9.6,cita,
ons/ons_subm_dulo_2_15_rq_2021_06.txt,ONS-SUBMODULO-2.2,cita,
ons/ons_subm_dulo_2_15_rq_2022_02.txt,ONS-SUBMODULO-2.12,cita,
ons/ons_subm_dulo_2_15_rq_2022_02.txt,ONS-SUBMODULO-7.2,cita,
ons/ons_subm_dulo_2_15_rq_2022_02.txt,ONS-SUBMODULO-6.10,cita,
ons/ons_subm_dulo_2_15_rq_2022_02.txt,ONS-SUBMODULO-2.15,cita,
ons/ons_subm_dulo_2_15_rq_2022_02.txt,ONS-SUBMODULO-5.12,cita,
ons/ons_subm_dulo_2_15_rq_2022_02.txt,ONS-SUBMODULO-9.6,cita,
ons/ons_subm_dulo_2_15_rq_2022_02.txt,ONS-SUBMODULO-2.2,cita,
ons/ons_subm_dulo_2_15_rq_2025_02.txt,ONS-SUBMODULO-2.12,cita,
ons/ons_subm_dulo_2_15_rq_2025_02.txt,ONS-SUBMODULO-7.2,cita,
ons/ons_subm_dulo_2_15_rq_2025_02.txt,ONS-SUBMODULO-6.10,cita,
ons/ons_subm_dulo_2_15_rq_2025_02.txt,ONS-SUBMODULO-2.15,cita,
ons/ons_subm_dulo_2_15_rq_2025_02.txt,ONS-SUBMODULO-5.12,cita,
ons/ons_subm_dulo_2_15_rq_2025_02.txt,ONS-SUBMODULO-9.6,cita,
ons/ons_subm_dulo_2_15_rq_2025_02.txt,ONS-SUBMODULO-2.2,cita,
ons/ons_subm_dulo_2_16_rq_2020_12.txt,ONS-SUBMODULO-2.6,cita,
ons/ons_subm_dulo_2_16_rq_2020_12.txt,ONS-SUBMODULO-2.16,cita,
ons/ons_subm_dulo_2_16_rq_2020_12.txt,ONS-SUBMODULO-5.13,cita,
ons/ons_subm_dulo_2_16_rq_2020_12.txt,ONS-SUBMODULO-2.15,cita,
ons/ons_subm_dulo_2_16_rq_2020_12.txt,ONS-SUBMODULO-5.14,cita,
ons/ons_subm_dulo_2_16_rq_2020_12.txt,ONS-SUBMODULO-5.12,cita,
ons/ons_subm_dulo_2_16_rq_2020_12.txt,ONS-SUBMODULO-6.3,cita,
ons/ons_subm_dulo_2_16_rq_2020_12.txt,ANEEL-REN-903,cita,
ons/ons_subm_dulo_2_16_rq_2020_12.txt,ONS-SUBMODULO-9.6,cita,
ons/ons_subm_dulo_2_16_rq_2020_12.txt,ONS-SUBMODULO-2.2,cita,
ons/ons_subm_dulo_2_16_rq_2020_12.txt,ONS-SUBMODULO-6.2,cita,
ons/ons_subm_dulo_2_16_rq_2022_02_docx_96956167_bfee_4ae3_bcc4_ff31e.txt,ONS-SUBMODULO-2.6,cita,
ons/ons_subm_dulo_2_16_rq_2022_02_docx_96956167_bfee_4ae3_bcc4_ff31e.txt,ONS-SUBMODULO-2.16,cita,
ons/ons_subm_dulo_2_16_rq_2022_02_docx_96956167_bfee_4ae3_bcc4_ff31e.txt,ONS-SUBMODULO-5.13,cita,
ons/ons_subm_dulo_2_16_rq_2022_02_docx_96956167_bfee_4ae3_bcc4_ff31e.txt,ONS-SUBMODULO-2.15,cita,
ons/ons_subm_dulo_2_16_rq_2022_02_docx_96956167_bfee_4ae3_bcc4_ff31e.txt,ONS-SUBMODULO-5.14,cita,
ons/ons_subm_dulo_2_16_rq_2022_02_docx_96956167_bfee_4ae3_bcc4_ff31e.txt,ONS-SUBMODULO-5.12,cita,
ons/ons_subm_dulo_2_16_rq_2022_02_docx_96956167_bfee_4ae3_bcc4_ff31e.txt,ONS-SUBMODULO-6.3,cita,
ons/ons_subm_dulo_2_16_rq_2022_02_docx_96956167_bfee_4ae3_bcc4_ff31e.txt,ONS-SUBMODULO-9.6,cita,
ons/ons_subm_dulo_2_16_rq_2022_02_docx_96956167_bfee_4ae3_bcc4_ff31e.txt,ONS-SUBMODULO-2.2,cita,
ons/ons_subm_dulo_2_16_rq_2022_02_docx_96956167_bfee_4ae3_bcc4_ff31e.txt,ONS-SUBMODULO-6.2,cita,
ons/ons_subm_dulo_2_16_rq_2025_02.txt,ONS-SUBMODULO-2.6,cita,
ons/ons_subm_dulo_2_16_rq_2025_02.txt,ONS-SUBMODULO-2.16,cita,
ons/ons_subm_dulo_2_16_rq_2025_02.txt,ONS-SUBMODULO-5.13,cita,
ons/ons_subm_dulo_2_16_rq_2025_02.txt,ONS-SUBMODULO-2.15,cita,
ons/ons_subm_dulo_2_16_rq_2025_02.txt,ONS-SUBMODULO-5.14,cita,
ons/ons_subm_dulo_2_16_rq_2025_02.txt,ONS-SUBMODULO-5.12,cita,
ons/ons_subm_dulo_2_16_rq_2025_02.txt,ONS-SUBMODULO-6.3,cita,
ons/ons_subm_dulo_2_16_rq_2025_02.txt,ONS-SUBMODULO-9.6,cita,
ons/ons_subm_dulo_2_16_rq_2025_02.txt,ONS-SUBMODULO-2.2,cita,
ons/ons_subm_dulo_2_16_rq_2025_02.txt,ONS-SUBMODULO-6.2,cita,
ons/ons_subm_dulo_2_1_df_2020_12.txt,ANEEL-REN-67,cita,
ons/ons_subm_dulo_2_1_df_2020_12.txt,ANEEL-REN-903,cita,
ons/ons_subm_dulo_2_1_df_2020_12.txt,ONS-SUBMODULO-5.11,cita,
ons/ons_subm_dulo_2_1_df_2020_12.txt,ONS-SUBMODULO-2.1,cita,
ons/ons_subm_dulo_2_1_df_2020_12_docx_18829464_44b8_40d4_8ad3_a8b5d4.txt,ANEEL-REN-905,cita,
ons/ons_subm_dulo_2_1_df_2020_12_docx_18829464_44b8_40d4_8ad3_a8b5d4.txt,ONS-SUBMODULO-5.11,cita,
ons/ons_subm_dulo_2_1_df_2020_12_docx_18829464_44b8_40d4_8ad3_a8b5d4.txt,ONS-SUBMODULO-2.1,cita,
ons/ons_subm_dulo_2_1_df_2024_07.txt,ANEEL-REN-905,cita,
ons/ons_subm_dulo_2_1_df_2024_07.txt,ONS-SUBMODULO-5.11,cita,
ons/ons_subm_dulo_2_1_df_2024_07.txt,ONS-SUBMODULO-2.1,cita,
ons/ons_subm_dulo_2_2_df_2020_12.txt,ONS-SUBMODULO-3.1,cita,
ons/ons_subm_dulo_2_2_df_2020_12.txt,ONS-SUBMODULO-2.3,cita,
ons/ons_subm_dulo_2_2_df_2020_12.txt,ONS-SUBMODULO-5.11,cita,
ons/ons_subm_dulo_2_2_df_2020_12.txt,ONS-SUBMODULO-3.2,cita,
ons/ons_subm_dulo_2_2_df_2020_12.txt,ANEEL-REN-903,cita,
ons/ons_subm_dulo_2_2_df_2020_12.txt,ONS-SUBMODULO-2.2,cita,
ons/ons_subm_dulo_2_2_df_2021_08_docx_039a920e_674a_4c2c_be30_454c86.txt,ONS-SUBMODULO-3.1,cita,
ons/ons_subm_dulo_2_2_df_2021_08_docx_039a920e_674a_4c2c_be30_454c86.txt,ONS-SUBMODULO-2.3,cita,
ons/ons_subm_dulo_2_2_df_2021_08_docx_039a920e_674a_4c2c_be30_454c86.txt,ONS-SUBMODULO-5.11,cita,
ons/ons_subm_dulo_2_2_df_2021_08_docx_039a920e_674a_4c2c_be30_454c86.txt,ONS-SUBMODULO-3.2,cita,
ons/ons_subm_dulo_2_2_df_2021_08_docx_039a920e_674a_4c2c_be30_454c86.txt,ONS-SUBMODULO-2.2,cita,
ons/ons_subm_dulo_2_2_df_2025_02.txt,ONS-SUBMODULO-2.12,cita,
ons/ons_subm_dulo_2_2_df_2025_02.txt,ONS-SUBMODULO-3.1,cita,
ons/ons_subm_dulo_2_2_df_2025_02.txt,ONS-SUBMODULO-2.16,cita,
ons/ons_subm_dulo_2_2_df_2025_02.txt,ONS-SUBMODULO-2.5,cita,
ons/ons_subm_dulo_2_2_df_2025_02.txt,ONS-SUBMODULO-2.15,cita,
ons/ons_subm_dulo_2_2_df_2025_02.txt,ONS-SUBMODULO-2.3,cita,
ons/ons_subm_dulo_2_2_df_2025_02.txt,ONS-SUBMODULO-5.10,cita,
ons/ons_subm_dulo_2_2_df_2025_02.txt,ONS-SUBMODULO-6.9,cita,
ons/ons_subm_dulo_2_2_df_2025_02.txt,ONS-SUBMODULO-5.11,cita,
ons/ons_subm_dulo_2_2_df_2025_02.txt,ONS-SUBMODULO-3.10,cita,
ons/ons_subm_dulo_2_2_df_2025_02.txt,ONS-SUBMODULO-2.2,cita,
ons/ons_subm_dulo_2_3_cr_2020_12.txt,ONS-SUBMODULO-5.13,cita,
ons/ons_subm_dulo_2_3_cr_2020_12.txt,ANEEL-REN-903,cita,
ons/ons_subm_dulo_2_3_cr_2020_12.txt,ONS-SUBMODULO-5.11,cita,
ons/ons_subm_dulo_2_3_cr_2020_12.txt,ONS-SUBMODULO-2.6,cita,
ons/ons_subm_dulo_2_3_cr_2020_12.txt,ONS-SUBMODULO-7.3,cita,
ons/ons_subm_dulo_2_3_cr_2020_12.txt,ONS-SUBMODULO-7.4,cita,
ons/ons_subm_dulo_2_3_cr_2020_12.txt,ONS-SUBMODULO-3.12,cita,
ons/ons_subm_dulo_2_3_cr_2020_12.txt,ONS-SUBMODULO-3.1,cita,
ons/ons_subm_dulo_2_3_cr_2020_12.txt,ONS-SUBMODULO-3.3,cita,
ons/ons_subm_dulo_2_3_cr_2020_12.txt,ONS-SUBMODULO-6.13,cita,
ons/ons_subm_dulo_2_3_cr_2020_12.txt,ONS-SUBMODULO-2.8,cita,
ons/ons_subm_dulo_2_3_cr_2020_12.txt,ONS-SUBMODULO-2.3,cita,
ons/ons_subm_dulo_2_3_cr_2020_12.txt,ONS-SUBMODULO-4.1,cita,
ons/ons_subm_dulo_2_3_cr_2020_12.txt,ONS-SUBMODULO-3.2,cita,
ons/ons_subm_dulo_2_3_cr_2020_12.txt,ONS-SUBMODULO-7.1,cita,
ons/ons_subm_dulo_2_3_cr_2020_12.txt,ONS-SUBMODULO-3.11,cita,
ons/ons_subm_dulo_2_3_cr_2020_12.txt,ONS-SUBMODULO-9.2,cita,
ons/ons_subm_dulo_2_3_cr_2020_12.txt,ONS-SUBMODULO-2.10,cita,
ons/ons_subm_dulo_2_3_cr_2020_12.txt,ONS-SUBMODULO-2.9,cita,
ons/ons_subm_dulo_2_3_cr_2020_12.txt,ONS-SUBMODULO-4.2,cita,
ons/ons_subm_dulo_2_3_cr_2020_12.txt,ANEEL-REN-191,cita,
ons/ons_subm_dulo_2_3_cr_2020_12.txt,ONS-SUBMODULO-3.10,cita,
ons/ons_subm_dulo_2_3_cr_2020_12.txt,ONS-SUBMODULO-2.2,cita,
ons/ons_subm_dulo_2_3_cr_2021_06.txt,ONS-SUBMODULO-5.13,cita,
ons/ons_subm_dulo_2_3_cr_2021_06.txt,ONS-SUBMODULO-5.11,cita,
ons/ons_subm_dulo_2_3_cr_2021_06.txt,ONS-SUBMODULO-2.6,cita,
ons/ons_subm_dulo_2_3_cr_2021_06.txt,ONS-SUBMODULO-7.3,cita,
ons/ons_subm_dulo_2_3_cr_2021_06.txt,ONS-SUBMODULO-7.4,cita,
ons/ons_subm_dulo_2_3_cr_2021_06.txt,ONS-SUBMODULO-3.12,cita,
ons/ons_subm_dulo_2_3_cr_2021_06.txt,ONS-SUBMODULO-3.1,cita,
ons/ons_subm_dulo_2_3_cr_2021_06.txt,ONS-SUBMODULO-3.3,cita,
ons/ons_subm_dulo_2_3_cr_2021_06.txt,ONS-SUBMODULO-6.13,cita,
ons/ons_subm_dulo_2_3_cr_2021_06.txt,ONS-SUBMODULO-2.8,cita,
ons/ons_subm_dulo_2_3_cr_2021_06.txt,ONS-SUBMODULO-2.3,cita,
ons/ons_subm_dulo_2_3_cr_2021_06.txt,ONS-SUBMODULO-4.1,cita,
ons/ons_subm_dulo_2_3_cr_2021_06.txt,ONS-SUBMODULO-3.2,cita,
ons/ons_subm_dulo_2_3_cr_2021_06.txt,ONS-SUBMODULO-7.1,cita,
ons/ons_subm_dulo_2_3_cr_2021_06.txt,ONS-SUBMODULO-3.11,cita,
ons/ons_subm_dulo_2_3_cr_2021_06.txt,ONS-SUBMODULO-9.2,cita,
ons/ons_subm_dulo_2_3_cr_2021_06.txt,ONS-SUBMODULO-2.10,cita,
ons/ons_subm_dulo_2_3_cr_2021_06.txt,ONS-SUBMODULO-2.9,cita,
ons/ons_subm_dulo_2_3_cr_2021_06.txt,ONS-SUBMODULO-4.2,cita,
ons/ons_subm_dulo_2_3_cr_2021_06.txt,ANEEL-REN-191,cita,
ons/ons_subm_dulo_2_3_cr_2021_06.txt,ONS-SUBMODULO-3.10,cita,
ons/ons_subm_dulo_2_3_cr_2021_06.txt,ONS-SUBMODULO-2.2,cita,
ons/ons_subm_dulo_2_3_cr_2021_08_docx_77a6e3f8_0c6b_4500_b225_45c2fa.txt,ONS-SUBMODULO-5.13,cita,
ons/ons_subm_dulo_2_3_cr_2021_08_docx_77a6e3f8_0c6b_4500_b225_45c2fa.txt,ONS-SUBMODULO-5.11,cita,
ons/ons_subm_dulo_2_3_cr_2021_08_docx_77a6e3f8_0c6b_4500_b225_45c2fa.txt,ONS-SUBMODULO-2.6,cita,
ons/ons_subm_dulo_2_3_cr_2021_08_docx_77a6e3f8_0c6b_4500_b225_45c2fa.txt,ONS-SUBMODULO-7.3,cita,
ons/ons_subm_dulo_2_3_cr_2021_08_docx_77a6e3f8_0c6b_4500_b225_45c2fa.txt,ONS-SUBMODULO-7.4,cita,
ons/ons_subm_dulo_2_3_cr_2021_08_docx_77a6e3f8_0c6b_4500_b225_45c2fa.txt,ONS-SUBMODULO-3.12,cita,
ons/ons_subm_dulo_2_3_cr_2021_08_docx_77a6e3f8_0c6b_4500_b225_45c2fa.txt,ONS-SUBMODULO-3.1,cita,
ons/ons_subm_dulo_2_3_cr_2021_08_docx_77a6e3f8_0c6b_4500_b225_45c2fa.txt,ONS-SUBMODULO-3.3,cita,
ons/ons_subm_dulo_2_3_cr_2021_08_docx_77a6e3f8_0c6b_4500_b225_45c2fa.txt,ONS-SUBMODULO-6.13,cita,
ons/ons_subm_dulo_2_3_cr_2021_08_docx_77a6e3f8_0c6b_4500_b225_45c2fa.txt,ONS-SUBMODULO-2.8,cita,
ons/ons_subm_dulo_2_3_cr_2021_08_docx_77a6e3f8_0c6b_4500_b225_45c2fa.txt,ONS-SUBMODULO-2.3,cita,
ons/ons_subm_dulo_2_3_cr_2021_08_docx_77a6e3f8_0c6b_4500_b225_45c2fa.txt,ONS-SUBMODULO-4.1,cita,
ons/ons_subm_dulo_2_3_cr_2021_08_docx_77a6e3f8_0c6b_4500_b225_45c2fa.txt,ONS-SUBMODULO-3.2,cita,
ons/ons_subm_dulo_2_3_cr_2021_08_docx_77a6e3f8_0c6b_4500_b225_45c2fa.txt,ONS-SUBMODULO-7.1,cita,
ons/ons_subm_dulo_2_3_cr_2021_08_docx_77a6e3f8_0c6b_4500_b225_45c2fa.txt,ONS-SUBMODULO-3.11,cita,
ons/ons_subm_dulo_2_3_cr_2021_08_docx_77a6e3f8_0c6b_4500_b225_45c2fa.txt,ONS-SUBMODULO-9.2,cita,
ons/ons_subm_dulo_2_3_cr_2021_08_docx_77a6e3f8_0c6b_4500_b225_45c2fa.txt,ONS-SUBMODULO-2.10,cita,
ons/ons_subm_dulo_2_3_cr_2021_08_docx_77a6e3f8_0c6b_4500_b225_45c2fa.txt,ONS-SUBMODULO-2.9,cita,
ons/ons_subm_dulo_2_3_cr_2021_08_docx_77a6e3f8_0c6b_4500_b225_45c2fa.txt,ONS-SUBMODULO-4.2,cita,
ons/ons_subm_dulo_2_3_cr_2021_08_docx_77a6e3f8_0c6b_4500_b225_45c2fa.txt,ANEEL-REN-191,cita,
ons/ons_subm_dulo_2_3_cr_2021_08_docx_77a6e3f8_0c6b_4500_b225_45c2fa.txt,ONS-SUBMODULO-3.10,cita,
ons/ons_subm_dulo_2_3_cr_2021_08_docx_77a6e3f8_0c6b_4500_b225_45c2fa.txt,ONS-SUBMODULO-2.2,cita,
ons/ons_subm_dulo_2_3_cr_2022_10.txt,ONS-SUBMODULO-5.13,cita,
ons/ons_subm_dulo_2_3_cr_2022_10.txt,ONS-SUBMODULO-5.11,cita,
ons/ons_subm_dulo_2_3_cr_2022_10.txt,ONS-SUBMODULO-2.6,cita,
ons/ons_subm_dulo_2_3_cr_2022_10.txt,ONS-SUBMODULO-3.4,cita,
ons/ons_subm_dulo_2_3_cr_2022_10.txt,ONS-SUBMODULO-7.3,cita,
ons/ons_subm_dulo_2_3_cr_2022_10.txt,ONS-SUBMODULO-7.4,cita,
ons/ons_subm_dulo_2_3_cr_2022_10.txt,ONS-SUBMODULO-3.12,cita,
ons/ons_subm_dulo_2_3_cr_2022_10.txt,ONS-SUBMODULO-3.1,cita,
ons/ons_subm_dulo_2_3_cr_2022_10.txt,ONS-SUBMODULO-6.13,cita,
ons/ons_subm_dulo_2_3_cr_2022_10.txt,ONS-SUBMODULO-2.8,cita,
ons/ons_subm_dulo_2_3_cr_2022_10.txt,ONS-SUBMODULO-2.3,cita,
ons/ons_subm_dulo_2_3_cr_2022_10.txt,ONS-SUBMODULO-4.1,cita,
ons/ons_subm_dulo_2_3_cr_2022_10.txt,ONS-SUBMODULO-3.2,cita,
ons/ons_subm_dulo_2_3_cr_2022_10.txt,ONS-SUBMODULO-7.1,cita,
ons/ons_subm_dulo_2_3_cr_2022_10.txt,ONS-SUBMODULO-3.11,cita,
ons/ons_subm_dulo_2_3_cr_2022_10.txt,ONS-SUBMODULO-9.2,cita,
ons/ons_subm_dulo_2_3_cr_2022_10.txt,ONS-SUBMODULO-2.10,cita,
ons/ons_subm_dulo_2_3_cr_2022_10.txt,ONS-SUBMODULO-2.9,cita,
ons/ons_subm_dulo_2_3_cr_2022_10.txt,ONS-SUBMODULO-4.2,cita,
ons/ons_subm_dulo_2_3_cr_2022_10.txt,ANEEL-REN-905,cita,
ons/ons_subm_dulo_2_3_cr_2022_10.txt,ONS-SUBMODULO-3.10,cita,
ons/ons_subm_dulo_2_3_cr_2022_10.txt,ONS-SUBMODULO-2.2,cita,
ons/ons_subm_dulo_2_3_cr_2025_02.txt,ONS-SUBMODULO-5.13,cita,
ons/ons_subm_dulo_2_3_cr_2025_02.txt,ONS-SUBMODULO-5.11,cita,
ons/ons_subm_dulo_2_3_cr_2025_02.txt,ONS-SUBMODULO-2.6,cita,
ons/ons_subm_dulo_2_3_cr_2025_02.txt,ONS-SUBMODULO-3.4,cita,
ons/ons_subm_dulo_2_3_cr_2025_02.txt,ONS-SUBMODULO-7.3,cita,
ons/ons_subm_dulo_2_3_cr_2025_02.txt,ONS-SUBMODULO-7.4,cita,
ons/ons_subm_dulo_2_3_cr_2025_02.txt,ONS-SUBMODULO-3.12,cita,
ons/ons_subm_dulo_2_3_cr_2025_02.txt,ONS-SUBMODULO-3.1,cita,
ons/ons_subm_dulo_2_3_cr_2025_02.txt,ONS-SUBMODULO-8.1,cita,
ons/ons_subm_dulo_2_3_cr_2025_02.txt,ONS-SUBMODULO-6.13,cita,
ons/ons_subm_dulo_2_3_cr_2025_02.txt,ONS-SUBMODULO-2.8,cita,
ons/ons_subm_dulo_2_3_cr_2025_02.txt,ONS-SUBMODULO-2.3,cita,
ons/ons_subm_dulo_2_3_cr_2025_02.txt,ONS-SUBMODULO-4.1,cita,
ons/ons_subm_dulo_2_3_cr_2025_02.txt,ONS-SUBMODULO-3.2,cita,
ons/ons_subm_dulo_2_3_cr_2025_02.txt,ONS-SUBMODULO-7.1,cita,
ons/ons_subm_dulo_2_3_cr_2025_02.txt,ONS-SUBMODULO-3.11,cita,
ons/ons_subm_dulo_2_3_cr_2025_02.txt,ONS-SUBMODULO-9.2,cita,
ons/ons_subm_dulo_2_3_cr_2025_02.txt,ONS-SUBMODULO-2.10,cita,
ons/ons_subm_dulo_2_3_cr_2025_02.txt,ONS-SUBMODULO-2.9,cita,
ons/ons_subm_dulo_2_3_cr_2025_02.txt,ONS-SUBMODULO-4.2,cita,
ons/ons_subm_dulo_2_3_cr_2025_02.txt,ANEEL-REN-905,cita,
ons/ons_subm_dulo_2_3_cr_2025_02.txt,ONS-SUBMODULO-3.10,cita,
ons/ons_subm_dulo_2_3_cr_2025_02.txt,ONS-SUBMODULO-2.2,cita,
ons/ons_subm_dulo_2_3_cr_2025_02_docx_fed7b0e2_0f65_4b9f_9e53_071a4d.txt,ONS-SUBMODULO-5.13,cita,
ons/ons_subm_dulo_2_3_cr_2025_02_docx_fed7b0e2_0f65_4b9f_9e53_071a4d.txt,ONS-SUBMODULO-5.11,cita,
ons/ons_subm_dulo_2_3_cr_2025_02_docx_fed7b0e2_0f65_4b9f_9e53_071a4d.txt,ONS-SUBMODULO-2.6,cita,
ons/ons_subm_dulo_2_3_cr_2025_02_docx_fed7b0e2_0f65_4b9f_9e53_071a4d.txt,ONS-SUBMODULO-3.4,cita,
ons/ons_subm_dulo_2_3_cr_2025_02_docx_fed7b0e2_0f65_4b9f_9e53_071a4d.txt,ONS-SUBMODULO-7.3,cita,
ons/ons_subm_dulo_2_3_cr_2025_02_docx_fed7b0e2_0f65_4b9f_9e53_071a4d.txt,ONS-SUBMODULO-7.4,cita,
ons/ons_subm_dulo_2_3_cr_2025_02_docx_fed7b0e2_0f65_4b9f_9e53_071a4d.txt,ONS-SUBMODULO-3.12,cita,
ons/ons_subm_dulo_2_3_cr_2025_02_docx_fed7b0e2_0f65_4b9f_9e53_071a4d.txt,ONS-SUBMODULO-3.1,cita,
ons/ons_subm_dulo_2_3_cr_2025_02_docx_fed7b0e2_0f65_4b9f_9e53_071a4d.txt,ONS-SUBMODULO-8.1,cita,
ons/ons_subm_dulo_2_3_cr_2025_02_docx_fed7b0e2_0f65_4b9f_9e53_071a4d.txt,ONS-SUBMODULO-6.13,cita,
ons/ons_subm_dulo_2_3_cr_2025_02_docx_fed7b0e2_0f65_4b9f_9e53_071a4d.txt,ONS-SUBMODULO-2.8,cita,
ons/ons_subm_dulo_2_3_cr_2025_02_docx_fed7b0e2_0f65_4b9f_9e53_071a4d.txt,ONS-SUBMODULO-2.3,cita,
ons/ons_subm_dulo_2_3_cr_2025_02_docx_fed7b0e2_0f65_4b9f_9e53_071a4d.txt,ONS-SUBMODULO-4.1,cita,
ons/ons_subm_dulo_2_3_cr_2025_02_docx_fed7b0e2_0f65_4b9f_9e53_071a4d.txt,ONS-SUBMODULO-3.2,cita,
ons/ons_subm_dulo_2_3_cr_2025_02_docx_fed7b0e2_0f65_4b9f_9e53_071a4d.txt,ONS-SUBMODULO-7.1,cita,
ons/ons_subm_dulo_2_3_cr_2025_02_docx_fed7b0e2_0f65_4b9f_9e53_071a4d.txt,ONS-SUBMODULO-3.11,cita,
ons/ons_subm_dulo_2_3_cr_2025_02_docx_fed7b0e2_0f65_4b9f_9e53_071a4d.txt,ONS-SUBMODULO-9.2,cita,
ons/ons_subm_dulo_2_3_cr_2025_02_docx_fed7b0e2_0f65_4b9f_9e53_071a4d.txt,ONS-SUBMODULO-2.10,cita,
ons/ons_subm_dulo_2_3_cr_2025_02_docx_fed7b0e2_0f65_4b9f_9e53_071a4d.txt,ONS-SUBMODULO-2.9,cita,
ons/ons_subm_dulo_2_3_cr_2025_02_docx_fed7b0e2_0f65_4b9f_9e53_071a4d.txt,ONS-SUBMODULO-4.2,cita,
ons/ons_subm_dulo_2_3_cr_2025_02_docx_fed7b0e2_0f65_4b9f_9e53_071a4d.txt,ANEEL-REN-905,cita,
ons/ons_subm_dulo_2_3_cr_2025_02_docx_fed7b0e2_0f65_4b9f_9e53_071a4d.txt,ONS-SUBMODULO-3.10,cita,
ons/ons_subm_dulo_2_3_cr_2025_02_docx_fed7b0e2_0f65_4b9f_9e53_071a4d.txt,ONS-SUBMODULO-2.2,cita,
ons/ons_subm_dulo_2_3_cr_2025_11.txt,ONS-SUBMODULO-5.13,cita,
ons/ons_subm_dulo_2_3_cr_2025_11.txt,ONS-SUBMODULO-5.11,cita,
ons/ons_subm_dulo_2_3_cr_2025_11.txt,ONS-SUBMODULO-2.6,cita,
ons/ons_subm_dulo_2_3_cr_2025_11.txt,ONS-SUBMODULO-3.4,cita,
ons/ons_subm_dulo_2_3_cr_2025_11.txt,ONS-SUBMODULO-7.3,cita,
ons/ons_subm_dulo_2_3_cr_2025_11.txt,ONS-SUBMODULO-7.4,cita,
ons/ons_subm_dulo_2_3_cr_2025_11.txt,ONS-SUBMODULO-3.12,cita,
ons/ons_subm_dulo_2_3_cr_2025_11.txt,ONS-SUBMODULO-3.1,cita,
ons/ons_subm_dulo_2_3_cr_2025_11.txt,ONS-SUBMODULO-8.1,cita,
ons/ons_subm_dulo_2_3_cr_2025_11.txt,ONS-SUBMODULO-6.13,cita,
ons/ons_subm_dulo_2_3_cr_2025_11.txt,ONS-SUBMODULO-2.8,cita,
ons/ons_subm_dulo_2_3_cr_2025_11.txt,ONS-SUBMODULO-2.3,cita,
ons/ons_subm_dulo_2_3_cr_2025_11.txt,ONS-SUBMODULO-4.1,cita,
ons/ons_subm_dulo_2_3_cr_2025_11.txt,ONS-SUBMODULO-3.2,cita,
ons/ons_subm_dulo_2_3_cr_2025_11.txt,ONS-SUBMODULO-7.1,cita,
ons/ons_subm_dulo_2_3_cr_2025_11.txt,ONS-SUBMODULO-3.11,cita,
ons/ons_subm_dulo_2_3_cr_2025_11.txt,ONS-SUBMODULO-9.2,cita,
ons/ons_subm_dulo_2_3_cr_2025_11.txt,ONS-SUBMODULO-2.10,cita,
ons/ons_subm_dulo_2_3_cr_2025_11.txt,ONS-SUBMODULO-2.9,cita,
ons/ons_subm_dulo_2_3_cr_2025_11.txt,ONS-SUBMODULO-4.2,cita,
ons/ons_subm_dulo_2_3_cr_2025_11.txt,ANEEL-REN-905,cita,
ons/ons_subm_dulo_2_3_cr_2025_11.txt,ONS-SUBMODULO-3.10,cita,
ons/ons_subm_dulo_2_3_cr_2025_11.txt,ONS-SUBMODULO-2.2,cita,
ons/ons_subm_dulo_2_3_cr_2026_04.txt,ONS-SUBMODULO-5.13,cita,
ons/ons_subm_dulo_2_3_cr_2026_04.txt,ONS-SUBMODULO-5.11,cita,
ons/ons_subm_dulo_2_3_cr_2026_04.txt,ONS-SUBMODULO-2.6,cita,
ons/ons_subm_dulo_2_3_cr_2026_04.txt,ONS-SUBMODULO-3.4,cita,
ons/ons_subm_dulo_2_3_cr_2026_04.txt,ONS-SUBMODULO-7.3,cita,
ons/ons_subm_dulo_2_3_cr_2026_04.txt,ONS-SUBMODULO-7.4,cita,
ons/ons_subm_dulo_2_3_cr_2026_04.txt,ONS-SUBMODULO-3.12,cita,
ons/ons_subm_dulo_2_3_cr_2026_04.txt,ONS-SUBMODULO-3.1,cita,
ons/ons_subm_dulo_2_3_cr_2026_04.txt,ONS-SUBMODULO-8.1,cita,
ons/ons_subm_dulo_2_3_cr_2026_04.txt,ONS-SUBMODULO-6.13,cita,
ons/ons_subm_dulo_2_3_cr_2026_04.txt,ONS-SUBMODULO-2.8,cita,
ons/ons_subm_dulo_2_3_cr_2026_04.txt,ONS-SUBMODULO-2.3,cita,
ons/ons_subm_dulo_2_3_cr_2026_04.txt,ONS-SUBMODULO-4.1,cita,
ons/ons_subm_dulo_2_3_cr_2026_04.txt,ONS-SUBMODULO-3.2,cita,
ons/ons_subm_dulo_2_3_cr_2026_04.txt,ONS-SUBMODULO-7.1,cita,
ons/ons_subm_dulo_2_3_cr_2026_04.txt,ONS-SUBMODULO-3.11,cita,
ons/ons_subm_dulo_2_3_cr_2026_04.txt,ONS-SUBMODULO-9.2,cita,
ons/ons_subm_dulo_2_3_cr_2026_04.txt,ONS-SUBMODULO-2.10,cita,
ons/ons_subm_dulo_2_3_cr_2026_04.txt,ONS-SUBMODULO-2.9,cita,
ons/ons_subm_dulo_2_3_cr_2026_04.txt,ONS-SUBMODULO-4.2,cita,
ons/ons_subm_dulo_2_3_cr_2026_04.txt,ANEEL-REN-905,cita,
ons/ons_subm_dulo_2_3_cr_2026_04.txt,ONS-SUBMODULO-3.10,cita,
ons/ons_subm_dulo_2_3_cr_2026_04.txt,ONS-SUBMODULO-2.2,cita,
ons/ons_subm_dulo_2_3_mt_2020_12.txt,ONS-SUBMODULO-9.7,cita,
ons/ons_subm_dulo_2_3_mt_2020_12.txt,ANEEL-REN-903,cita,
ons/ons_subm_dulo_2_3_mt_2020_12.txt,ONS-SUBMODULO-6.3,cita,
ons/ons_subm_dulo_2_3_mt_2020_12.txt,ONS-SUBMODULO-6.15,cita,
ons/ons_subm_dulo_2_3_mt_2020_12.txt,ONS-SUBMODULO-6.2,cita,
ons/ons_subm_dulo_2_3_mt_2020_12.txt,ONS-SUBMODULO-4.4,cita,
ons/ons_subm_dulo_2_3_mt_2020_12.txt,ONS-SUBMODULO-6.12,cita,
ons/ons_subm_dulo_2_3_mt_2020_12.txt,ONS-SUBMODULO-3.4,cita,
ons/ons_subm_dulo_2_3_mt_2020_12.txt,ONS-SUBMODULO-7.4,cita,
ons/ons_subm_dulo_2_3_mt_2020_12.txt,ONS-SUBMODULO-3.12,cita,
ons/ons_subm_dulo_2_3_mt_2020_12.txt,ONS-SUBMODULO-6.4,cita,
ons/ons_subm_dulo_2_3_mt_2020_12.txt,ONS-SUBMODULO-3.9,cita,
ons/ons_subm_dulo_2_3_mt_2020_12.txt,ONS-SUBMODULO-3.1,cita,
ons/ons_subm_dulo_2_3_mt_2020_12.txt,ONS-SUBMODULO-2.3,cita,
ons/ons_subm_dulo_2_3_mt_2020_12.txt,ONS-SUBMODULO-3.2,cita,
ons/ons_subm_dulo_2_3_mt_2020_12.txt,ONS-SUBMODULO-4.1,cita,
ons/ons_subm_dulo_2_3_mt_2020_12.txt,ONS-SUBMODULO-3.11,cita,
ons/ons_subm_dulo_2_3_mt_2020_12.txt,ONS-SUBMODULO-2.4,cita,
ons/ons_subm_dulo_2_3_mt_2020_12.txt,ONS-SUBMODULO-4.2,cita,
ons/ons_subm_dulo_2_3_mt_2020_12.txt,ONS-SUBMODULO-2.9,cita,
ons/ons_subm_dulo_2_3_mt_2020_12.txt,ONS-SUBMODULO-7.8,cita,
ons/ons_subm_dulo_2_3_mt_2020_12.txt,ONS-SUBMODULO-3.10,cita,
ons/ons_subm_dulo_2_3_mt_2020_12.txt,ONS-SUBMODULO-3.3,cita,
ons/ons_subm_dulo_2_3_mt_2021_08_docx_f58df0f4_59c1_4b1d_a923_871fd9.txt,ONS-SUBMODULO-9.7,cita,
ons/ons_subm_dulo_2_3_mt_2021_08_docx_f58df0f4_59c1_4b1d_a923_871fd9.txt,ONS-SUBMODULO-6.3,cita,
ons/ons_subm_dulo_2_3_mt_2021_08_docx_f58df0f4_59c1_4b1d_a923_871fd9.txt,ONS-SUBMODULO-6.15,cita,
ons/ons_subm_dulo_2_3_mt_2021_08_docx_f58df0f4_59c1_4b1d_a923_871fd9.txt,ONS-SUBMODULO-6.2,cita,
ons/ons_subm_dulo_2_3_mt_2021_08_docx_f58df0f4_59c1_4b1d_a923_871fd9.txt,ONS-SUBMODULO-4.4,cita,
ons/ons_subm_dulo_2_3_mt_2021_08_docx_f58df0f4_59c1_4b1d_a923_871fd9.txt,ONS-SUBMODULO-6.12,cita,
ons/ons_subm_dulo_2_3_mt_2021_08_docx_f58df0f4_59c1_4b1d_a923_871fd9.txt,ONS-SUBMODULO-3.4,cita,
ons/ons_subm_dulo_2_3_mt_2021_08_docx_f58df0f4_59c1_4b1d_a923_871fd9.txt,ONS-SUBMODULO-7.4,cita,
ons/ons_subm_dulo_2_3_mt_2021_08_docx_f58df0f4_59c1_4b1d_a923_871fd9.txt,ONS-SUBMODULO-3.12,cita,
ons/ons_subm_dulo_2_3_mt_2021_08_docx_f58df0f4_59c1_4b1d_a923_871fd9.txt,ONS-SUBMODULO-6.4,cita,
ons/ons_subm_dulo_2_3_mt_2021_08_docx_f58df0f4_59c1_4b1d_a923_871fd9.txt,ONS-SUBMODULO-3.9,cita,
ons/ons_subm_dulo_2_3_mt_2021_08_docx_f58df0f4_59c1_4b1d_a923_871fd9.txt,ONS-SUBMODULO-3.1,cita,
ons/ons_subm_dulo_2_3_mt_2021_08_docx_f58df0f4_59c1_4b1d_a923_871fd9.txt,ONS-SUBMODULO-2.3,cita,
ons/ons_subm_dulo_2_3_mt_2021_08_docx_f58df0f4_59c1_4b1d_a923_871fd9.txt,ONS-SUBMODULO-3.2,cita,
ons/ons_subm_dulo_2_3_mt_2021_08_docx_f58df0f4_59c1_4b1d_a923_871fd9.txt,ONS-SUBMODULO-4.1,cita,
ons/ons_subm_dulo_2_3_mt_2021_08_docx_f58df0f4_59c1_4b1d_a923_871fd9.txt,ONS-SUBMODULO-3.11,cita,
ons/ons_subm_dulo_2_3_mt_2021_08_docx_f58df0f4_59c1_4b1d_a923_871fd9.txt,ONS-SUBMODULO-2.4,cita,
ons/ons_subm_dulo_2_3_mt_2021_08_docx_f58df0f4_59c1_4b1d_a923_871fd9.txt,ONS-SUBMODULO-4.2,cita,
ons/ons_subm_dulo_2_3_mt_2021_08_docx_f58df0f4_59c1_4b1d_a923_871fd9.txt,ONS-SUBMODULO-2.9,cita,
ons/ons_subm_dulo_2_3_mt_2021_08_docx_f58df0f4_59c1_4b1d_a923_871fd9.txt,ONS-SUBMODULO-7.8,cita,
ons/ons_subm_dulo_2_3_mt_2021_08_docx_f58df0f4_59c1_4b1d_a923_871fd9.txt,ONS-SUBMODULO-3.10,cita,
ons/ons_subm_dulo_2_3_mt_2021_08_docx_f58df0f4_59c1_4b1d_a923_871fd9.txt,ONS-SUBMODULO-3.3,cita,
ons/ons_subm_dulo_2_3_mt_2025_11.txt,ONS-SUBMODULO-9.7,cita,
ons/ons_subm_dulo_2_3_mt_2025_11.txt,ONS-SUBMODULO-6.3,cita,
ons/ons_subm_dulo_2_3_mt_2025_11.txt,ONS-SUBMODULO-6.15,cita,
ons/ons_subm_dulo_2_3_mt_2025_11.txt,ONS-SUBMODULO-6.2,cita,
ons/ons_subm_dulo_2_3_mt_2025_11.txt,ONS-SUBMODULO-4.4,cita,
ons/ons_subm_dulo_2_3_mt_2025_11.txt,ONS-SUBMODULO-6.12,cita,
ons/ons_subm_dulo_2_3_mt_2025_11.txt,ONS-SUBMODULO-3.4,cita,
ons/ons_subm_dulo_2_3_mt_2025_11.txt,ONS-SUBMODULO-7.4,cita,
ons/ons_subm_dulo_2_3_mt_2025_11.txt,ONS-SUBMODULO-3.12,cita,
ons/ons_subm_dulo_2_3_mt_2025_11.txt,ONS-SUBMODULO-6.4,cita,
ons/ons_subm_dulo_2_3_mt_2025_11.txt,ONS-SUBMODULO-3.9,cita,
ons/ons_subm_dulo_2_3_mt_2025_11.txt,ONS-SUBMODULO-3.1,cita,
ons/ons_subm_dulo_2_3_mt_2025_11.txt,ONS-SUBMODULO-2.3,cita,
ons/ons_subm_dulo_2_3_mt_2025_11.txt,ONS-SUBMODULO-3.2,cita,
ons/ons_subm_dulo_2_3_mt_2025_11.txt,ONS-SUBMODULO-4.1,cita,
ons/ons_subm_dulo_2_3_mt_2025_11.txt,ONS-SUBMODULO-3.11,cita,
ons/ons_subm_dulo_2_3_mt_2025_11.txt,ONS-SUBMODULO-2.4,cita,
ons/ons_subm_dulo_2_3_mt_2025_11.txt,ONS-SUBMODULO-4.2,cita,
ons/ons_subm_dulo_2_3_mt_2025_11.txt,ONS-SUBMODULO-2.9,cita,
ons/ons_subm_dulo_2_3_mt_2025_11.txt,ONS-SUBMODULO-7.8,cita,
ons/ons_subm_dulo_2_3_mt_2025_11.txt,ONS-SUBMODULO-3.10,cita,
ons/ons_subm_dulo_2_3_mt_2025_11.txt,ONS-SUBMODULO-3.3,cita,
ons/ons_subm_dulo_2_3_mt_2026_04.txt,ONS-SUBMODULO-9.7,cita,
ons/ons_subm_dulo_2_3_mt_2026_04.txt,ONS-SUBMODULO-6.3,cita,
ons/ons_subm_dulo_2_3_mt_2026_04.txt,ONS-SUBMODULO-6.15,cita,
ons/ons_subm_dulo_2_3_mt_2026_04.txt,ONS-SUBMODULO-6.2,cita,
ons/ons_subm_dulo_2_3_mt_2026_04.txt,ONS-SUBMODULO-4.4,cita,
ons/ons_subm_dulo_2_3_mt_2026_04.txt,ONS-SUBMODULO-6.12,cita,
ons/ons_subm_dulo_2_3_mt_2026_04.txt,ONS-SUBMODULO-3.4,cita,
ons/ons_subm_dulo_2_3_mt_2026_04.txt,ONS-SUBMODULO-7.4,cita,
ons/ons_subm_dulo_2_3_mt_2026_04.txt,ONS-SUBMODULO-3.12,cita,
ons/ons_subm_dulo_2_3_mt_2026_04.txt,ONS-SUBMODULO-6.4,cita,
ons/ons_subm_dulo_2_3_mt_2026_04.txt,ONS-SUBMODULO-3.9,cita,
ons/ons_subm_dulo_2_3_mt_2026_04.txt,ONS-SUBMODULO-3.1,cita,
ons/ons_subm_dulo_2_3_mt_2026_04.txt,ONS-SUBMODULO-2.3,cita,
ons/ons_subm_dulo_2_3_mt_2026_04.txt,ONS-SUBMODULO-3.2,cita,
ons/ons_subm_dulo_2_3_mt_2026_04.txt,ONS-SUBMODULO-4.1,cita,
ons/ons_subm_dulo_2_3_mt_2026_04.txt,ONS-SUBMODULO-3.11,cita,
ons/ons_subm_dulo_2_3_mt_2026_04.txt,ONS-SUBMODULO-2.4,cita,
ons/ons_subm_dulo_2_3_mt_2026_04.txt,ONS-SUBMODULO-4.2,cita,
ons/ons_subm_dulo_2_3_mt_2026_04.txt,ONS-SUBMODULO-2.9,cita,
ons/ons_subm_dulo_2_3_mt_2026_04.txt,ONS-SUBMODULO-7.8,cita,
ons/ons_subm_dulo_2_3_mt_2026_04.txt,ONS-SUBMODULO-3.10,cita,
ons/ons_subm_dulo_2_3_mt_2026_04.txt,ONS-SUBMODULO-3.3,cita,
ons/ons_subm_dulo_2_4_cr_2020_12.txt,ONS-SUBMODULO-4.6,cita,
ons/ons_subm_dulo_2_4_cr_2020_12.txt,ONS-SUBMODULO-2.4,cita,
ons/ons_subm_dulo_2_4_cr_2020_12.txt,ONS-SUBMODULO-4.5,cita,
ons/ons_subm_dulo_2_4_cr_2020_12.txt,ONS-SUBMODULO-3.8,cita,
ons/ons_subm_dulo_2_4_cr_2020_12.txt,ONS-SUBMODULO-7.2,cita,
ons/ons_subm_dulo_2_4_cr_2020_12.txt,ONS-SUBMODULO-4.2,cita,
ons/ons_subm_dulo_2_4_cr_2020_12.txt,ONS-SUBMODULO-4.4,cita,
ons/ons_subm_dulo_2_4_cr_2020_12.txt,ONS-SUBMODULO-4.3,cita,
ons/ons_subm_dulo_2_4_cr_2020_12.txt,ONS-SUBMODULO-3.7,cita,
ons/ons_subm_dulo_2_4_cr_2020_12.txt,ONS-SUBMODULO-3.4,cita,
ons/ons_subm_dulo_2_4_cr_2020_12.txt,ONS-SUBMODULO-4.7,cita,
ons/ons_subm_dulo_2_4_cr_2020_12.txt,ONS-SUBMODULO-4.1,cita,
ons/ons_subm_dulo_2_4_cr_2020_12.txt,ANEEL-REN-903,cita,
ons/ons_subm_dulo_2_4_cr_2020_12.txt,ONS-SUBMODULO-3.3,cita,
ons/ons_subm_dulo_2_4_cr_2022_06.txt,ONS-SUBMODULO-4.6,cita,
ons/ons_subm_dulo_2_4_cr_2022_06.txt,ONS-SUBMODULO-2.4,cita,
ons/ons_subm_dulo_2_4_cr_2022_06.txt,ONS-SUBMODULO-3.1,cita,
ons/ons_subm_dulo_2_4_cr_2022_06.txt,ONS-SUBMODULO-4.5,cita,
ons/ons_subm_dulo_2_4_cr_2022_06.txt,ONS-SUBMODULO-3.8,cita,
ons/ons_subm_dulo_2_4_cr_2022_06.txt,ONS-SUBMODULO-7.2,cita,
ons/ons_subm_dulo_2_4_cr_2022_06.txt,ONS-SUBMODULO-4.2,cita,
ons/ons_subm_dulo_2_4_cr_2022_06.txt,ONS-SUBMODULO-4.4,cita,
ons/ons_subm_dulo_2_4_cr_2022_06.txt,ONS-SUBMODULO-3.7,cita,
ons/ons_subm_dulo_2_4_cr_2022_06.txt,ONS-SUBMODULO-4.3,cita,
ons/ons_subm_dulo_2_4_cr_2022_06.txt,ONS-SUBMODULO-4.7,cita,
ons/ons_subm_dulo_2_4_cr_2022_06.txt,ONS-SUBMODULO-6.5,cita,
ons/ons_subm_dulo_2_4_cr_2022_06.txt,ONS-SUBMODULO-4.1,cita,
ons/ons_subm_dulo_2_4_cr_2022_06.txt,ONS-SUBMODULO-3.3,cita,
ons/ons_subm_dulo_2_4_cr_2024_10.txt,ONS-SUBMODULO-4.6,cita,
ons/ons_subm_dulo_2_4_cr_2024_10.txt,ONS-SUBMODULO-2.4,cita,
ons/ons_subm_dulo_2_4_cr_2024_10.txt,ONS-SUBMODULO-3.1,cita,
ons/ons_subm_dulo_2_4_cr_2024_10.txt,ONS-SUBMODULO-4.5,cita,
ons/ons_subm_dulo_2_4_cr_2024_10.txt,ONS-SUBMODULO-3.8,cita,
ons/ons_subm_dulo_2_4_cr_2024_10.txt,ONS-SUBMODULO-7.2,cita,
ons/ons_subm_dulo_2_4_cr_2024_10.txt,ONS-SUBMODULO-4.2,cita,
ons/ons_subm_dulo_2_4_cr_2024_10.txt,ONS-SUBMODULO-4.4,cita,
ons/ons_subm_dulo_2_4_cr_2024_10.txt,ONS-SUBMODULO-3.7,cita,
ons/ons_subm_dulo_2_4_cr_2024_10.txt,ONS-SUBMODULO-4.3,cita,
ons/ons_subm_dulo_2_4_cr_2024_10.txt,ONS-SUBMODULO-3.4,cita,
ons/ons_subm_dulo_2_4_cr_2024_10.txt,ONS-SUBMODULO-4.7,cita,
ons/ons_subm_dulo_2_4_cr_2024_10.txt,ONS-SUBMODULO-6.5,cita,
ons/ons_subm_dulo_2_4_cr_2024_10.txt,ONS-SUBMODULO-4.1,cita,
ons/ons_subm_dulo_2_4_cr_2024_10.txt,ONS-SUBMODULO-3.3,cita,
ons/ons_subm_dulo_2_4_cr_2024_12.txt,ONS-SUBMODULO-4.6,cita,
ons/ons_subm_dulo_2_4_cr_2024_12.txt,ONS-SUBMODULO-2.4,cita,
ons/ons_subm_dulo_2_4_cr_2024_12.txt,ONS-SUBMODULO-3.1,cita,
ons/ons_subm_dulo_2_4_cr_2024_12.txt,ONS-SUBMODULO-4.5,cita,
ons/ons_subm_dulo_2_4_cr_2024_12.txt,ONS-SUBMODULO-3.8,cita,
ons/ons_subm_dulo_2_4_cr_2024_12.txt,ONS-SUBMODULO-7.2,cita,
ons/ons_subm_dulo_2_4_cr_2024_12.txt,ONS-SUBMODULO-4.2,cita,
ons/ons_subm_dulo_2_4_cr_2024_12.txt,ANEEL-REN-1030,cita,
ons/ons_subm_dulo_2_4_cr_2024_12.txt,ONS-SUBMODULO-4.4,cita,
ons/ons_subm_dulo_2_4_cr_2024_12.txt,ONS-SUBMODULO-4.3,cita,
ons/ons_subm_dulo_2_4_cr_2024_12.txt,ONS-SUBMODULO-3.7,cita,
ons/ons_subm_dulo_2_4_cr_2024_12.txt,ONS-SUBMODULO-3.4,cita,
ons/ons_subm_dulo_2_4_cr_2024_12.txt,ONS-SUBMODULO-4.7,cita,
ons/ons_subm_dulo_2_4_cr_2024_12.txt,ONS-SUBMODULO-6.5,cita,
ons/ons_subm_dulo_2_4_cr_2024_12.txt,ONS-SUBMODULO-4.1,cita,
ons/ons_subm_dulo_2_4_cr_2024_12.txt,ONS-SUBMODULO-3.3,cita,
ons/ons_subm_dulo_2_4_op_2024_10.txt,ONS-SUBMODULO-2.4,cita,
ons/ons_subm_dulo_2_4_op_2024_10.txt,ONS-SUBMODULO-4.5,cita,
ons/ons_subm_dulo_2_4_op_2024_10.txt,ONS-SUBMODULO-4.4,cita,
ons/ons_subm_dulo_2_4_op_2024_10.txt,ONS-SUBMODULO-3.7,cita,
ons/ons_subm_dulo_2_4_op_2024_10.txt,ONS-SUBMODULO-3.5,cita,
ons/ons_subm_dulo_2_4_op_2024_10.txt,ANEEL-REN-1032,cita,
ons/ons_subm_dulo_2_4_op_2025_03.txt,ONS-SUBMODULO-2.4,cita,
ons/ons_subm_dulo_2_4_op_2025_03.txt,ONS-SUBMODULO-4.5,cita,
ons/ons_subm_dulo_2_4_op_2025_03.txt,ONS-SUBMODULO-4.4,cita,
ons/ons_subm_dulo_2_4_op_2025_03.txt,ONS-SUBMODULO-3.7,cita,
ons/ons_subm_dulo_2_4_op_2025_03.txt,ONS-SUBMODULO-3.5,cita,
ons/ons_subm_dulo_2_4_op_2025_03.txt,ANEEL-REN-1032,cita,
ons/ons_subm_dulo_2_5_cr_2020_12.txt,ONS-SUBMODULO-5.3,cita,
ons/ons_subm_dulo_2_5_cr_2020_12.txt,ONS-SUBMODULO-3.1,cita,
ons/ons_subm_dulo_2_5_cr_2020_12.txt,ONS-SUBMODULO-5.8,cita,
ons/ons_subm_dulo_2_5_cr_2020_12.txt,ONS-SUBMODULO-2.5,cita,
ons/ons_subm_dulo_2_5_cr_2020_12.txt,ONS-SUBMODULO-5.13,cita,
ons/ons_subm_dulo_2_5_cr_2020_12.txt,ONS-SUBMODULO-5.1,cita,
ons/ons_subm_dulo_2_5_cr_2020_12.txt,ONS-SUBMODULO-3.3,cita,
ons/ons_subm_dulo_2_5_cr_2020_12.txt,ONS-SUBMODULO-5.7,cita,
ons/ons_subm_dulo_2_5_cr_2020_12.txt,ONS-SUBMODULO-5.12,cita,
ons/ons_subm_dulo_2_5_cr_2020_12.txt,ONS-SUBMODULO-3.10,cita,
ons/ons_subm_dulo_2_5_cr_2020_12.txt,ONS-SUBMODULO-5.11,cita,
ons/ons_subm_dulo_2_5_cr_2020_12.txt,ONS-SUBMODULO-2.3,cita,
ons/ons_subm_dulo_2_5_cr_2020_12.txt,ONS-SUBMODULO-4.1,cita,
ons/ons_subm_dulo_2_5_cr_2020_12.txt,ONS-SUBMODULO-5.2,cita,
ons/ons_subm_dulo_2_5_cr_2020_12.txt,ANEEL-REN-903,cita,
ons/ons_subm_dulo_2_5_cr_2020_12.txt,ONS-SUBMODULO-5.4,cita,
ons/ons_subm_dulo_2_5_cr_2020_12.txt,ONS-SUBMODULO-5.5,cita,
ons/ons_subm_dulo_2_5_cr_2025_02.txt,ONS-SUBMODULO-5.3,cita,
ons/ons_subm_dulo_2_5_cr_2025_02.txt,ONS-SUBMODULO-3.1,cita,
ons/ons_subm_dulo_2_5_cr_2025_02.txt,ONS-SUBMODULO-5.8,cita,
ons/ons_subm_dulo_2_5_cr_2025_02.txt,ONS-SUBMODULO-2.5,cita,
ons/ons_subm_dulo_2_5_cr_2025_02.txt,ONS-SUBMODULO-5.13,cita,
ons/ons_subm_dulo_2_5_cr_2025_02.txt,ONS-SUBMODULO-5.1,cita,
ons/ons_subm_dulo_2_5_cr_2025_02.txt,ONS-SUBMODULO-3.3,cita,
ons/ons_subm_dulo_2_5_cr_2025_02.txt,ONS-SUBMODULO-5.7,cita,
ons/ons_subm_dulo_2_5_cr_2025_02.txt,ONS-SUBMODULO-5.12,cita,
ons/ons_subm_dulo_2_5_cr_2025_02.txt,ONS-SUBMODULO-2.3,cita,
ons/ons_subm_dulo_2_5_cr_2025_02.txt,ONS-SUBMODULO-5.11,cita,
ons/ons_subm_dulo_2_5_cr_2025_02.txt,ONS-SUBMODULO-4.1,cita,
ons/ons_subm_dulo_2_5_cr_2025_02.txt,ONS-SUBMODULO-5.2,cita,
ons/ons_subm_dulo_2_5_cr_2025_02.txt,ONS-SUBMODULO-3.10,cita,
ons/ons_subm_dulo_2_5_cr_2025_02.txt,ONS-SUBMODULO-5.4,cita,
ons/ons_subm_dulo_2_5_cr_2025_02.txt,ONS-SUBMODULO-5.5,cita,
ons/ons_subm_dulo_2_6_rq_2020_12.txt,ONS-SUBMODULO-2.6,cita,
ons/ons_subm_dulo_2_6_rq_2020_12.txt,ONS-SUBMODULO-2.11,cita,
ons/ons_subm_dulo_2_6_rq_2020_12.txt,ONS-SUBMODULO-2.7,cita,
ons/ons_subm_dulo_2_6_rq_2020_12.txt,ONS-SUBMODULO-2.12,cita,
ons/ons_subm_dulo_2_6_rq_2020_12.txt,ONS-SUBMODULO-2.16,cita,
ons/ons_subm_dulo_2_6_rq_2020_12.txt,ONS-SUBMODULO-2.9,cita,
ons/ons_subm_dulo_2_6_rq_2020_12.txt,ONS-SUBMODULO-7.3,cita,
ons/ons_subm_dulo_2_6_rq_2020_12.txt,ONS-SUBMODULO-2.3,cita,
ons/ons_subm_dulo_2_6_rq_2020_12.txt,ANEEL-REN-903,cita,
ons/ons_subm_dulo_2_6_rq_2020_12.txt,ONS-SUBMODULO-2.14,cita,
ons/ons_subm_dulo_2_6_rq_2021_06.txt,ONS-SUBMODULO-2.6,cita,
ons/ons_subm_dulo_2_6_rq_2021_06.txt,ONS-SUBMODULO-2.11,cita,
ons/ons_subm_dulo_2_6_rq_2021_06.txt,ONS-SUBMODULO-2.7,cita,
ons/ons_subm_dulo_2_6_rq_2021_06.txt,ONS-SUBMODULO-2.12,cita,
ons/ons_subm_dulo_2_6_rq_2021_06.txt,ONS-SUBMODULO-2.16,cita,
ons/ons_subm_dulo_2_6_rq_2021_06.txt,ONS-SUBMODULO-2.9,cita,
ons/ons_subm_dulo_2_6_rq_2021_06.txt,ONS-SUBMODULO-7.3,cita,
ons/ons_subm_dulo_2_6_rq_2021_06.txt,ONS-SUBMODULO-2.3,cita,
ons/ons_subm_dulo_2_6_rq_2021_06.txt,ONS-SUBMODULO-2.14,cita,
ons/ons_subm_dulo_2_6_rq_2021_08_docx_16c3ed7c_cf3b_4cf6_aca5_9bfdab.txt,ONS-SUBMODULO-2.6,cita,
ons/ons_subm_dulo_2_6_rq_2021_08_docx_16c3ed7c_cf3b_4cf6_aca5_9bfdab.txt,ONS-SUBMODULO-2.11,cita,
ons/ons_subm_dulo_2_6_rq_2021_08_docx_16c3ed7c_cf3b_4cf6_aca5_9bfdab.txt,ONS-SUBMODULO-2.7,cita,
ons/ons_subm_dulo_2_6_rq_2021_08_docx_16c3ed7c_cf3b_4cf6_aca5_9bfdab.txt,ONS-SUBMODULO-2.12,cita,
ons/ons_subm_dulo_2_6_rq_2021_08_docx_16c3ed7c_cf3b_4cf6_aca5_9bfdab.txt,ONS-SUBMODULO-2.16,cita,
ons/ons_subm_dulo_2_6_rq_2021_08_docx_16c3ed7c_cf3b_4cf6_aca5_9bfdab.txt,ONS-SUBMODULO-2.9,cita,
ons/ons_subm_dulo_2_6_rq_2021_08_docx_16c3ed7c_cf3b_4cf6_aca5_9bfdab.txt,ONS-SUBMODULO-7.3,cita,
ons/ons_subm_dulo_2_6_rq_2021_08_docx_16c3ed7c_cf3b_4cf6_aca5_9bfdab.txt,ONS-SUBMODULO-2.3,cita,
ons/ons_subm_dulo_2_6_rq_2021_08_docx_16c3ed7c_cf3b_4cf6_aca5_9bfdab.txt,ONS-SUBMODULO-2.14,cita,
ons/ons_subm_dulo_2_6_rq_2022_08.txt,ONS-SUBMODULO-2.6,cita,
ons/ons_subm_dulo_2_6_rq_2022_08.txt,ONS-SUBMODULO-2.11,cita,
ons/ons_subm_dulo_2_6_rq_2022_08.txt,ONS-SUBMODULO-2.7,cita,
ons/ons_subm_dulo_2_6_rq_2022_08.txt,ONS-SUBMODULO-2.12,cita,
ons/ons_subm_dulo_2_6_rq_2022_08.txt,ONS-SUBMODULO-2.16,cita,
ons/ons_subm_dulo_2_6_rq_2022_08.txt,ONS-SUBMODULO-2.9,cita,
ons/ons_subm_dulo_2_6_rq_2022_08.txt,ONS-SUBMODULO-7.3,cita,
ons/ons_subm_dulo_2_6_rq_2022_08.txt,ONS-SUBMODULO-2.3,cita,
ons/ons_subm_dulo_2_6_rq_2022_08.txt,ONS-SUBMODULO-2.14,cita,
ons/ons_subm_dulo_2_7_rq_2020_12.txt,ONS-SUBMODULO-2.7,cita,
ons/ons_subm_dulo_2_7_rq_2020_12.txt,ANEEL-REN-903,cita,
ons/ons_subm_dulo_2_7_rq_2020_12.txt,ONS-SUBMODULO-9.7,cita,
ons/ons_subm_dulo_2_7_rq_2020_12.txt,ONS-SUBMODULO-9.2,cita,
ons/ons_subm_dulo_2_7_rq_2020_12_docx_09232908_8899_4ca4_94a3_c20151.txt,ONS-SUBMODULO-2.7,cita,
ons/ons_subm_dulo_2_7_rq_2020_12_docx_09232908_8899_4ca4_94a3_c20151.txt,ONS-SUBMODULO-9.7,cita,
ons/ons_subm_dulo_2_7_rq_2020_12_docx_09232908_8899_4ca4_94a3_c20151.txt,ONS-SUBMODULO-9.2,cita,
ons/ons_subm_dulo_2_7_rq_2026_04.txt,ONS-SUBMODULO-2.7,cita,
ons/ons_subm_dulo_2_7_rq_2026_04.txt,ONS-SUBMODULO-9.7,cita,
ons/ons_subm_dulo_2_7_rq_2026_04.txt,ONS-SUBMODULO-9.2,cita,
ons/ons_subm_dulo_2_8_rq_2020_12.txt,ONS-SUBMODULO-2.6,cita,
ons/ons_subm_dulo_2_8_rq_2020_12.txt,ONS-SUBMODULO-2.11,cita,
ons/ons_subm_dulo_2_8_rq_2020_12.txt,ONS-SUBMODULO-2.7,cita,
ons/ons_subm_dulo_2_8_rq_2020_12.txt,ONS-SUBMODULO-2.12,cita,
ons/ons_subm_dulo_2_8_rq_2020_12.txt,ONS-SUBMODULO-2.9,cita,
ons/ons_subm_dulo_2_8_rq_2020_12.txt,ONS-SUBMODULO-2.15,cita,
ons/ons_subm_dulo_2_8_rq_2020_12.txt,ONS-SUBMODULO-7.3,cita,
ons/ons_subm_dulo_2_8_rq_2020_12.txt,ONS-SUBMODULO-2.8,cita,
ons/ons_subm_dulo_2_8_rq_2020_12.txt,ONS-SUBMODULO-2.3,cita,
ons/ons_subm_dulo_2_8_rq_2020_12.txt,ANEEL-REN-903,cita,
ons/ons_subm_dulo_2_8_rq_2021_08_docx_6164087f_f9a5_49fc_ad9c_33334e.txt,ONS-SUBMODULO-2.11,cita,
ons/ons_subm_dulo_2_8_rq_2021_08_docx_6164087f_f9a5_49fc_ad9c_33334e.txt,ONS-SUBMODULO-2.6,cita,
ons/ons_subm_dulo_2_8_rq_2021_08_docx_6164087f_f9a5_49fc_ad9c_33334e.txt,ONS-SUBMODULO-2.7,cita,
ons/ons_subm_dulo_2_8_rq_2021_08_docx_6164087f_f9a5_49fc_ad9c_33334e.txt,ONS-SUBMODULO-2.12,cita,
ons/ons_subm_dulo_2_8_rq_2021_08_docx_6164087f_f9a5_49fc_ad9c_33334e.txt,ONS-SUBMODULO-2.9,cita,
ons/ons_subm_dulo_2_8_rq_2021_08_docx_6164087f_f9a5_49fc_ad9c_33334e.txt,ONS-SUBMODULO-2.15,cita,
ons/ons_subm_dulo_2_8_rq_2021_08_docx_6164087f_f9a5_49fc_ad9c_33334e.txt,ONS-SUBMODULO-7.3,cita,
ons/ons_subm_dulo_2_8_rq_2021_08_docx_6164087f_f9a5_49fc_ad9c_33334e.txt,ONS-SUBMODULO-2.8,cita,
ons/ons_subm_dulo_2_8_rq_2021_08_docx_6164087f_f9a5_49fc_ad9c_33334e.txt,ONS-SUBMODULO-2.3,cita,
ons/ons_subm_dulo_2_9_rq_2020_12.txt,ONS-SUBMODULO-2.9,cita,
ons/ons_subm_dulo_2_9_rq_2020_12.txt,ONS-SUBMODULO-9.7,cita,
ons/ons_subm_dulo_2_9_rq_2020_12.txt,ONS-SUBMODULO-2.3,cita,
ons/ons_subm_dulo_2_9_rq_2020_12.txt,ONS-SUBMODULO-7.8,cita,
ons/ons_subm_dulo_2_9_rq_2020_12.txt,ONS-SUBMODULO-6.15,cita,
ons/ons_subm_dulo_2_9_rq_2020_12.txt,ANEEL-REN-903,cita,
ons/ons_subm_dulo_2_9_rq_2020_12.txt,ONS-SUBMODULO-2.14,cita,
ons/ons_subm_dulo_2_9_rq_2022_10_docx_687a4257_1841_46b6_a0e7_51d584.txt,ONS-SUBMODULO-2.9,cita,
ons/ons_subm_dulo_2_9_rq_2022_10_docx_687a4257_1841_46b6_a0e7_51d584.txt,ONS-SUBMODULO-9.7,cita,
ons/ons_subm_dulo_2_9_rq_2022_10_docx_687a4257_1841_46b6_a0e7_51d584.txt,ONS-SUBMODULO-2.3,cita,
ons/ons_subm_dulo_2_9_rq_2022_10_docx_687a4257_1841_46b6_a0e7_51d584.txt,ONS-SUBMODULO-7.8,cita,
ons/ons_subm_dulo_2_9_rq_2022_10_docx_687a4257_1841_46b6_a0e7_51d584.txt,ONS-SUBMODULO-6.15,cita,
ons/ons_subm_dulo_2_9_rq_2022_10_docx_687a4257_1841_46b6_a0e7_51d584.txt,ONS-SUBMODULO-2.14,cita,
ons/ons_subm_dulo_2_9_rq_2026_04.txt,ONS-SUBMODULO-2.9,cita,
ons/ons_subm_dulo_2_9_rq_2026_04.txt,ONS-SUBMODULO-9.7,cita,
ons/ons_subm_dulo_2_9_rq_2026_04.txt,ONS-SUBMODULO-2.3,cita,
ons/ons_subm_dulo_2_9_rq_2026_04.txt,ONS-SUBMODULO-7.8,cita,
ons/ons_subm_dulo_2_9_rq_2026_04.txt,ONS-SUBMODULO-6.15,cita,
ons/ons_subm_dulo_2_9_rq_2026_04.txt,ONS-SUBMODULO-2.14,cita,
ons/ons_subm_dulo_3_10_op_2020_12.txt,ONS-SUBMODULO-7.5,cita,
ons/ons_subm_dulo_3_10_op_2020_12.txt,ONS-SUBMODULO-3.5,cita,
ons/ons_subm_dulo_3_10_op_2020_12.txt,ONS-SUBMODULO-6.3,cita,
ons/ons_subm_dulo_3_10_op_2020_12.txt,ONS-SUBMODULO-6.12,cita,
ons/ons_subm_dulo_3_10_op_2020_12.txt,ONS-SUBMODULO-7.4,cita,
ons/ons_subm_dulo_3_10_op_2020_12.txt,ONS-SUBMODULO-5.12,cita,
ons/ons_subm_dulo_3_10_op_2020_12.txt,ONS-SUBMODULO-3.12,cita,
ons/ons_subm_dulo_3_10_op_2020_12.txt,ONS-SUBMODULO-3.9,cita,
ons/ons_subm_dulo_3_10_op_2020_12.txt,ONS-SUBMODULO-3.1,cita,
ons/ons_subm_dulo_3_10_op_2020_12.txt,ONS-SUBMODULO-3.10,cita,
ons/ons_subm_dulo_3_10_op_2020_12.txt,ONS-SUBMODULO-2.3,cita,
ons/ons_subm_dulo_3_10_op_2020_12.txt,ONS-SUBMODULO-7.10,cita,
ons/ons_subm_dulo_3_10_op_2020_12.txt,ONS-SUBMODULO-4.1,cita,
ons/ons_subm_dulo_3_10_op_2020_12.txt,ONS-SUBMODULO-7.1,cita,
ons/ons_subm_dulo_3_10_op_2020_12.txt,ONS-SUBMODULO-7.6,cita,
ons/ons_subm_dulo_3_10_op_2020_12.txt,ONS-SUBMODULO-2.10,cita,
ons/ons_subm_dulo_3_10_op_2020_12.txt,ONS-SUBMODULO-4.2,cita,
ons/ons_subm_dulo_3_10_op_2020_12.txt,ANEEL-REN-903,cita,
ons/ons_subm_dulo_3_10_op_2020_12.txt,ONS-SUBMODULO-3.3,cita,
ons/ons_subm_dulo_3_10_op_2021_06.txt,ONS-SUBMODULO-3.1,cita,
ons/ons_subm_dulo_3_10_op_2021_06.txt,ONS-SUBMODULO-2.10,cita,
ons/ons_subm_dulo_3_10_op_2021_06.txt,ONS-SUBMODULO-7.6,cita,
ons/ons_subm_dulo_3_10_op_2021_06.txt,ONS-SUBMODULO-6.3,cita,
ons/ons_subm_dulo_3_10_op_2021_06.txt,ONS-SUBMODULO-4.2,cita,
ons/ons_subm_dulo_3_10_op_2021_06.txt,ONS-SUBMODULO-6.12,cita,
ons/ons_subm_dulo_3_10_op_2021_06.txt,ONS-SUBMODULO-7.5,cita,
ons/ons_subm_dulo_3_10_op_2021_06.txt,ONS-SUBMODULO-7.4,cita,
ons/ons_subm_dulo_3_10_op_2021_06.txt,ONS-SUBMODULO-5.12,cita,
ons/ons_subm_dulo_3_10_op_2021_06.txt,ONS-SUBMODULO-2.3,cita,
ons/ons_subm_dulo_3_10_op_2021_06.txt,ONS-SUBMODULO-7.10,cita,
ons/ons_subm_dulo_3_10_op_2021_06.txt,ONS-SUBMODULO-3.12,cita,
ons/ons_subm_dulo_3_10_op_2021_06.txt,ONS-SUBMODULO-3.5,cita,
ons/ons_subm_dulo_3_10_op_2021_06.txt,ONS-SUBMODULO-4.1,cita,
ons/ons_subm_dulo_3_10_op_2021_06.txt,ONS-SUBMODULO-7.1,cita,
ons/ons_subm_dulo_3_10_op_2021_06.txt,ONS-SUBMODULO-3.10,cita,
ons/ons_subm_dulo_3_10_op_2021_06.txt,ONS-SUBMODULO-3.3,cita,
ons/ons_subm_dulo_3_10_op_2021_06.txt,ONS-SUBMODULO-3.9,cita,
ons/ons_subm_dulo_3_10_op_2022_10.txt,ONS-SUBMODULO-3.1,cita,
ons/ons_subm_dulo_3_10_op_2022_10.txt,ONS-SUBMODULO-2.10,cita,
ons/ons_subm_dulo_3_10_op_2022_10.txt,ONS-SUBMODULO-7.6,cita,
ons/ons_subm_dulo_3_10_op_2022_10.txt,ONS-SUBMODULO-6.3,cita,
ons/ons_subm_dulo_3_10_op_2022_10.txt,ONS-SUBMODULO-4.2,cita,
ons/ons_subm_dulo_3_10_op_2022_10.txt,ONS-SUBMODULO-6.12,cita,
ons/ons_subm_dulo_3_10_op_2022_10.txt,ONS-SUBMODULO-7.5,cita,
ons/ons_subm_dulo_3_10_op_2022_10.txt,ONS-SUBMODULO-7.4,cita,
ons/ons_subm_dulo_3_10_op_2022_10.txt,ONS-SUBMODULO-5.12,cita,
ons/ons_subm_dulo_3_10_op_2022_10.txt,ONS-SUBMODULO-2.3,cita,
ons/ons_subm_dulo_3_10_op_2022_10.txt,ONS-SUBMODULO-7.10,cita,
ons/ons_subm_dulo_3_10_op_2022_10.txt,ONS-SUBMODULO-3.12,cita,
ons/ons_subm_dulo_3_10_op_2022_10.txt,ONS-SUBMODULO-3.5,cita,
ons/ons_subm_dulo_3_10_op_2022_10.txt,ONS-SUBMODULO-4.1,cita,
ons/ons_subm_dulo_3_10_op_2022_10.txt,ONS-SUBMODULO-7.1,cita,
ons/ons_subm_dulo_3_10_op_2022_10.txt,ONS-SUBMODULO-3.10,cita,
ons/ons_subm_dulo_3_10_op_2022_10.txt,ONS-SUBMODULO-3.3,cita,
ons/ons_subm_dulo_3_10_op_2022_10.txt,ONS-SUBMODULO-3.9,cita,
ons/ons_subm_dulo_3_10_rs_2020_12.txt,ONS-SUBMODULO-3.10,cita,
ons/ons_subm_dulo_3_10_rs_2020_12.txt,ANEEL-REN-903,cita,
ons/ons_subm_dulo_3_10_rs_2020_12.txt,ONS-SUBMODULO-3.11,cita,
ons/ons_subm_dulo_3_10_rs_2020_12.txt,ONS-SUBMODULO-7.7,cita,
ons/ons_subm_dulo_3_10_rs_2021_06.txt,ONS-SUBMODULO-3.10,cita,
ons/ons_subm_dulo_3_10_rs_2021_06.txt,ONS-SUBMODULO-3.11,cita,
ons/ons_subm_dulo_3_10_rs_2021_06.txt,ONS-SUBMODULO-7.7,cita,
ons/ons_subm_dulo_3_11_op_2020_12.txt,ONS-SUBMODULO-3.1,cita,
ons/ons_subm_dulo_3_11_op_2020_12.txt,ONS-SUBMODULO-2.10,cita,
ons/ons_subm_dulo_3_11_op_2020_12.txt,ONS-SUBMODULO-7.6,cita,
ons/ons_subm_dulo_3_11_op_2020_12.txt,ONS-SUBMODULO-7.5,cita,
ons/ons_subm_dulo_3_11_op_2020_12.txt,ONS-SUBMODULO-3.12,cita,
ons/ons_subm_dulo_3_11_op_2020_12.txt,ONS-SUBMODULO-7.4,cita,
ons/ons_subm_dulo_3_11_op_2020_12.txt,ONS-SUBMODULO-5.12,cita,
ons/ons_subm_dulo_3_11_op_2020_12.txt,ONS-SUBMODULO-2.3,cita,
ons/ons_subm_dulo_3_11_op_2020_12.txt,ONS-SUBMODULO-7.10,cita,
ons/ons_subm_dulo_3_11_op_2020_12.txt,ONS-SUBMODULO-6.3,cita,
ons/ons_subm_dulo_3_11_op_2020_12.txt,ONS-SUBMODULO-3.10,cita,
ons/ons_subm_dulo_3_11_op_2020_12.txt,ONS-SUBMODULO-4.1,cita,
ons/ons_subm_dulo_3_11_op_2020_12.txt,ONS-SUBMODULO-7.1,cita,
ons/ons_subm_dulo_3_11_op_2020_12.txt,ANEEL-REN-903,cita,
ons/ons_subm_dulo_3_11_op_2020_12.txt,ONS-SUBMODULO-3.11,cita,
ons/ons_subm_dulo_3_11_op_2020_12.txt,ONS-SUBMODULO-3.3,cita,
ons/ons_subm_dulo_3_11_op_2020_12.txt,ONS-SUBMODULO-3.9,cita,
ons/ons_subm_dulo_3_11_op_2025_02.txt,ONS-SUBMODULO-3.1,cita,
ons/ons_subm_dulo_3_11_op_2025_02.txt,ONS-SUBMODULO-2.10,cita,
ons/ons_subm_dulo_3_11_op_2025_02.txt,ONS-SUBMODULO-7.6,cita,
ons/ons_subm_dulo_3_11_op_2025_02.txt,ONS-SUBMODULO-7.5,cita,
ons/ons_subm_dulo_3_11_op_2025_02.txt,ONS-SUBMODULO-3.12,cita,
ons/ons_subm_dulo_3_11_op_2025_02.txt,ONS-SUBMODULO-7.4,cita,
ons/ons_subm_dulo_3_11_op_2025_02.txt,ONS-SUBMODULO-5.12,cita,
ons/ons_subm_dulo_3_11_op_2025_02.txt,ONS-SUBMODULO-2.3,cita,
ons/ons_subm_dulo_3_11_op_2025_02.txt,ONS-SUBMODULO-7.10,cita,
ons/ons_subm_dulo_3_11_op_2025_02.txt,ONS-SUBMODULO-6.3,cita,
ons/ons_subm_dulo_3_11_op_2025_02.txt,ONS-SUBMODULO-4.1,cita,
ons/ons_subm_dulo_3_11_op_2025_02.txt,ONS-SUBMODULO-7.1,cita,
ons/ons_subm_dulo_3_11_op_2025_02.txt,ONS-SUBMODULO-3.10,cita,
ons/ons_subm_dulo_3_11_op_2025_02.txt,ONS-SUBMODULO-3.11,cita,
ons/ons_subm_dulo_3_11_op_2025_02.txt,ONS-SUBMODULO-3.3,cita,
ons/ons_subm_dulo_3_11_op_2025_02.txt,ONS-SUBMODULO-3.9,cita,
ons/ons_subm_dulo_3_11_rs_2020_12.txt,ONS-SUBMODULO-3.1,cita,
ons/ons_subm_dulo_3_11_rs_2020_12.txt,ONS-SUBMODULO-7.1,cita,
ons/ons_subm_dulo_3_11_rs_2020_12.txt,ONS-SUBMODULO-7.4,cita,
ons/ons_subm_dulo_3_11_rs_2020_12.txt,ONS-SUBMODULO-6.3,cita,
ons/ons_subm_dulo_3_11_rs_2020_12.txt,ANEEL-REN-697,cita,
ons/ons_subm_dulo_3_11_rs_2020_12.txt,ANEEL-REN-903,cita,
ons/ons_subm_dulo_3_11_rs_2020_12.txt,ONS-SUBMODULO-3.11,cita,
ons/ons_subm_dulo_3_11_rs_2021_08_docx_ad81a29d_6ffb_4732_bb83_e4289.txt,ONS-SUBMODULO-3.1,cita,
ons/ons_subm_dulo_3_11_rs_2021_08_docx_ad81a29d_6ffb_4732_bb83_e4289.txt,ONS-SUBMODULO-7.1,cita,
ons/ons_subm_dulo_3_11_rs_2021_08_docx_ad81a29d_6ffb_4732_bb83_e4289.txt,ONS-SUBMODULO-7.4,cita,
ons/ons_subm_dulo_3_11_rs_2021_08_docx_ad81a29d_6ffb_4732_bb83_e4289.txt,ONS-SUBMODULO-6.3,cita,
ons/ons_subm_dulo_3_11_rs_2021_08_docx_ad81a29d_6ffb_4732_bb83_e4289.txt,ANEEL-REN-697,cita,
ons/ons_subm_dulo_3_11_rs_2021_08_docx_ad81a29d_6ffb_4732_bb83_e4289.txt,ONS-SUBMODULO-3.11,cita,
ons/ons_subm_dulo_3_11_rs_2025_02.txt,ONS-SUBMODULO-3.1,cita,
ons/ons_subm_dulo_3_11_rs_2025_02.txt,ANEEL-REN-1030,cita,
ons/ons_subm_dulo_3_11_rs_2025_02.txt,ONS-SUBMODULO-7.4,cita,
ons/ons_subm_dulo_3_11_rs_2025_02.txt,ONS-SUBMODULO-6.3,cita,
ons/ons_subm_dulo_3_11_rs_2025_02.txt,ONS-SUBMODULO-7.1,cita,
ons/ons_subm_dulo_3_11_rs_2025_02.txt,ONS-SUBMODULO-3.11,cita,
ons/ons_subm_dulo_3_12_op_2020_12.txt,ANEEL-REN-903,cita,
ons/ons_subm_dulo_3_12_op_2020_12.txt,ONS-SUBMODULO-2.3,cita,
ons/ons_subm_dulo_3_12_op_2020_12.txt,ONS-SUBMODULO-3.12,cita,
ons/ons_subm_dulo_3_12_op_2021_08_docx_ca2bbc82_02ab_472b_aad7_1bf46.txt,ONS-SUBMODULO-2.3,cita,
ons/ons_subm_dulo_3_12_op_2021_08_docx_ca2bbc82_02ab_472b_aad7_1bf46.txt,ONS-SUBMODULO-3.12,cita,
ons/ons_subm_dulo_3_12_rs_2020_12.txt,ANEEL-REN-903,cita,
ons/ons_subm_dulo_3_12_rs_2020_12.txt,ONS-SUBMODULO-3.12,cita,
ons/ons_subm_dulo_3_1_pr_2020_12.txt,ONS-SUBMODULO-3.1,cita,
ons/ons_subm_dulo_3_1_pr_2020_12.txt,ANEEL-REH-758,cita,
ons/ons_subm_dulo_3_1_pr_2020_12.txt,ONS-SUBMODULO-3.5,cita,
ons/ons_subm_dulo_3_1_pr_2020_12.txt,ONS-SUBMODULO-2.3,cita,
ons/ons_subm_dulo_3_1_pr_2020_12.txt,ONS-SUBMODULO-3.12,cita,
ons/ons_subm_dulo_3_1_pr_2020_12.txt,ONS-SUBMODULO-7.1,cita,
ons/ons_subm_dulo_3_1_pr_2020_12.txt,ANEEL-REN-903,cita,
ons/ons_subm_dulo_3_1_pr_2021_08_docx_8c0f010c_73a1_4eff_a7ae_7fe18d.txt,ONS-SUBMODULO-3.1,cita,
ons/ons_subm_dulo_3_1_pr_2021_08_docx_8c0f010c_73a1_4eff_a7ae_7fe18d.txt,ANEEL-REH-758,cita,
ons/ons_subm_dulo_3_1_pr_2021_08_docx_8c0f010c_73a1_4eff_a7ae_7fe18d.txt,ONS-SUBMODULO-3.5,cita,
ons/ons_subm_dulo_3_1_pr_2021_08_docx_8c0f010c_73a1_4eff_a7ae_7fe18d.txt,ONS-SUBMODULO-2.3,cita,
ons/ons_subm_dulo_3_1_pr_2021_08_docx_8c0f010c_73a1_4eff_a7ae_7fe18d.txt,PORTARIA-215,cita,
ons/ons_subm_dulo_3_1_pr_2021_08_docx_8c0f010c_73a1_4eff_a7ae_7fe18d.txt,ONS-SUBMODULO-3.12,cita,
ons/ons_subm_dulo_3_1_pr_2021_08_docx_8c0f010c_73a1_4eff_a7ae_7fe18d.txt,ONS-SUBMODULO-7.1,cita,
ons/ons_subm_dulo_3_1_pr_2021_08_docx_b832a6a5_64e0_46f8_97e5_f1ea3a.txt,ONS-SUBMODULO-3.1,cita,
ons/ons_subm_dulo_3_1_pr_2021_08_docx_b832a6a5_64e0_46f8_97e5_f1ea3a.txt,ANEEL-REH-758,cita,
ons/ons_subm_dulo_3_1_pr_2021_08_docx_b832a6a5_64e0_46f8_97e5_f1ea3a.txt,ONS-SUBMODULO-3.5,cita,
ons/ons_subm_dulo_3_1_pr_2021_08_docx_b832a6a5_64e0_46f8_97e5_f1ea3a.txt,ONS-SUBMODULO-2.3,cita,
ons/ons_subm_dulo_3_1_pr_2021_08_docx_b832a6a5_64e0_46f8_97e5_f1ea3a.txt,PORTARIA-215,cita,
ons/ons_subm_dulo_3_1_pr_2021_08_docx_b832a6a5_64e0_46f8_97e5_f1ea3a.txt,ONS-SUBMODULO-3.12,cita,
ons/ons_subm_dulo_3_1_pr_2021_08_docx_b832a6a5_64e0_46f8_97e5_f1ea3a.txt,ANEEL-REN-905,cita,
ons/ons_subm_dulo_3_1_pr_2021_08_docx_b832a6a5_64e0_46f8_97e5_f1ea3a.txt,ONS-SUBMODULO-7.1,cita,
ons/ons_subm_dulo_3_1_pr_2024_07.txt,ONS-SUBMODULO-3.1,cita,
ons/ons_subm_dulo_3_1_pr_2024_07.txt,PORTARIA-3926,cita,
ons/ons_subm_dulo_3_1_pr_2024_07.txt,ANEEL-REH-758,cita,
ons/ons_subm_dulo_3_1_pr_2024_07.txt,ONS-SUBMODULO-7.3,cita,
ons/ons_subm_dulo_3_1_pr_2024_07.txt,ONS-SUBMODULO-3.5,cita,
ons/ons_subm_dulo_3_1_pr_2024_07.txt,ONS-SUBMODULO-2.3,cita,
ons/ons_subm_dulo_3_1_pr_2024_07.txt,PORTARIA-215,cita,
ons/ons_subm_dulo_3_1_pr_2024_07.txt,ONS-SUBMODULO-3.12,cita,
ons/ons_subm_dulo_3_1_pr_2024_07.txt,ANEEL-REN-905,cita,
ons/ons_subm_dulo_3_1_pr_2024_07.txt,ONS-SUBMODULO-7.1,cita,
ons/ons_subm_dulo_3_1_pr_2025_02.txt,ONS-SUBMODULO-3.1,cita,
ons/ons_subm_dulo_3_1_pr_2025_02.txt,PORTARIA-3926,cita,
ons/ons_subm_dulo_3_1_pr_2025_02.txt,ANEEL-REH-758,cita,
ons/ons_subm_dulo_3_1_pr_2025_02.txt,ONS-SUBMODULO-7.3,cita,
ons/ons_subm_dulo_3_1_pr_2025_02.txt,ONS-SUBMODULO-3.5,cita,
ons/ons_subm_dulo_3_1_pr_2025_02.txt,ONS-SUBMODULO-2.3,cita,
ons/ons_subm_dulo_3_1_pr_2025_02.txt,PORTARIA-215,cita,
ons/ons_subm_dulo_3_1_pr_2025_02.txt,ONS-SUBMODULO-3.12,cita,
ons/ons_subm_dulo_3_1_pr_2025_02.txt,ANEEL-REN-905,cita,
ons/ons_subm_dulo_3_1_pr_2025_02.txt,ONS-SUBMODULO-7.1,cita,
ons/ons_subm_dulo_3_1_rs_2020_12.txt,ONS-SUBMODULO-3.5,cita,
ons/ons_subm_dulo_3_1_rs_2020_12.txt,ANEEL-REN-443,cita,
ons/ons_subm_dulo_3_1_rs_2020_12.txt,ONS-SUBMODULO-3.1,cita,
ons/ons_subm_dulo_3_1_rs_2020_12.txt,ANEEL-REN-903,cita,
ons/ons_subm_dulo_3_1_rs_2021_08_docx_222d6904_7036_4bad_b18f_ac16c9.txt,ANEEL-REN-905,cita,
ons/ons_subm_dulo_3_1_rs_2021_08_docx_222d6904_7036_4bad_b18f_ac16c9.txt,ONS-SUBMODULO-3.1,cita,
ons/ons_subm_dulo_3_1_rs_2021_08_docx_222d6904_7036_4bad_b18f_ac16c9.txt,ONS-SUBMODULO-3.5,cita,
ons/ons_subm_dulo_3_1_rs_2021_08_docx_222d6904_7036_4bad_b18f_ac16c9.txt,PORTARIA-215,cita,
ons/ons_subm_dulo_3_1_rs_2021_08_docx_657964f0_5e44_40fb_86f7_b2148c.txt,ANEEL-REN-443,cita,
ons/ons_subm_dulo_3_1_rs_2021_08_docx_657964f0_5e44_40fb_86f7_b2148c.txt,ONS-SUBMODULO-3.1,cita,
ons/ons_subm_dulo_3_1_rs_2021_08_docx_657964f0_5e44_40fb_86f7_b2148c.txt,ONS-SUBMODULO-3.5,cita,
ons/ons_subm_dulo_3_1_rs_2021_08_docx_657964f0_5e44_40fb_86f7_b2148c.txt,PORTARIA-215,cita,
ons/ons_subm_dulo_3_1_rs_2024_07.txt,ANEEL-REN-905,cita,
ons/ons_subm_dulo_3_1_rs_2024_07.txt,ONS-SUBMODULO-3.1,cita,
ons/ons_subm_dulo_3_1_rs_2024_07.txt,ONS-SUBMODULO-3.5,cita,
ons/ons_subm_dulo_3_1_rs_2024_07.txt,PORTARIA-215,cita,
ons/ons_subm_dulo_3_2_pr_2020_12.txt,ONS-SUBMODULO-3.2,cita,
ons/ons_subm_dulo_3_2_pr_2020_12.txt,ANEEL-REN-443,cita,
ons/ons_subm_dulo_3_2_pr_2020_12.txt,ANEEL-REN-697,cita,
ons/ons_subm_dulo_3_2_pr_2020_12.txt,ANEEL-REN-903,cita,
ons/ons_subm_dulo_3_2_pr_2020_12_docx_83d01455_3ccf_489d_b585_e6ad4a.txt,ONS-SUBMODULO-3.2,cita,
ons/ons_subm_dulo_3_2_pr_2020_12_docx_83d01455_3ccf_489d_b585_e6ad4a.txt,ANEEL-REN-905,cita,
ons/ons_subm_dulo_3_2_pr_2020_12_docx_83d01455_3ccf_489d_b585_e6ad4a.txt,ANEEL-REN-697,cita,
ons/ons_subm_dulo_3_2_rs_2020_12.txt,ONS-SUBMODULO-3.2,cita,
ons/ons_subm_dulo_3_2_rs_2020_12.txt,ANEEL-REN-443,cita,
ons/ons_subm_dulo_3_2_rs_2020_12.txt,ANEEL-REN-697,cita,
ons/ons_subm_dulo_3_2_rs_2020_12.txt,ANEEL-REN-903,cita,
ons/ons_subm_dulo_3_2_rs_2021_08_docx_51900fc9_4a24_45b2_bc1e_abd573.txt,ONS-SUBMODULO-3.2,cita,
ons/ons_subm_dulo_3_2_rs_2021_08_docx_51900fc9_4a24_45b2_bc1e_abd573.txt,ANEEL-REN-905,cita,
ons/ons_subm_dulo_3_2_rs_2021_08_docx_51900fc9_4a24_45b2_bc1e_abd573.txt,ANEEL-REN-697,cita,
ons/ons_subm_dulo_3_2_rs_2021_08_docx_f252355a_dfd3_4ad1_bc4c_8b154d.txt,ONS-SUBMODULO-3.2,cita,
ons/ons_subm_dulo_3_2_rs_2021_08_docx_f252355a_dfd3_4ad1_bc4c_8b154d.txt,ANEEL-REN-443,cita,
ons/ons_subm_dulo_3_2_rs_2021_08_docx_f252355a_dfd3_4ad1_bc4c_8b154d.txt,ANEEL-REN-697,cita,
ons/ons_subm_dulo_3_3_pr_2020_12.txt,ONS-SUBMODULO-4.6,cita,
ons/ons_subm_dulo_3_3_pr_2020_12.txt,ONS-SUBMODULO-3.1,cita,
ons/ons_subm_dulo_3_3_pr_2020_12.txt,ONS-SUBMODULO-2.4,cita,
ons/ons_subm_dulo_3_3_pr_2020_12.txt,ONS-SUBMODULO-3.8,cita,
ons/ons_subm_dulo_3_3_pr_2020_12.txt,ONS-SUBMODULO-4.2,cita,
ons/ons_subm_dulo_3_3_pr_2020_12.txt,ANEEL-REN-614,cita,
ons/ons_subm_dulo_3_3_pr_2020_12.txt,ONS-SUBMODULO-3.4,cita,
ons/ons_subm_dulo_3_3_pr_2020_12.txt,ANEEL-REN-440,cita,
ons/ons_subm_dulo_3_3_pr_2020_12.txt,ONS-SUBMODULO-3.7,cita,
ons/ons_subm_dulo_3_3_pr_2020_12.txt,ONS-SUBMODULO-4.3,cita,
ons/ons_subm_dulo_3_3_pr_2020_12.txt,ONS-SUBMODULO-4.7,cita,
ons/ons_subm_dulo_3_3_pr_2020_12.txt,ONS-SUBMODULO-3.5,cita,
ons/ons_subm_dulo_3_3_pr_2020_12.txt,ONS-SUBMODULO-6.5,cita,
ons/ons_subm_dulo_3_3_pr_2020_12.txt,ANEEL-REN-476,cita,
ons/ons_subm_dulo_3_3_pr_2020_12.txt,ANEEL-REN-903,cita,
ons/ons_subm_dulo_3_3_pr_2020_12.txt,ONS-SUBMODULO-3.3,cita,
ons/ons_subm_dulo_3_3_pr_2023_11.txt,ONS-SUBMODULO-4.6,cita,
ons/ons_subm_dulo_3_3_pr_2023_11.txt,ONS-SUBMODULO-3.1,cita,
ons/ons_subm_dulo_3_3_pr_2023_11.txt,ONS-SUBMODULO-2.4,cita,
ons/ons_subm_dulo_3_3_pr_2023_11.txt,ONS-SUBMODULO-3.8,cita,
ons/ons_subm_dulo_3_3_pr_2023_11.txt,ONS-SUBMODULO-4.2,cita,
ons/ons_subm_dulo_3_3_pr_2023_11.txt,ONS-SUBMODULO-4.4,cita,
ons/ons_subm_dulo_3_3_pr_2023_11.txt,ONS-SUBMODULO-3.7,cita,
ons/ons_subm_dulo_3_3_pr_2023_11.txt,ONS-SUBMODULO-3.4,cita,
ons/ons_subm_dulo_3_3_pr_2023_11.txt,ONS-SUBMODULO-4.3,cita,
ons/ons_subm_dulo_3_3_pr_2023_11.txt,ONS-SUBMODULO-4.7,cita,
ons/ons_subm_dulo_3_3_pr_2023_11.txt,ONS-SUBMODULO-3.5,cita,
ons/ons_subm_dulo_3_3_pr_2023_11.txt,ONS-SUBMODULO-6.5,cita,
ons/ons_subm_dulo_3_3_pr_2023_11.txt,ANEEL-REN-1032,cita,
ons/ons_subm_dulo_3_3_pr_2023_11.txt,ANEEL-REN-1033,cita,
ons/ons_subm_dulo_3_3_pr_2023_11.txt,ONS-SUBMODULO-3.3,cita,
ons/ons_subm_dulo_3_3_pr_2024_10.txt,ONS-SUBMODULO-4.6,cita,
ons/ons_subm_dulo_3_3_pr_2024_10.txt,ONS-SUBMODULO-3.1,cita,
ons/ons_subm_dulo_3_3_pr_2024_10.txt,ONS-SUBMODULO-2.4,cita,
ons/ons_subm_dulo_3_3_pr_2024_10.txt,ONS-SUBMODULO-3.8,cita,
ons/ons_subm_dulo_3_3_pr_2024_10.txt,ONS-SUBMODULO-4.2,cita,
ons/ons_subm_dulo_3_3_pr_2024_10.txt,ONS-SUBMODULO-1.3,cita,
ons/ons_subm_dulo_3_3_pr_2024_10.txt,ONS-SUBMODULO-3.7,cita,
ons/ons_subm_dulo_3_3_pr_2024_10.txt,ONS-SUBMODULO-3.4,cita,
ons/ons_subm_dulo_3_3_pr_2024_10.txt,ONS-SUBMODULO-4.3,cita,
ons/ons_subm_dulo_3_3_pr_2024_10.txt,ONS-SUBMODULO-4.7,cita,
ons/ons_subm_dulo_3_3_pr_2024_10.txt,ONS-SUBMODULO-3.5,cita,
ons/ons_subm_dulo_3_3_pr_2024_10.txt,ONS-SUBMODULO-6.5,cita,
ons/ons_subm_dulo_3_3_pr_2024_10.txt,ANEEL-REN-1032,cita,
ons/ons_subm_dulo_3_3_pr_2024_10.txt,ANEEL-REN-1033,cita,
ons/ons_subm_dulo_3_3_pr_2024_10.txt,ONS-SUBMODULO-3.3,cita,
ons/ons_subm_dulo_3_3_rs_2024_10.txt,ONS-SUBMODULO-3.3,cita,
ons/ons_subm_dulo_3_4_op_2020_12.txt,ONS-SUBMODULO-3.1,cita,
ons/ons_subm_dulo_3_4_op_2020_12.txt,ONS-SUBMODULO-3.4,cita,
ons/ons_subm_dulo_3_4_op_2020_12.txt,ONS-SUBMODULO-3.5,cita,
ons/ons_subm_dulo_3_4_op_2020_12.txt,ONS-SUBMODULO-2.3,cita,
ons/ons_subm_dulo_3_4_op_2020_12.txt,ANEEL-REN-903,cita,
ons/ons_subm_dulo_3_4_rs_2020_12.txt,ONS-SUBMODULO-3.5,cita,
ons/ons_subm_dulo_3_4_rs_2020_12.txt,ANEEL-REN-903,cita,
ons/ons_subm_dulo_3_4_rs_2020_12.txt,ONS-SUBMODULO-3.4,cita,
ons/ons_subm_dulo_3_4_rs_2024_07.txt,ONS-SUBMODULO-3.5,cita,
ons/ons_subm_dulo_3_4_rs_2024_07.txt,ONS-SUBMODULO-3.4,cita,
ons/ons_subm_dulo_3_5_op_2020_12.txt,ONS-SUBMODULO-8.1,cita,
ons/ons_subm_dulo_3_5_op_2020_12.txt,ONS-SUBMODULO-5.13,cita,
ons/ons_subm_dulo_3_5_op_2020_12.txt,ONS-SUBMODULO-4.4,cita,
ons/ons_subm_dulo_3_5_op_2020_12.txt,ONS-SUBMODULO-3.5,cita,
ons/ons_subm_dulo_3_5_op_2020_12.txt,ONS-SUBMODULO-7.1,cita,
ons/ons_subm_dulo_3_5_op_2020_12.txt,ANEEL-REN-903,cita,
ons/ons_subm_dulo_3_5_op_2020_12.txt,ONS-SUBMODULO-3.3,cita,
ons/ons_subm_dulo_3_5_op_2021_08_docx_c9a0e66f_f59b_4ccc_8d67_00a04f.txt,ONS-SUBMODULO-8.1,cita,
ons/ons_subm_dulo_3_5_op_2021_08_docx_c9a0e66f_f59b_4ccc_8d67_00a04f.txt,ONS-SUBMODULO-4.4,cita,
ons/ons_subm_dulo_3_5_op_2021_08_docx_c9a0e66f_f59b_4ccc_8d67_00a04f.txt,ONS-SUBMODULO-5.13,cita,
ons/ons_subm_dulo_3_5_op_2021_08_docx_c9a0e66f_f59b_4ccc_8d67_00a04f.txt,ONS-SUBMODULO-3.5,cita,
ons/ons_subm_dulo_3_5_op_2021_08_docx_c9a0e66f_f59b_4ccc_8d67_00a04f.txt,ONS-SUBMODULO-7.1,cita,
ons/ons_subm_dulo_3_5_op_2021_08_docx_c9a0e66f_f59b_4ccc_8d67_00a04f.txt,ONS-SUBMODULO-3.3,cita,
ons/ons_subm_dulo_3_5_op_2023_11.txt,ONS-SUBMODULO-8.1,cita,
ons/ons_subm_dulo_3_5_op_2023_11.txt,ONS-SUBMODULO-4.4,cita,
ons/ons_subm_dulo_3_5_op_2023_11.txt,ONS-SUBMODULO-5.13,cita,
ons/ons_subm_dulo_3_5_op_2023_11.txt,ONS-SUBMODULO-3.5,cita,
ons/ons_subm_dulo_3_5_op_2023_11.txt,ONS-SUBMODULO-7.1,cita,
ons/ons_subm_dulo_3_5_op_2023_11.txt,ONS-SUBMODULO-3.3,cita,
ons/ons_subm_dulo_3_5_rs_2021_06.txt,ONS-SUBMODULO-3.1,cita,
ons/ons_subm_dulo_3_5_rs_2021_06.txt,ONS-SUBMODULO-3.4,cita,
ons/ons_subm_dulo_3_5_rs_2021_06.txt,ONS-SUBMODULO-3.5,cita,
ons/ons_subm_dulo_3_5_rs_2021_06.txt,ONS-SUBMODULO-4.1,cita,
ons/ons_subm_dulo_3_5_rs_2021_06.txt,ONS-SUBMODULO-3.3,cita,
ons/ons_subm_dulo_3_5_rs_2021_08_docx_379d5986_d9fb_4fb2_8051_7eb406.txt,ONS-SUBMODULO-3.1,cita,
ons/ons_subm_dulo_3_5_rs_2021_08_docx_379d5986_d9fb_4fb2_8051_7eb406.txt,ONS-SUBMODULO-3.4,cita,
ons/ons_subm_dulo_3_5_rs_2021_08_docx_379d5986_d9fb_4fb2_8051_7eb406.txt,ONS-SUBMODULO-3.5,cita,
ons/ons_subm_dulo_3_5_rs_2021_08_docx_379d5986_d9fb_4fb2_8051_7eb406.txt,ONS-SUBMODULO-4.1,cita,
ons/ons_subm_dulo_3_5_rs_2021_08_docx_379d5986_d9fb_4fb2_8051_7eb406.txt,ONS-SUBMODULO-3.3,cita,
ons/ons_subm_dulo_3_6_op_2020_12.txt,ONS-SUBMODULO-3.6,cita,
ons/ons_subm_dulo_3_6_op_2020_12.txt,ONS-SUBMODULO-4.3,cita,
ons/ons_subm_dulo_3_6_op_2020_12.txt,ONS-SUBMODULO-2.3,cita,
ons/ons_subm_dulo_3_6_op_2020_12.txt,ANEEL-REN-837,cita,
ons/ons_subm_dulo_3_6_op_2020_12.txt,ANEEL-REN-903,cita,
ons/ons_subm_dulo_3_6_rs_2020_12.txt,ANEEL-REN-837,cita,
ons/ons_subm_dulo_3_6_rs_2020_12.txt,ONS-SUBMODULO-3.6,cita,
ons/ons_subm_dulo_3_6_rs_2020_12.txt,ANEEL-REN-903,cita,
ons/ons_subm_dulo_3_7_op_2020_12.txt,ONS-SUBMODULO-4.6,cita,
ons/ons_subm_dulo_3_7_op_2020_12.txt,ONS-SUBMODULO-2.4,cita,
ons/ons_subm_dulo_3_7_op_2020_12.txt,ONS-SUBMODULO-4.5,cita,
ons/ons_subm_dulo_3_7_op_2020_12.txt,ONS-SUBMODULO-3.7,cita,
ons/ons_subm_dulo_3_7_op_2020_12.txt,ONS-SUBMODULO-4.8,cita,
ons/ons_subm_dulo_3_7_op_2020_12.txt,ONS-SUBMODULO-4.3,cita,
ons/ons_subm_dulo_3_7_op_2020_12.txt,ONS-SUBMODULO-4.7,cita,
ons/ons_subm_dulo_3_7_op_2020_12.txt,ANEEL-REN-903,cita,
ons/ons_subm_dulo_3_7_rs_2020_12.txt,ANEEL-REN-903,cita,
ons/ons_subm_dulo_3_7_rs_2020_12.txt,ONS-SUBMODULO-3.7,cita,
ons/ons_subm_dulo_3_8_pr_2020_12.txt,ANEEL-REN-903,cita,
ons/ons_subm_dulo_3_8_pr_2020_12.txt,ONS-SUBMODULO-3.8,cita,
ons/ons_subm_dulo_3_8_rs_2020_12.txt,ONS-SUBMODULO-2.4,cita,
ons/ons_subm_dulo_3_8_rs_2020_12.txt,ANEEL-REN-903,cita,
ons/ons_subm_dulo_3_8_rs_2020_12.txt,ONS-SUBMODULO-3.8,cita,
ons/ons_subm_dulo_3_9_op_2020_12.txt,ANEEL-REN-903,cita,
ons/ons_subm_dulo_3_9_op_2020_12.txt,ONS-SUBMODULO-2.3,cita,
ons/ons_subm_dulo_3_9_op_2020_12.txt,ONS-SUBMODULO-3.9,cita,
ons/ons_subm_dulo_3_9_rs_2020_12.txt,ANEEL-REN-903,cita,
ons/ons_subm_dulo_3_9_rs_2020_12.txt,ONS-SUBMODULO-3.9,cita,
ons/ons_subm_dulo_4_1_op_2020_12.txt,ONS-SUBMODULO-2.12,cita,
ons/ons_subm_dulo_4_1_op_2020_12.txt,ONS-SUBMODULO-3.1,cita,
ons/ons_subm_dulo_4_1_op_2020_12.txt,ONS-SUBMODULO-3.5,cita,
ons/ons_subm_dulo_4_1_op_2020_12.txt,ONS-SUBMODULO-2.3,cita,
ons/ons_subm_dulo_4_1_op_2020_12.txt,ONS-SUBMODULO-4.1,cita,
ons/ons_subm_dulo_4_1_op_2020_12.txt,ANEEL-REN-903,cita,
ons/ons_subm_dulo_4_1_op_2021_08_docx_75b83b84_c3c5_4080_92db_529648.txt,ONS-SUBMODULO-2.12,cita,
ons/ons_subm_dulo_4_1_op_2021_08_docx_75b83b84_c3c5_4080_92db_529648.txt,ONS-SUBMODULO-3.1,cita,
ons/ons_subm_dulo_4_1_op_2021_08_docx_75b83b84_c3c5_4080_92db_529648.txt,ONS-SUBMODULO-3.5,cita,
ons/ons_subm_dulo_4_1_op_2021_08_docx_75b83b84_c3c5_4080_92db_529648.txt,ONS-SUBMODULO-2.3,cita,
ons/ons_subm_dulo_4_1_op_2021_08_docx_75b83b84_c3c5_4080_92db_529648.txt,ONS-SUBMODULO-4.1,cita,
ons/ons_subm_dulo_4_1_op_2024_04.txt,ONS-SUBMODULO-2.12,cita,
ons/ons_subm_dulo_4_1_op_2024_04.txt,ONS-SUBMODULO-3.1,cita,
ons/ons_subm_dulo_4_1_op_2024_04.txt,ONS-SUBMODULO-3.5,cita,
ons/ons_subm_dulo_4_1_op_2024_04.txt,ONS-SUBMODULO-2.3,cita,
ons/ons_subm_dulo_4_1_op_2024_04.txt,ONS-SUBMODULO-4.1,cita,
ons/ons_subm_dulo_4_1_rs_2020_12.txt,ONS-SUBMODULO-4.1,cita,
ons/ons_subm_dulo_4_1_rs_2020_12.txt,ONS-SUBMODULO-7.2,cita,
ons/ons_subm_dulo_4_1_rs_2020_12.txt,ANEEL-REN-903,cita,
ons/ons_subm_dulo_4_1_rs_2020_12.txt,ONS-SUBMODULO-3.5,cita,
ons/ons_subm_dulo_4_1_rs_2024_07.txt,ONS-SUBMODULO-4.1,cita,
ons/ons_subm_dulo_4_1_rs_2024_07.txt,ONS-SUBMODULO-7.2,cita,
ons/ons_subm_dulo_4_1_rs_2024_07.txt,ONS-SUBMODULO-3.5,cita,
ons/ons_subm_dulo_4_2_pr_2020_12.txt,ONS-SUBMODULO-4.5,cita,
ons/ons_subm_dulo_4_2_pr_2020_12.txt,ONS-SUBMODULO-8.1,cita,
ons/ons_subm_dulo_4_2_pr_2020_12.txt,ONS-SUBMODULO-4.2,cita,
ons/ons_subm_dulo_4_2_pr_2020_12.txt,ONS-SUBMODULO-4.4,cita,
ons/ons_subm_dulo_4_2_pr_2020_12.txt,ONS-SUBMODULO-5.13,cita,
ons/ons_subm_dulo_4_2_pr_2020_12.txt,ONS-SUBMODULO-9.4,cita,
ons/ons_subm_dulo_4_2_pr_2020_12.txt,ANEEL-REN-729,cita,
ons/ons_subm_dulo_4_2_pr_2020_12.txt,ONS-SUBMODULO-2.3,cita,
ons/ons_subm_dulo_4_2_pr_2020_12.txt,ONS-SUBMODULO-2.1,cita,
ons/ons_subm_dulo_4_2_pr_2020_12.txt,ANEEL-REN-903,cita,
ons/ons_subm_dulo_4_2_pr_2023_12.txt,ONS-SUBMODULO-4.5,cita,
ons/ons_subm_dulo_4_2_pr_2023_12.txt,ONS-SUBMODULO-8.1,cita,
ons/ons_subm_dulo_4_2_pr_2023_12.txt,ONS-SUBMODULO-4.2,cita,
ons/ons_subm_dulo_4_2_pr_2023_12.txt,ONS-SUBMODULO-4.4,cita,
ons/ons_subm_dulo_4_2_pr_2023_12.txt,ONS-SUBMODULO-5.13,cita,
ons/ons_subm_dulo_4_2_pr_2023_12.txt,ONS-SUBMODULO-9.4,cita,
ons/ons_subm_dulo_4_2_pr_2023_12.txt,ONS-SUBMODULO-2.3,cita,
ons/ons_subm_dulo_4_2_pr_2023_12.txt,ONS-SUBMODULO-2.1,cita,
ons/ons_subm_dulo_4_2_pr_2023_12.txt,ANEEL-REN-905,cita,
ons/ons_subm_dulo_4_2_rs_2020_12.txt,ONS-SUBMODULO-4.2,cita,
ons/ons_subm_dulo_4_2_rs_2020_12.txt,ONS-SUBMODULO-6.7,cita,
ons/ons_subm_dulo_4_2_rs_2020_12.txt,ONS-SUBMODULO-9.4,cita,
ons/ons_subm_dulo_4_2_rs_2020_12.txt,ONS-SUBMODULO-2.3,cita,
ons/ons_subm_dulo_4_2_rs_2020_12.txt,ANEEL-REN-903,cita,
ons/ons_subm_dulo_4_2_rs_2024_07.txt,ONS-SUBMODULO-4.2,cita,
ons/ons_subm_dulo_4_2_rs_2024_07.txt,ONS-SUBMODULO-6.7,cita,
ons/ons_subm_dulo_4_2_rs_2024_07.txt,ONS-SUBMODULO-2.3,cita,
ons/ons_subm_dulo_4_2_rs_2024_07.txt,ONS-SUBMODULO-9.4,cita,
ons/ons_subm_dulo_4_3_pr_2020_12.txt,ONS-SUBMODULO-4.6,cita,
ons/ons_subm_dulo_4_3_pr_2020_12.txt,ONS-SUBMODULO-1.2,cita,
ons/ons_subm_dulo_4_3_pr_2020_12.txt,ONS-SUBMODULO-2.4,cita,
ons/ons_subm_dulo_4_3_pr_2020_12.txt,ONS-SUBMODULO-3.8,cita,
ons/ons_subm_dulo_4_3_pr_2020_12.txt,ONS-SUBMODULO-4.5,cita,
ons/ons_subm_dulo_4_3_pr_2020_12.txt,ONS-SUBMODULO-4.2,cita,
ons/ons_subm_dulo_4_3_pr_2020_12.txt,ANEEL-REN-843,cita,
ons/ons_subm_dulo_4_3_pr_2020_12.txt,ONS-SUBMODULO-4.4,cita,
ons/ons_subm_dulo_4_3_pr_2020_12.txt,ONS-SUBMODULO-1.3,cita,
ons/ons_subm_dulo_4_3_pr_2020_12.txt,ONS-SUBMODULO-4.3,cita,
ons/ons_subm_dulo_4_3_pr_2020_12.txt,ONS-SUBMODULO-3.7,cita,
ons/ons_subm_dulo_4_3_pr_2020_12.txt,ONS-SUBMODULO-3.4,cita,
ons/ons_subm_dulo_4_3_pr_2020_12.txt,ONS-SUBMODULO-4.7,cita,
ons/ons_subm_dulo_4_3_pr_2020_12.txt,ONS-SUBMODULO-3.10,cita,
ons/ons_subm_dulo_4_3_pr_2020_12.txt,ONS-SUBMODULO-4.1,cita,
ons/ons_subm_dulo_4_3_pr_2020_12.txt,ANEEL-REN-903,cita,
ons/ons_subm_dulo_4_3_pr_2020_12.txt,ONS-SUBMODULO-3.3,cita,
ons/ons_subm_dulo_4_3_pr_2023_11.txt,ONS-SUBMODULO-4.6,cita,
ons/ons_subm_dulo_4_3_pr_2023_11.txt,ONS-SUBMODULO-1.2,cita,
ons/ons_subm_dulo_4_3_pr_2023_11.txt,ONS-SUBMODULO-2.4,cita,
ons/ons_subm_dulo_4_3_pr_2023_11.txt,ONS-SUBMODULO-3.8,cita,
ons/ons_subm_dulo_4_3_pr_2023_11.txt,ONS-SUBMODULO-4.5,cita,
ons/ons_subm_dulo_4_3_pr_2023_11.txt,ONS-SUBMODULO-4.2,cita,
ons/ons_subm_dulo_4_3_pr_2023_11.txt,ANEEL-REN-843,cita,
ons/ons_subm_dulo_4_3_pr_2023_11.txt,ONS-SUBMODULO-4.4,cita,
ons/ons_subm_dulo_4_3_pr_2023_11.txt,ONS-SUBMODULO-1.3,cita,
ons/ons_subm_dulo_4_3_pr_2023_11.txt,ONS-SUBMODULO-3.7,cita,
ons/ons_subm_dulo_4_3_pr_2023_11.txt,ONS-SUBMODULO-4.3,cita,
ons/ons_subm_dulo_4_3_pr_2023_11.txt,ONS-SUBMODULO-3.4,cita,
ons/ons_subm_dulo_4_3_pr_2023_11.txt,ONS-SUBMODULO-4.7,cita,
ons/ons_subm_dulo_4_3_pr_2023_11.txt,ONS-SUBMODULO-4.1,cita,
ons/ons_subm_dulo_4_3_pr_2023_11.txt,ONS-SUBMODULO-3.10,cita,
ons/ons_subm_dulo_4_3_pr_2023_11.txt,ONS-SUBMODULO-3.3,cita,
ons/ons_subm_dulo_4_3_pr_2024_10.txt,ONS-SUBMODULO-4.6,cita,
ons/ons_subm_dulo_4_3_pr_2024_10.txt,ONS-SUBMODULO-2.4,cita,
ons/ons_subm_dulo_4_3_pr_2024_10.txt,ONS-SUBMODULO-4.5,cita,
ons/ons_subm_dulo_4_3_pr_2024_10.txt,ONS-SUBMODULO-3.8,cita,
ons/ons_subm_dulo_4_3_pr_2024_10.txt,ONS-SUBMODULO-4.2,cita,
ons/ons_subm_dulo_4_3_pr_2024_10.txt,ONS-SUBMODULO-1.3,cita,
ons/ons_subm_dulo_4_3_pr_2024_10.txt,ONS-SUBMODULO-4.4,cita,
ons/ons_subm_dulo_4_3_pr_2024_10.txt,ONS-SUBMODULO-5.13,cita,
ons/ons_subm_dulo_4_3_pr_2024_10.txt,ONS-SUBMODULO-4.3,cita,
ons/ons_subm_dulo_4_3_pr_2024_10.txt,ONS-SUBMODULO-3.7,cita,
ons/ons_subm_dulo_4_3_pr_2024_10.txt,ONS-SUBMODULO-3.4,cita,
ons/ons_subm_dulo_4_3_pr_2024_10.txt,ONS-SUBMODULO-4.7,cita,
ons/ons_subm_dulo_4_3_pr_2024_10.txt,ANEEL-REN-1032,cita,
ons/ons_subm_dulo_4_3_pr_2024_10.txt,ONS-SUBMODULO-4.1,cita,
ons/ons_subm_dulo_4_3_pr_2024_10.txt,ANEEL-REN-1033,cita,
ons/ons_subm_dulo_4_3_pr_2024_10.txt,ANEEL-REN-1029,cita,
ons/ons_subm_dulo_4_3_pr_2024_10.txt,ONS-SUBMODULO-3.3,cita,
ons/ons_subm_dulo_4_3_rs_2020_12.txt,ANEEL-REN-843,cita,
ons/ons_subm_dulo_4_3_rs_2020_12.txt,ANEEL-REN-903,cita,
ons/ons_subm_dulo_4_3_rs_2020_12.txt,ONS-SUBMODULO-3.3,cita,
ons/ons_subm_dulo_4_3_rs_2020_12.txt,ONS-SUBMODULO-4.3,cita,
ons/ons_subm_dulo_4_3_rs_2024_10.txt,ANEEL-REN-1032,cita,
ons/ons_subm_dulo_4_3_rs_2024_10.txt,ONS-SUBMODULO-3.3,cita,
ons/ons_subm_dulo_4_3_rs_2024_10.txt,ONS-SUBMODULO-4.3,cita,
ons/ons_subm_dulo_4_4_op_2020_12.txt,ONS-SUBMODULO-4.5,cita,
ons/ons_subm_dulo_4_4_op_2020_12.txt,ONS-SUBMODULO-4.2,cita,
ons/ons_subm_dulo_4_4_op_2020_12.txt,ONS-SUBMODULO-4.4,cita,
ons/ons_subm_dulo_4_4_op_2020_12.txt,ONS-SUBMODULO-3.5,cita,
ons/ons_subm_dulo_4_4_op_2020_12.txt,ONS-SUBMODULO-7.1,cita,
ons/ons_subm_dulo_4_4_op_2020_12.txt,ANEEL-REN-903,cita,
ons/ons_subm_dulo_4_4_op_2021_11.txt,ONS-SUBMODULO-4.5,cita,
ons/ons_subm_dulo_4_4_op_2021_11.txt,ONS-SUBMODULO-4.2,cita,
ons/ons_subm_dulo_4_4_op_2021_11.txt,ONS-SUBMODULO-4.4,cita,
ons/ons_subm_dulo_4_4_op_2021_11.txt,ONS-SUBMODULO-3.5,cita,
ons/ons_subm_dulo_4_4_op_2021_11.txt,ONS-SUBMODULO-7.1,cita,
ons/ons_subm_dulo_4_4_op_2023_11.txt,ONS-SUBMODULO-4.5,cita,
ons/ons_subm_dulo_4_4_op_2023_11.txt,ONS-SUBMODULO-4.2,cita,
ons/ons_subm_dulo_4_4_op_2023_11.txt,ONS-SUBMODULO-4.4,cita,
ons/ons_subm_dulo_4_4_op_2023_11.txt,ONS-SUBMODULO-3.5,cita,
ons/ons_subm_dulo_4_4_op_2023_11.txt,ONS-SUBMODULO-7.1,cita,
ons/ons_subm_dulo_4_4_rs_2020_12.txt,ONS-SUBMODULO-4.5,cita,
ons/ons_subm_dulo_4_4_rs_2020_12.txt,ONS-SUBMODULO-4.2,cita,
ons/ons_subm_dulo_4_4_rs_2020_12.txt,ONS-SUBMODULO-4.4,cita,
ons/ons_subm_dulo_4_4_rs_2020_12.txt,ONS-SUBMODULO-4.3,cita,
ons/ons_subm_dulo_4_4_rs_2020_12.txt,ANEEL-REN-903,cita,
ons/ons_subm_dulo_4_4_rs_2023_12.txt,ONS-SUBMODULO-4.2,cita,
ons/ons_subm_dulo_4_4_rs_2023_12.txt,ONS-SUBMODULO-4.4,cita,
ons/ons_subm_dulo_4_4_rs_2023_12.txt,ONS-SUBMODULO-4.3,cita,
ons/ons_subm_dulo_4_4_rs_2023_12.txt,ONS-SUBMODULO-4.5,cita,
ons/ons_subm_dulo_4_5_pr_2020_12.txt,ONS-SUBMODULO-4.6,cita,
ons/ons_subm_dulo_4_5_pr_2020_12.txt,ONS-SUBMODULO-2.4,cita,
ons/ons_subm_dulo_4_5_pr_2020_12.txt,ONS-SUBMODULO-4.5,cita,
ons/ons_subm_dulo_4_5_pr_2020_12.txt,ONS-SUBMODULO-3.8,cita,
ons/ons_subm_dulo_4_5_pr_2020_12.txt,ONS-SUBMODULO-7.2,cita,
ons/ons_subm_dulo_4_5_pr_2020_12.txt,ONS-SUBMODULO-4.2,cita,
ons/ons_subm_dulo_4_5_pr_2020_12.txt,ANEEL-REN-822,cita,
ons/ons_subm_dulo_4_5_pr_2020_12.txt,ONS-SUBMODULO-5.13,cita,
ons/ons_subm_dulo_4_5_pr_2020_12.txt,ONS-SUBMODULO-4.4,cita,
ons/ons_subm_dulo_4_5_pr_2020_12.txt,ANEEL-REN-614,cita,
ons/ons_subm_dulo_4_5_pr_2020_12.txt,ONS-SUBMODULO-4.3,cita,
ons/ons_subm_dulo_4_5_pr_2020_12.txt,ONS-SUBMODULO-3.3,cita,
ons/ons_subm_dulo_4_5_pr_2020_12.txt,ONS-SUBMODULO-4.8,cita,
ons/ons_subm_dulo_4_5_pr_2020_12.txt,ONS-SUBMODULO-3.7,cita,
ons/ons_subm_dulo_4_5_pr_2020_12.txt,ONS-SUBMODULO-4.7,cita,
ons/ons_subm_dulo_4_5_pr_2020_12.txt,ONS-SUBMODULO-4.1,cita,
ons/ons_subm_dulo_4_5_pr_2020_12.txt,ANEEL-REN-903,cita,
ons/ons_subm_dulo_4_5_pr_2020_12.txt,ANEEL-DESPACHO-3572,cita,
ons/ons_subm_dulo_4_5_pr_2023_11.txt,ONS-SUBMODULO-4.6,cita,
ons/ons_subm_dulo_4_5_pr_2023_11.txt,ONS-SUBMODULO-2.4,cita,
ons/ons_subm_dulo_4_5_pr_2023_11.txt,ONS-SUBMODULO-4.5,cita,
ons/ons_subm_dulo_4_5_pr_2023_11.txt,ONS-SUBMODULO-3.8,cita,
ons/ons_subm_dulo_4_5_pr_2023_11.txt,ONS-SUBMODULO-7.2,cita,
ons/ons_subm_dulo_4_5_pr_2023_11.txt,ONS-SUBMODULO-4.2,cita,
ons/ons_subm_dulo_4_5_pr_2023_11.txt,ANEEL-REN-822,cita,
ons/ons_subm_dulo_4_5_pr_2023_11.txt,ONS-SUBMODULO-5.13,cita,
ons/ons_subm_dulo_4_5_pr_2023_11.txt,ONS-SUBMODULO-4.4,cita,
ons/ons_subm_dulo_4_5_pr_2023_11.txt,ANEEL-REN-614,cita,
ons/ons_subm_dulo_4_5_pr_2023_11.txt,ONS-SUBMODULO-4.3,cita,
ons/ons_subm_dulo_4_5_pr_2023_11.txt,ONS-SUBMODULO-3.3,cita,
ons/ons_subm_dulo_4_5_pr_2023_11.txt,ONS-SUBMODULO-4.8,cita,
ons/ons_subm_dulo_4_5_pr_2023_11.txt,ONS-SUBMODULO-3.7,cita,
ons/ons_subm_dulo_4_5_pr_2023_11.txt,ONS-SUBMODULO-4.7,cita,
ons/ons_subm_dulo_4_5_pr_2023_11.txt,ONS-SUBMODULO-4.1,cita,
ons/ons_subm_dulo_4_5_pr_2023_11.txt,ANEEL-DESPACHO-3572,cita,
ons/ons_subm_dulo_4_5_pr_2023_12.txt,ONS-SUBMODULO-4.6,cita,
ons/ons_subm_dulo_4_5_pr_2023_12.txt,ONS-SUBMODULO-2.4,cita,
ons/ons_subm_dulo_4_5_pr_2023_12.txt,ONS-SUBMODULO-4.5,cita,
ons/ons_subm_dulo_4_5_pr_2023_12.txt,ONS-SUBMODULO-3.8,cita,
ons/ons_subm_dulo_4_5_pr_2023_12.txt,ONS-SUBMODULO-7.2,cita,
ons/ons_subm_dulo_4_5_pr_2023_12.txt,ONS-SUBMODULO-4.2,cita,
ons/ons_subm_dulo_4_5_pr_2023_12.txt,ANEEL-REN-822,cita,
ons/ons_subm_dulo_4_5_pr_2023_12.txt,ONS-SUBMODULO-5.13,cita,
ons/ons_subm_dulo_4_5_pr_2023_12.txt,ONS-SUBMODULO-4.4,cita,
ons/ons_subm_dulo_4_5_pr_2023_12.txt,ANEEL-REN-614,cita,
ons/ons_subm_dulo_4_5_pr_2023_12.txt,ONS-SUBMODULO-4.3,cita,
ons/ons_subm_dulo_4_5_pr_2023_12.txt,ONS-SUBMODULO-3.3,cita,
ons/ons_subm_dulo_4_5_pr_2023_12.txt,ONS-SUBMODULO-4.8,cita,
ons/ons_subm_dulo_4_5_pr_2023_12.txt,ONS-SUBMODULO-3.7,cita,
ons/ons_subm_dulo_4_5_pr_2023_12.txt,ONS-SUBMODULO-4.7,cita,
ons/ons_subm_dulo_4_5_pr_2023_12.txt,ONS-SUBMODULO-4.1,cita,
ons/ons_subm_dulo_4_5_pr_2023_12.txt,ANEEL-DESPACHO-3572,cita,
ons/ons_subm_dulo_4_5_pr_2024_10.txt,ONS-SUBMODULO-4.6,cita,
ons/ons_subm_dulo_4_5_pr_2024_10.txt,ONS-SUBMODULO-2.4,cita,
ons/ons_subm_dulo_4_5_pr_2024_10.txt,ONS-SUBMODULO-4.5,cita,
ons/ons_subm_dulo_4_5_pr_2024_10.txt,ONS-SUBMODULO-3.8,cita,
ons/ons_subm_dulo_4_5_pr_2024_10.txt,ONS-SUBMODULO-7.2,cita,
ons/ons_subm_dulo_4_5_pr_2024_10.txt,ONS-SUBMODULO-4.2,cita,
ons/ons_subm_dulo_4_5_pr_2024_10.txt,ONS-SUBMODULO-5.13,cita,
ons/ons_subm_dulo_4_5_pr_2024_10.txt,ONS-SUBMODULO-4.4,cita,
ons/ons_subm_dulo_4_5_pr_2024_10.txt,ONS-SUBMODULO-4.3,cita,
ons/ons_subm_dulo_4_5_pr_2024_10.txt,ONS-SUBMODULO-3.3,cita,
ons/ons_subm_dulo_4_5_pr_2024_10.txt,ONS-SUBMODULO-4.8,cita,
ons/ons_subm_dulo_4_5_pr_2024_10.txt,ONS-SUBMODULO-3.7,cita,
ons/ons_subm_dulo_4_5_pr_2024_10.txt,ONS-SUBMODULO-4.7,cita,
ons/ons_subm_dulo_4_5_pr_2024_10.txt,ANEEL-REN-1040,cita,
ons/ons_subm_dulo_4_5_pr_2024_10.txt,ONS-SUBMODULO-5.12,cita,
ons/ons_subm_dulo_4_5_pr_2024_10.txt,ONS-SUBMODULO-4.1,cita,
ons/ons_subm_dulo_4_5_pr_2024_10.txt,ANEEL-REN-1033,cita,
ons/ons_subm_dulo_4_5_pr_2024_10.txt,ANEEL-DESPACHO-3572,cita,
ons/ons_subm_dulo_4_5_pr_2025_02.txt,ONS-SUBMODULO-4.6,cita,
ons/ons_subm_dulo_4_5_pr_2025_02.txt,ONS-SUBMODULO-2.4,cita,
ons/ons_subm_dulo_4_5_pr_2025_02.txt,ONS-SUBMODULO-4.5,cita,
ons/ons_subm_dulo_4_5_pr_2025_02.txt,ONS-SUBMODULO-3.8,cita,
ons/ons_subm_dulo_4_5_pr_2025_02.txt,ONS-SUBMODULO-7.2,cita,
ons/ons_subm_dulo_4_5_pr_2025_02.txt,ONS-SUBMODULO-4.2,cita,
ons/ons_subm_dulo_4_5_pr_2025_02.txt,ONS-SUBMODULO-5.13,cita,
ons/ons_subm_dulo_4_5_pr_2025_02.txt,ONS-SUBMODULO-4.4,cita,
ons/ons_subm_dulo_4_5_pr_2025_02.txt,ONS-SUBMODULO-4.3,cita,
ons/ons_subm_dulo_4_5_pr_2025_02.txt,ONS-SUBMODULO-3.3,cita,
ons/ons_subm_dulo_4_5_pr_2025_02.txt,ONS-SUBMODULO-4.8,cita,
ons/ons_subm_dulo_4_5_pr_2025_02.txt,ONS-SUBMODULO-3.7,cita,
ons/ons_subm_dulo_4_5_pr_2025_02.txt,ONS-SUBMODULO-4.7,cita,
ons/ons_subm_dulo_4_5_pr_2025_02.txt,ANEEL-REN-1040,cita,
ons/ons_subm_dulo_4_5_pr_2025_02.txt,ONS-SUBMODULO-5.12,cita,
ons/ons_subm_dulo_4_5_pr_2025_02.txt,ONS-SUBMODULO-4.1,cita,
ons/ons_subm_dulo_4_5_pr_2025_02.txt,ANEEL-REN-1033,cita,
ons/ons_subm_dulo_4_5_pr_2025_02.txt,ANEEL-DESPACHO-3572,cita,
ons/ons_subm_dulo_4_5_rs_2020_12.txt,ONS-SUBMODULO-4.4,cita,
ons/ons_subm_dulo_4_5_rs_2020_12.txt,ANEEL-REN-903,cita,
ons/ons_subm_dulo_4_5_rs_2020_12.txt,ONS-SUBMODULO-4.5,cita,
ons/ons_subm_dulo_4_5_rs_2024_10.txt,ANEEL-REN-1040,cita,
ons/ons_subm_dulo_4_5_rs_2024_10.txt,ONS-SUBMODULO-5.13,cita,
ons/ons_subm_dulo_4_5_rs_2024_10.txt,ONS-SUBMODULO-4.5,cita,
ons/ons_subm_dulo_4_6_pr_2020_12.txt,ONS-SUBMODULO-4.6,cita,
ons/ons_subm_dulo_4_6_pr_2020_12.txt,ONS-SUBMODULO-2.4,cita,
ons/ons_subm_dulo_4_6_pr_2020_12.txt,ONS-SUBMODULO-3.8,cita,
ons/ons_subm_dulo_4_6_pr_2020_12.txt,ONS-SUBMODULO-5.13,cita,
ons/ons_subm_dulo_4_6_pr_2020_12.txt,ONS-SUBMODULO-4.3,cita,
ons/ons_subm_dulo_4_6_pr_2020_12.txt,ONS-SUBMODULO-4.8,cita,
ons/ons_subm_dulo_4_6_pr_2020_12.txt,ANEEL-REN-903,cita,
ons/ons_subm_dulo_4_6_pr_2024_10.txt,ONS-SUBMODULO-4.6,cita,
ons/ons_subm_dulo_4_6_pr_2024_10.txt,ONS-SUBMODULO-2.4,cita,
ons/ons_subm_dulo_4_6_pr_2024_10.txt,ONS-SUBMODULO-3.8,cita,
ons/ons_subm_dulo_4_6_pr_2024_10.txt,ONS-SUBMODULO-5.13,cita,
ons/ons_subm_dulo_4_6_pr_2024_10.txt,ONS-SUBMODULO-4.3,cita,
ons/ons_subm_dulo_4_6_pr_2024_10.txt,ONS-SUBMODULO-4.8,cita,
ons/ons_subm_dulo_4_6_rs_2020_12.txt,ONS-SUBMODULO-4.6,cita,
ons/ons_subm_dulo_4_6_rs_2020_12.txt,ANEEL-REN-903,cita,
ons/ons_subm_dulo_4_6_rs_2023_12.txt,ONS-SUBMODULO-4.6,cita,
ons/ons_subm_dulo_4_7_op_2020_12.txt,ONS-SUBMODULO-4.7,cita,
ons/ons_subm_dulo_4_7_op_2020_12.txt,ANEEL-REN-903,cita,
ons/ons_subm_dulo_4_7_op_2024_01.txt,ONS-SUBMODULO-4.7,cita,
ons/ons_subm_dulo_4_7_op_2024_10.txt,ONS-SUBMODULO-4.7,cita,
ons/ons_subm_dulo_4_7_op_2024_10.txt,ONS-SUBMODULO-5.13,cita,
ons/ons_subm_dulo_4_7_rs_2020_12.txt,ONS-SUBMODULO-4.7,cita,
ons/ons_subm_dulo_4_7_rs_2020_12.txt,ANEEL-REN-903,cita,
ons/ons_subm_dulo_4_7_rs_2024_10.txt,ONS-SUBMODULO-4.7,cita,
ons/ons_subm_dulo_4_8_op_2020_12.txt,ANEEL-REN-903,cita,
ons/ons_subm_dulo_4_8_op_2020_12.txt,ONS-SUBMODULO-4.8,cita,
ons/ons_subm_dulo_4_8_op_2023_12.txt,ONS-SUBMODULO-4.8,cita,
ons/ons_subm_dulo_4_8_op_2025_03.txt,ONS-SUBMODULO-4.8,cita,
ons/ons_subm_dulo_4_8_rs_2020_12.txt,ANEEL-REN-903,cita,
ons/ons_subm_dulo_4_8_rs_2020_12.txt,ONS-SUBMODULO-4.8,cita,
ons/ons_subm_dulo_4_8_rs_2023_12.txt,ONS-SUBMODULO-4.8,cita,
ons/ons_subm_dulo_4_8_rs_2025_02.txt,ONS-SUBMODULO-4.8,cita,
ons/ons_subm_dulo_5_10_op_2020_12.txt,ONS-SUBMODULO-2.16,cita,
ons/ons_subm_dulo_5_10_op_2020_12.txt,ONS-SUBMODULO-5.10,cita,
ons/ons_subm_dulo_5_10_op_2020_12.txt,ANEEL-REN-903,cita,
ons/ons_subm_dulo_5_10_op_2020_12.txt,ONS-SUBMODULO-9.6,cita,
ons/ons_subm_dulo_5_10_op_2020_12.txt,ONS-SUBMODULO-2.2,cita,
ons/ons_subm_dulo_5_10_op_2025_03.txt,ONS-SUBMODULO-9.6,cita,
ons/ons_subm_dulo_5_10_op_2025_03.txt,ONS-SUBMODULO-2.16,cita,
ons/ons_subm_dulo_5_10_op_2025_03.txt,ONS-SUBMODULO-5.10,cita,
ons/ons_subm_dulo_5_10_op_2025_03.txt,ONS-SUBMODULO-2.2,cita,
ons/ons_subm_dulo_5_10_rs_2020_12.txt,ONS-SUBMODULO-5.10,cita,
ons/ons_subm_dulo_5_10_rs_2020_12.txt,ANEEL-REN-903,cita,
ons/ons_subm_dulo_5_10_rs_2020_12.txt,ANEEL-REN-864,cita,
ons/ons_subm_dulo_5_10_rs_2020_12_docx_d85752f7_6227_40c9_8122_8b303.txt,ANEEL-REN-905,cita,
ons/ons_subm_dulo_5_10_rs_2020_12_docx_d85752f7_6227_40c9_8122_8b303.txt,ONS-SUBMODULO-5.10,cita,
ons/ons_subm_dulo_5_10_rs_2025_02.txt,ANEEL-REN-905,cita,
ons/ons_subm_dulo_5_10_rs_2025_02.txt,ONS-SUBMODULO-5.10,cita,
ons/ons_subm_dulo_5_1_op_2020_12.txt,ONS-SUBMODULO-5.15,cita,
ons/ons_subm_dulo_5_1_op_2020_12.txt,ONS-SUBMODULO-2.12,cita,
ons/ons_subm_dulo_5_1_op_2020_12.txt,ONS-SUBMODULO-2.16,cita,
ons/ons_subm_dulo_5_1_op_2020_12.txt,ONS-SUBMODULO-4.2,cita,
ons/ons_subm_dulo_5_1_op_2020_12.txt,ONS-SUBMODULO-5.13,cita,
ons/ons_subm_dulo_5_1_op_2020_12.txt,ONS-SUBMODULO-5.1,cita,
ons/ons_subm_dulo_5_1_op_2020_12.txt,ONS-SUBMODULO-2.15,cita,
ons/ons_subm_dulo_5_1_op_2020_12.txt,ONS-SUBMODULO-3.10,cita,
ons/ons_subm_dulo_5_1_op_2020_12.txt,ONS-SUBMODULO-5.6,cita,
ons/ons_subm_dulo_5_1_op_2020_12.txt,ONS-SUBMODULO-1.1,cita,
ons/ons_subm_dulo_5_1_op_2020_12.txt,ANEEL-REN-903,cita,
ons/ons_subm_dulo_5_2_op_2020_12.txt,ONS-SUBMODULO-4.2,cita,
ons/ons_subm_dulo_5_2_op_2020_12.txt,ONS-SUBMODULO-2.5,cita,
ons/ons_subm_dulo_5_2_op_2020_12.txt,ONS-SUBMODULO-2.1,cita,
ons/ons_subm_dulo_5_2_op_2020_12.txt,ONS-SUBMODULO-5.2,cita,
ons/ons_subm_dulo_5_2_op_2020_12.txt,ANEEL-REN-903,cita,
ons/ons_subm_dulo_5_2_rs_2020_12.txt,ONS-SUBMODULO-5.2,cita,
ons/ons_subm_dulo_5_2_rs_2020_12.txt,ANEEL-REN-903,cita,
ons/ons_subm_dulo_5_3_op_2020_12.txt,ONS-SUBMODULO-5.3,cita,
ons/ons_subm_dulo_5_3_op_2020_12.txt,ONS-SUBMODULO-5.15,cita,
ons/ons_subm_dulo_5_3_op_2020_12.txt,ONS-SUBMODULO-5.14,cita,
ons/ons_subm_dulo_5_3_op_2020_12.txt,ONS-SUBMODULO-2.3,cita,
ons/ons_subm_dulo_5_3_op_2020_12.txt,ONS-SUBMODULO-5.2,cita,
ons/ons_subm_dulo_5_3_op_2020_12.txt,ANEEL-REN-903,cita,
ons/ons_subm_dulo_5_3_rs_2020_12.txt,ONS-SUBMODULO-5.3,cita,
ons/ons_subm_dulo_5_3_rs_2020_12.txt,ANEEL-REN-903,cita,
ons/ons_subm_dulo_5_4_op_2020_12.txt,ONS-SUBMODULO-3.1,cita,
ons/ons_subm_dulo_5_4_op_2020_12.txt,ONS-SUBMODULO-4.5,cita,
ons/ons_subm_dulo_5_4_op_2020_12.txt,ONS-SUBMODULO-4.2,cita,
ons/ons_subm_dulo_5_4_op_2020_12.txt,ONS-SUBMODULO-2.5,cita,
ons/ons_subm_dulo_5_4_op_2020_12.txt,ONS-SUBMODULO-3.3,cita,
ons/ons_subm_dulo_5_4_op_2020_12.txt,ONS-SUBMODULO-3.4,cita,
ons/ons_subm_dulo_5_4_op_2020_12.txt,ONS-SUBMODULO-5.7,cita,
ons/ons_subm_dulo_5_4_op_2020_12.txt,ONS-SUBMODULO-5.12,cita,
ons/ons_subm_dulo_5_4_op_2020_12.txt,ONS-SUBMODULO-2.3,cita,
ons/ons_subm_dulo_5_4_op_2020_12.txt,ONS-SUBMODULO-5.11,cita,
ons/ons_subm_dulo_5_4_op_2020_12.txt,ONS-SUBMODULO-4.1,cita,
ons/ons_subm_dulo_5_4_op_2020_12.txt,ONS-SUBMODULO-1.1,cita,
ons/ons_subm_dulo_5_4_op_2020_12.txt,ANEEL-REN-903,cita,
ons/ons_subm_dulo_5_4_op_2020_12.txt,ONS-SUBMODULO-5.4,cita,
ons/ons_subm_dulo_5_4_op_2025_02.txt,ONS-SUBMODULO-3.1,cita,
ons/ons_subm_dulo_5_4_op_2025_02.txt,ONS-SUBMODULO-4.5,cita,
ons/ons_subm_dulo_5_4_op_2025_02.txt,ONS-SUBMODULO-4.2,cita,
ons/ons_subm_dulo_5_4_op_2025_02.txt,ONS-SUBMODULO-2.5,cita,
ons/ons_subm_dulo_5_4_op_2025_02.txt,ONS-SUBMODULO-3.3,cita,
ons/ons_subm_dulo_5_4_op_2025_02.txt,ONS-SUBMODULO-3.4,cita,
ons/ons_subm_dulo_5_4_op_2025_02.txt,ONS-SUBMODULO-5.7,cita,
ons/ons_subm_dulo_5_4_op_2025_02.txt,ONS-SUBMODULO-5.12,cita,
ons/ons_subm_dulo_5_4_op_2025_02.txt,ONS-SUBMODULO-2.3,cita,
ons/ons_subm_dulo_5_4_op_2025_02.txt,ONS-SUBMODULO-5.11,cita,
ons/ons_subm_dulo_5_4_op_2025_02.txt,ONS-SUBMODULO-4.1,cita,
ons/ons_subm_dulo_5_4_op_2025_02.txt,ONS-SUBMODULO-1.1,cita,
ons/ons_subm_dulo_5_4_op_2025_02.txt,ONS-SUBMODULO-5.4,cita,
ons/ons_subm_dulo_5_4_rs_2020_12.txt,ANEEL-REN-903,cita,
ons/ons_subm_dulo_5_4_rs_2020_12.txt,ONS-SUBMODULO-5.4,cita,
ons/ons_subm_dulo_5_5_op_2020_12.txt,ONS-SUBMODULO-4.5,cita,
ons/ons_subm_dulo_5_5_op_2020_12.txt,ANEEL-REN-903,cita,
ons/ons_subm_dulo_5_5_op_2020_12.txt,ONS-SUBMODULO-3.7,cita,
ons/ons_subm_dulo_5_5_op_2020_12.txt,ONS-SUBMODULO-5.5,cita,
ons/ons_subm_dulo_5_5_rs_2020_12.txt,ANEEL-REN-903,cita,
ons/ons_subm_dulo_5_5_rs_2020_12.txt,ONS-SUBMODULO-5.5,cita,
ons/ons_subm_dulo_5_6_op_2020_12.txt,ONS-SUBMODULO-3.1,cita,
ons/ons_subm_dulo_5_6_op_2020_12.txt,ONS-SUBMODULO-3.4,cita,
ons/ons_subm_dulo_5_6_op_2020_12.txt,ONS-SUBMODULO-5.7,cita,
ons/ons_subm_dulo_5_6_op_2020_12.txt,ONS-SUBMODULO-5.6,cita,
ons/ons_subm_dulo_5_6_op_2020_12.txt,ONS-SUBMODULO-5.12,cita,
ons/ons_subm_dulo_5_6_op_2020_12.txt,ONS-SUBMODULO-5.11,cita,
ons/ons_subm_dulo_5_6_op_2020_12.txt,ANEEL-REN-903,cita,
ons/ons_subm_dulo_5_6_rs_2020_12.txt,ONS-SUBMODULO-5.6,cita,
ons/ons_subm_dulo_5_6_rs_2020_12.txt,ANEEL-REN-903,cita,
ons/ons_subm_dulo_5_7_op_2020_12.txt,ONS-SUBMODULO-5.15,cita,
ons/ons_subm_dulo_5_7_op_2020_12.txt,ONS-SUBMODULO-5.13,cita,
ons/ons_subm_dulo_5_7_op_2020_12.txt,ONS-SUBMODULO-5.14,cita,
ons/ons_subm_dulo_5_7_op_2020_12.txt,ONS-SUBMODULO-5.7,cita,
ons/ons_subm_dulo_5_7_op_2020_12.txt,ONS-SUBMODULO-5.12,cita,
ons/ons_subm_dulo_5_7_op_2020_12.txt,ANEEL-REN-903,cita,
ons/ons_subm_dulo_5_7_rs_2020_12.txt,ANEEL-REN-903,cita,
ons/ons_subm_dulo_5_7_rs_2020_12.txt,ONS-SUBMODULO-5.7,cita,
ons/ons_subm_dulo_5_8_op_2020_12.txt,ONS-SUBMODULO-5.8,cita,
ons/ons_subm_dulo_5_8_op_2020_12.txt,ONS-SUBMODULO-2.5,cita,
ons/ons_subm_dulo_5_8_op_2020_12.txt,ONS-SUBMODULO-5.13,cita,
ons/ons_subm_dulo_5_8_op_2020_12.txt,ONS-SUBMODULO-5.14,cita,
ons/ons_subm_dulo_5_8_op_2020_12.txt,ONS-SUBMODULO-5.12,cita,
ons/ons_subm_dulo_5_8_op_2020_12.txt,ONS-SUBMODULO-3.10,cita,
ons/ons_subm_dulo_5_8_op_2020_12.txt,ONS-SUBMODULO-2.3,cita,
ons/ons_subm_dulo_5_8_op_2020_12.txt,ANEEL-REN-903,cita,
ons/ons_subm_dulo_5_8_rs_2020_12.txt,ONS-SUBMODULO-5.8,cita,
ons/ons_subm_dulo_5_8_rs_2020_12.txt,ANEEL-REN-903,cita,
ons/ons_subm_dulo_5_9_op_2020_12.txt,ONS-SUBMODULO-5.9,cita,
ons/ons_subm_dulo_5_9_op_2020_12.txt,ANEEL-REN-903,cita,
ons/ons_subm_dulo_5_9_op_2020_12.txt,ONS-SUBMODULO-2.15,cita,
ons/ons_subm_dulo_5_9_rs_2020_12.txt,ONS-SUBMODULO-5.9,cita,
ons/ons_subm_dulo_5_9_rs_2020_12.txt,ANEEL-REN-903,cita,
ons/ons_subm_dulo_5_9_rs_2020_12.txt,ONS-SUBMODULO-2.15,cita,
ons/ons_subm_dulo_6_10_op_2020_12.txt,ONS-SUBMODULO-6.10,cita,
ons/ons_subm_dulo_6_10_op_2020_12.txt,ONS-SUBMODULO-2.15,cita,
ons/ons_subm_dulo_6_10_op_2020_12.txt,ONS-SUBMODULO-7.12,cita,
ons/ons_subm_dulo_6_10_op_2020_12.txt,ANEEL-REN-903,cita,
ons/ons_subm_dulo_6_10_op_2020_12.txt,ONS-SUBMODULO-9.6,cita,
ons/ons_subm_dulo_6_10_rs_2020_12.txt,ONS-SUBMODULO-9.6,cita,
ons/ons_subm_dulo_6_10_rs_2020_12.txt,ONS-SUBMODULO-6.10,cita,
ons/ons_subm_dulo_6_10_rs_2020_12.txt,ANEEL-REN-903,cita,
ons/ons_subm_dulo_6_10_rs_2020_12.txt,ONS-SUBMODULO-2.15,cita,
ons/ons_subm_dulo_6_11_op_2020_12.txt,ONS-SUBMODULO-2.12,cita,
ons/ons_subm_dulo_6_11_op_2020_12.txt,ONS-SUBMODULO-4.5,cita,
ons/ons_subm_dulo_6_11_op_2020_12.txt,ONS-SUBMODULO-6.11,cita,
ons/ons_subm_dulo_6_11_op_2020_12.txt,ONS-SUBMODULO-4.2,cita,
ons/ons_subm_dulo_6_11_op_2020_12.txt,ONS-SUBMODULO-5.13,cita,
ons/ons_subm_dulo_6_11_op_2020_12.txt,ONS-SUBMODULO-5.2,cita,
ons/ons_subm_dulo_6_11_op_2020_12.txt,ANEEL-REN-903,cita,
ons/ons_subm_dulo_6_11_op_2020_12.txt,ONS-SUBMODULO-9.6,cita,
ons/ons_subm_dulo_6_11_op_2020_12.txt,ONS-SUBMODULO-2.2,cita,
ons/ons_subm_dulo_6_11_op_2025_03.txt,ONS-SUBMODULO-2.12,cita,
ons/ons_subm_dulo_6_11_op_2025_03.txt,ONS-SUBMODULO-4.5,cita,
ons/ons_subm_dulo_6_11_op_2025_03.txt,ONS-SUBMODULO-6.11,cita,
ons/ons_subm_dulo_6_11_op_2025_03.txt,ONS-SUBMODULO-4.2,cita,
ons/ons_subm_dulo_6_11_op_2025_03.txt,ONS-SUBMODULO-5.13,cita,
ons/ons_subm_dulo_6_11_op_2025_03.txt,ONS-SUBMODULO-5.2,cita,
ons/ons_subm_dulo_6_11_op_2025_03.txt,ONS-SUBMODULO-9.6,cita,
ons/ons_subm_dulo_6_11_op_2025_03.txt,ONS-SUBMODULO-6.2,cita,
ons/ons_subm_dulo_6_11_rs_2020_12.txt,ONS-SUBMODULO-2.1,cita,
ons/ons_subm_dulo_6_11_rs_2020_12.txt,ANEEL-REN-903,cita,
ons/ons_subm_dulo_6_11_rs_2020_12.txt,ONS-SUBMODULO-6.11,cita,
ons/ons_subm_dulo_6_11_rs_2025_02.txt,ONS-SUBMODULO-2.1,cita,
ons/ons_subm_dulo_6_11_rs_2025_02.txt,ONS-SUBMODULO-6.11,cita,
ons/ons_subm_dulo_6_12_op_2020_12.txt,ONS-SUBMODULO-9.2,cita,
ons/ons_subm_dulo_6_12_op_2020_12.txt,ONS-SUBMODULO-6.12,cita,
ons/ons_subm_dulo_6_12_op_2020_12.txt,ANEEL-REN-903,cita,
ons/ons_subm_dulo_6_12_op_2020_12.txt,ONS-SUBMODULO-9.3,cita,
ons/ons_subm_dulo_6_12_op_2020_12.txt,ONS-SUBMODULO-6.2,cita,
ons/ons_subm_dulo_6_12_op_2021_06.txt,ONS-SUBMODULO-9.2,cita,
ons/ons_subm_dulo_6_12_op_2021_06.txt,ONS-SUBMODULO-6.12,cita,
ons/ons_subm_dulo_6_12_op_2021_06.txt,ONS-SUBMODULO-9.3,cita,
ons/ons_subm_dulo_6_12_op_2021_06.txt,ONS-SUBMODULO-6.2,cita,
ons/ons_subm_dulo_6_12_rs_2020_12.txt,ONS-SUBMODULO-6.12,cita,
ons/ons_subm_dulo_6_12_rs_2020_12.txt,ANEEL-REN-903,cita,
ons/ons_subm_dulo_6_12_rs_2021_06.txt,ONS-SUBMODULO-6.12,cita,
ons/ons_subm_dulo_6_13_op_2020_12.txt,ONS-SUBMODULO-2.11,cita,
ons/ons_subm_dulo_6_13_op_2020_12.txt,ONS-SUBMODULO-2.12,cita,
ons/ons_subm_dulo_6_13_op_2020_12.txt,ONS-SUBMODULO-2.10,cita,
ons/ons_subm_dulo_6_13_op_2020_12.txt,ONS-SUBMODULO-6.12,cita,
ons/ons_subm_dulo_6_13_op_2020_12.txt,ONS-SUBMODULO-6.13,cita,
ons/ons_subm_dulo_6_13_op_2020_12.txt,ONS-SUBMODULO-6.3,cita,
ons/ons_subm_dulo_6_13_op_2020_12.txt,ANEEL-REN-903,cita,
ons/ons_subm_dulo_6_13_op_2020_12.txt,ONS-SUBMODULO-9.6,cita,
ons/ons_subm_dulo_6_13_op_2020_12.txt,ONS-SUBMODULO-9.3,cita,
ons/ons_subm_dulo_6_13_op_2020_12.txt,ONS-SUBMODULO-6.2,cita,
ons/ons_subm_dulo_6_13_op_2026_04.txt,ONS-SUBMODULO-2.11,cita,
ons/ons_subm_dulo_6_13_op_2026_04.txt,ONS-SUBMODULO-2.10,cita,
ons/ons_subm_dulo_6_13_op_2026_04.txt,ONS-SUBMODULO-6.12,cita,
ons/ons_subm_dulo_6_13_op_2026_04.txt,ONS-SUBMODULO-6.13,cita,
ons/ons_subm_dulo_6_13_op_2026_04.txt,ONS-SUBMODULO-6.3,cita,
ons/ons_subm_dulo_6_13_op_2026_04.txt,ONS-SUBMODULO-9.3,cita,
ons/ons_subm_dulo_6_13_op_2026_04.txt,ONS-SUBMODULO-6.2,cita,
ons/ons_subm_dulo_6_13_rs_2020_12.txt,ONS-SUBMODULO-6.13,cita,
ons/ons_subm_dulo_6_13_rs_2020_12.txt,ANEEL-REN-443,cita,
ons/ons_subm_dulo_6_13_rs_2020_12.txt,ANEEL-REN-903,cita,
ons/ons_subm_dulo_6_13_rs_2020_12.txt,ONS-SUBMODULO-2.11,cita,
ons/ons_subm_dulo_6_13_rs_2021_06.txt,ONS-SUBMODULO-6.13,cita,
ons/ons_subm_dulo_6_13_rs_2021_06.txt,ANEEL-REN-443,cita,
ons/ons_subm_dulo_6_13_rs_2021_06.txt,ONS-SUBMODULO-2.11,cita,
ons/ons_subm_dulo_6_13_rs_2022_08.txt,ANEEL-REN-905,cita,
ons/ons_subm_dulo_6_13_rs_2022_08.txt,ONS-SUBMODULO-2.11,cita,
ons/ons_subm_dulo_6_13_rs_2022_08.txt,ONS-SUBMODULO-6.13,cita,
ons/ons_subm_dulo_6_13_rs_2026_04.txt,ONS-SUBMODULO-2.10,cita,
ons/ons_subm_dulo_6_13_rs_2026_04.txt,ANEEL-REN-905,cita,
ons/ons_subm_dulo_6_13_rs_2026_04.txt,ONS-SUBMODULO-2.11,cita,
ons/ons_subm_dulo_6_13_rs_2026_04.txt,ONS-SUBMODULO-6.13,cita,
ons/ons_subm_dulo_6_14_op_2020_12.txt,ONS-SUBMODULO-5.12,cita,
ons/ons_subm_dulo_6_14_op_2020_12.txt,ONS-SUBMODULO-9.3,cita,
ons/ons_subm_dulo_6_14_op_2020_12.txt,ANEEL-REN-903,cita,
ons/ons_subm_dulo_6_14_op_2020_12.txt,ONS-SUBMODULO-6.14,cita,
ons/ons_subm_dulo_6_14_op_2021_06.txt,ONS-SUBMODULO-9.3,cita,
ons/ons_subm_dulo_6_14_op_2021_06.txt,ONS-SUBMODULO-5.12,cita,
ons/ons_subm_dulo_6_14_op_2021_06.txt,ONS-SUBMODULO-6.14,cita,
ons/ons_subm_dulo_6_14_op_2021_11.txt,ONS-SUBMODULO-9.3,cita,
ons/ons_subm_dulo_6_14_op_2021_11.txt,ONS-SUBMODULO-5.12,cita,
ons/ons_subm_dulo_6_14_op_2021_11.txt,ONS-SUBMODULO-6.14,cita,
ons/ons_subm_dulo_6_14_rs_2020_12.txt,ANEEL-REN-903,cita,
ons/ons_subm_dulo_6_14_rs_2020_12.txt,ONS-SUBMODULO-6.14,cita,
ons/ons_subm_dulo_6_14_rs_2021_06.txt,ONS-SUBMODULO-6.14,cita,
ons/ons_subm_dulo_6_15_op_2020_12.txt,ONS-SUBMODULO-2.9,cita,
ons/ons_subm_dulo_6_15_op_2020_12.txt,ONS-SUBMODULO-6.15,cita,
ons/ons_subm_dulo_6_15_op_2020_12.txt,ANEEL-REN-903,cita,
ons/ons_subm_dulo_6_15_op_2020_12.txt,ONS-SUBMODULO-9.7,cita,
ons/ons_subm_dulo_6_15_op_2026_04.txt,ONS-SUBMODULO-2.9,cita,
ons/ons_subm_dulo_6_15_op_2026_04.txt,ONS-SUBMODULO-6.15,cita,
ons/ons_subm_dulo_6_15_op_2026_04.txt,ONS-SUBMODULO-9.7,cita,
ons/ons_subm_dulo_6_15_rs_2020_12.txt,ONS-SUBMODULO-2.9,cita,
ons/ons_subm_dulo_6_15_rs_2020_12.txt,ONS-SUBMODULO-9.7,cita,
ons/ons_subm_dulo_6_15_rs_2020_12.txt,ONS-SUBMODULO-7.8,cita,
ons/ons_subm_dulo_6_15_rs_2020_12.txt,ONS-SUBMODULO-6.15,cita,
ons/ons_subm_dulo_6_15_rs_2020_12.txt,ANEEL-REN-903,cita,
ons/ons_subm_dulo_6_15_rs_2021_08_docx_7bde6e74_dbff_4be3_8991_b7a62.txt,ONS-SUBMODULO-2.9,cita,
ons/ons_subm_dulo_6_15_rs_2021_08_docx_7bde6e74_dbff_4be3_8991_b7a62.txt,ONS-SUBMODULO-6.15,cita,
ons/ons_subm_dulo_6_15_rs_2021_08_docx_7bde6e74_dbff_4be3_8991_b7a62.txt,ONS-SUBMODULO-9.7,cita,
ons/ons_subm_dulo_6_15_rs_2021_08_docx_7bde6e74_dbff_4be3_8991_b7a62.txt,ONS-SUBMODULO-7.8,cita,
ons/ons_subm_dulo_6_15_rs_2026_04.txt,ONS-SUBMODULO-2.9,cita,
ons/ons_subm_dulo_6_15_rs_2026_04.txt,ONS-SUBMODULO-6.15,cita,
ons/ons_subm_dulo_6_15_rs_2026_04.txt,ONS-SUBMODULO-9.7,cita,
ons/ons_subm_dulo_6_15_rs_2026_04.txt,ONS-SUBMODULO-7.8,cita,
ons/ons_subm_dulo_6_16_op_2020_12.txt,ONS-SUBMODULO-1.2,cita,
ons/ons_subm_dulo_6_16_op_2020_12.txt,ONS-SUBMODULO-4.2,cita,
ons/ons_subm_dulo_6_16_op_2020_12.txt,ONS-SUBMODULO-7.11,cita,
ons/ons_subm_dulo_6_16_op_2020_12.txt,ANEEL-REN-903,cita,
ons/ons_subm_dulo_6_16_op_2020_12.txt,ONS-SUBMODULO-6.16,cita,
ons/ons_subm_dulo_6_16_op_2026_04.txt,ONS-SUBMODULO-4.2,cita,
ons/ons_subm_dulo_6_16_op_2026_04.txt,ONS-SUBMODULO-7.11,cita,
ons/ons_subm_dulo_6_16_op_2026_04.txt,ONS-SUBMODULO-1.2,cita,
ons/ons_subm_dulo_6_16_op_2026_04.txt,ONS-SUBMODULO-6.16,cita,
ons/ons_subm_dulo_6_16_rs_2020_12.txt,ONS-SUBMODULO-7.2,cita,
ons/ons_subm_dulo_6_16_rs_2020_12.txt,ANEEL-REN-903,cita,
ons/ons_subm_dulo_6_16_rs_2020_12.txt,ONS-SUBMODULO-6.16,cita,
ons/ons_subm_dulo_6_16_rs_2026_04.txt,ONS-SUBMODULO-7.2,cita,
ons/ons_subm_dulo_6_16_rs_2026_04.txt,ONS-SUBMODULO-6.16,cita,
ons/ons_subm_dulo_6_17_op_2020_12.txt,ONS-SUBMODULO-6.17,cita,
ons/ons_subm_dulo_6_17_op_2020_12.txt,ANEEL-REN-903,cita,
ons/ons_subm_dulo_6_17_op_2020_12.txt,ONS-SUBMODULO-2.14,cita,
ons/ons_subm_dulo_6_17_op_2020_12.txt,ONS-SUBMODULO-2.1,cita,
ons/ons_subm_dulo_6_17_op_2026_04.txt,ONS-SUBMODULO-6.17,cita,
ons/ons_subm_dulo_6_17_op_2026_04.txt,ONS-SUBMODULO-1.2,cita,
ons/ons_subm_dulo_6_17_op_2026_04.txt,ONS-SUBMODULO-2.14,cita,
ons/ons_subm_dulo_6_17_op_2026_04.txt,ONS-SUBMODULO-2.1,cita,
ons/ons_subm_dulo_6_17_rs_2020_12.txt,ONS-SUBMODULO-6.17,cita,
ons/ons_subm_dulo_6_17_rs_2020_12.txt,ANEEL-REN-903,cita,
ons/ons_subm_dulo_6_17_rs_2020_12.txt,ONS-SUBMODULO-2.14,cita,
ons/ons_subm_dulo_6_18_op_2023_01.txt,ONS-SUBMODULO-6.18,cita,
ons/ons_subm_dulo_6_18_op_2023_01.txt,ONS-SUBMODULO-4.5,cita,
ons/ons_subm_dulo_6_18_op_2023_01.txt,ONS-SUBMODULO-4.3,cita,
ons/ons_subm_dulo_6_18_op_2023_01.txt,ONS-SUBMODULO-4.7,cita,
ons/ons_subm_dulo_6_18_op_2023_01.txt,ONS-SUBMODULO-6.5,cita,
ons/ons_subm_dulo_6_18_op_2023_01.txt,ANEEL-REN-1033,cita,
ons/ons_subm_dulo_6_18_rs_2023_01.txt,ONS-SUBMODULO-6.18,cita,
ons/ons_subm_dulo_6_1_op_2020_12.txt,ONS-SUBMODULO-7.2,cita,
ons/ons_subm_dulo_6_1_op_2020_12.txt,ONS-SUBMODULO-5.13,cita,
ons/ons_subm_dulo_6_1_op_2020_12.txt,ANEEL-REN-903,cita,
ons/ons_subm_dulo_6_1_op_2020_12.txt,ONS-SUBMODULO-9.1,cita,
ons/ons_subm_dulo_6_1_op_2020_12.txt,ONS-SUBMODULO-6.1,cita,
ons/ons_subm_dulo_6_1_op_2020_12.txt,ONS-SUBMODULO-6.2,cita,
ons/ons_subm_dulo_6_1_rs_2020_12.txt,ONS-SUBMODULO-7.2,cita,
ons/ons_subm_dulo_6_1_rs_2020_12.txt,ANEEL-REN-903,cita,
ons/ons_subm_dulo_6_1_rs_2020_12.txt,ONS-SUBMODULO-5.13,cita,
ons/ons_subm_dulo_6_1_rs_2020_12.txt,ONS-SUBMODULO-6.1,cita,
ons/ons_subm_dulo_6_2_op_2020_12.txt,ONS-SUBMODULO-9.5,cita,
ons/ons_subm_dulo_6_2_op_2020_12.txt,ONS-SUBMODULO-9.1,cita,
ons/ons_subm_dulo_6_2_op_2020_12.txt,ONS-SUBMODULO-1.3,cita,
ons/ons_subm_dulo_6_2_op_2020_12.txt,ONS-SUBMODULO-5.13,cita,
ons/ons_subm_dulo_6_2_op_2020_12.txt,ONS-SUBMODULO-6.12,cita,
ons/ons_subm_dulo_6_2_op_2020_12.txt,ONS-SUBMODULO-6.4,cita,
ons/ons_subm_dulo_6_2_op_2020_12.txt,ONS-SUBMODULO-6.3,cita,
ons/ons_subm_dulo_6_2_op_2020_12.txt,ANEEL-REN-903,cita,
ons/ons_subm_dulo_6_2_op_2020_12.txt,ONS-SUBMODULO-6.2,cita,
ons/ons_subm_dulo_6_2_op_2021_06.txt,ONS-SUBMODULO-9.5,cita,
ons/ons_subm_dulo_6_2_op_2021_06.txt,ONS-SUBMODULO-1.3,cita,
ons/ons_subm_dulo_6_2_op_2021_06.txt,ONS-SUBMODULO-5.13,cita,
ons/ons_subm_dulo_6_2_op_2021_06.txt,ONS-SUBMODULO-6.12,cita,
ons/ons_subm_dulo_6_2_op_2021_06.txt,ONS-SUBMODULO-6.3,cita,
ons/ons_subm_dulo_6_2_op_2021_06.txt,ONS-SUBMODULO-6.2,cita,
ons/ons_subm_dulo_6_2_op_2021_06.txt,ONS-SUBMODULO-9.1,cita,
ons/ons_subm_dulo_6_2_op_2021_06.txt,ONS-SUBMODULO-6.4,cita,
ons/ons_subm_dulo_6_2_op_2021_06_docx_907d3323_9273_4b05_ad8f_b821f6.txt,ONS-SUBMODULO-9.5,cita,
ons/ons_subm_dulo_6_2_op_2021_06_docx_907d3323_9273_4b05_ad8f_b821f6.txt,ONS-SUBMODULO-1.3,cita,
ons/ons_subm_dulo_6_2_op_2021_06_docx_907d3323_9273_4b05_ad8f_b821f6.txt,ONS-SUBMODULO-5.13,cita,
ons/ons_subm_dulo_6_2_op_2021_06_docx_907d3323_9273_4b05_ad8f_b821f6.txt,ONS-SUBMODULO-6.12,cita,
ons/ons_subm_dulo_6_2_op_2021_06_docx_907d3323_9273_4b05_ad8f_b821f6.txt,ONS-SUBMODULO-6.3,cita,
ons/ons_subm_dulo_6_2_op_2021_06_docx_907d3323_9273_4b05_ad8f_b821f6.txt,ONS-SUBMODULO-6.2,cita,
ons/ons_subm_dulo_6_2_op_2021_06_docx_907d3323_9273_4b05_ad8f_b821f6.txt,ONS-SUBMODULO-9.1,cita,
ons/ons_subm_dulo_6_2_op_2021_06_docx_907d3323_9273_4b05_ad8f_b821f6.txt,ONS-SUBMODULO-6.4,cita,
ons/ons_subm_dulo_6_2_rs_2020_12.txt,ONS-SUBMODULO-9.1,cita,
ons/ons_subm_dulo_6_2_rs_2020_12.txt,ONS-SUBMODULO-5.13,cita,
ons/ons_subm_dulo_6_2_rs_2020_12.txt,ONS-SUBMODULO-6.12,cita,
ons/ons_subm_dulo_6_2_rs_2020_12.txt,ONS-SUBMODULO-6.3,cita,
ons/ons_subm_dulo_6_2_rs_2020_12.txt,ONS-SUBMODULO-6.2,cita,
ons/ons_subm_dulo_6_2_rs_2020_12.txt,ANEEL-REN-903,cita,
ons/ons_subm_dulo_6_2_rs_2020_12.txt,ONS-SUBMODULO-6.4,cita,
ons/ons_subm_dulo_6_2_rs_2021_06.txt,ONS-SUBMODULO-6.12,cita,
ons/ons_subm_dulo_6_2_rs_2021_06.txt,ONS-SUBMODULO-5.13,cita,
ons/ons_subm_dulo_6_2_rs_2021_06.txt,ONS-SUBMODULO-6.3,cita,
ons/ons_subm_dulo_6_2_rs_2021_06.txt,ONS-SUBMODULO-6.2,cita,
ons/ons_subm_dulo_6_2_rs_2021_06.txt,ONS-SUBMODULO-9.1,cita,
ons/ons_subm_dulo_6_2_rs_2021_06.txt,ONS-SUBMODULO-6.4,cita,
ons/ons_subm_dulo_6_3_pr_2020_12.txt,ONS-SUBMODULO-4.5,cita,
ons/ons_subm_dulo_6_3_pr_2020_12.txt,ONS-SUBMODULO-4.3,cita,
ons/ons_subm_dulo_6_3_pr_2020_12.txt,ONS-SUBMODULO-6.4,cita,
ons/ons_subm_dulo_6_3_pr_2020_12.txt,ONS-SUBMODULO-7.10,cita,
ons/ons_subm_dulo_6_3_pr_2020_12.txt,ONS-SUBMODULO-6.3,cita,
ons/ons_subm_dulo_6_3_pr_2020_12.txt,ONS-SUBMODULO-4.1,cita,
ons/ons_subm_dulo_6_3_pr_2020_12.txt,ANEEL-REN-903,cita,
ons/ons_subm_dulo_6_3_pr_2020_12.txt,ONS-SUBMODULO-6.2,cita,
ons/ons_subm_dulo_6_3_pr_2021_06.txt,ONS-SUBMODULO-4.5,cita,
ons/ons_subm_dulo_6_3_pr_2021_06.txt,ONS-SUBMODULO-4.3,cita,
ons/ons_subm_dulo_6_3_pr_2021_06.txt,ONS-SUBMODULO-6.4,cita,
ons/ons_subm_dulo_6_3_pr_2021_06.txt,ONS-SUBMODULO-7.10,cita,
ons/ons_subm_dulo_6_3_pr_2021_06.txt,ONS-SUBMODULO-6.3,cita,
ons/ons_subm_dulo_6_3_pr_2021_06.txt,ONS-SUBMODULO-4.1,cita,
ons/ons_subm_dulo_6_3_pr_2021_06.txt,ONS-SUBMODULO-6.2,cita,
ons/ons_subm_dulo_6_3_rs_2020_12.txt,ANEEL-REN-903,cita,
ons/ons_subm_dulo_6_3_rs_2020_12.txt,ONS-SUBMODULO-6.2,cita,
ons/ons_subm_dulo_6_3_rs_2021_06.txt,ONS-SUBMODULO-6.2,cita,
ons/ons_subm_dulo_6_4_op_2020_12.txt,ONS-SUBMODULO-6.3,cita,
ons/ons_subm_dulo_6_4_op_2020_12.txt,ONS-SUBMODULO-6.2,cita,
ons/ons_subm_dulo_6_4_op_2020_12.txt,ANEEL-REN-903,cita,
ons/ons_subm_dulo_6_4_op_2020_12.txt,ONS-SUBMODULO-6.4,cita,
ons/ons_subm_dulo_6_4_op_2021_06.txt,ONS-SUBMODULO-6.3,cita,
ons/ons_subm_dulo_6_4_op_2021_06.txt,ONS-SUBMODULO-6.2,cita,
ons/ons_subm_dulo_6_4_op_2021_06.txt,ONS-SUBMODULO-6.4,cita,
ons/ons_subm_dulo_6_4_rs_2020_12.txt,ANEEL-REN-903,cita,
ons/ons_subm_dulo_6_4_rs_2020_12.txt,ONS-SUBMODULO-6.4,cita,
ons/ons_subm_dulo_6_4_rs_2021_06.txt,ONS-SUBMODULO-6.4,cita,
ons/ons_subm_dulo_6_5_pr_2022_05.txt,ONS-SUBMODULO-5.3,cita,
ons/ons_subm_dulo_6_5_pr_2022_05.txt,ANEEL-REN-541,cita,
ons/ons_subm_dulo_6_5_pr_2022_05.txt,ONS-SUBMODULO-9.2,cita,
ons/ons_subm_dulo_6_5_pr_2022_05.txt,ONS-SUBMODULO-4.5,cita,
ons/ons_subm_dulo_6_5_pr_2022_05.txt,ONS-SUBMODULO-8.1,cita,
ons/ons_subm_dulo_6_5_pr_2022_05.txt,ANEEL-REN-822,cita,
ons/ons_subm_dulo_6_5_pr_2022_05.txt,ONS-SUBMODULO-5.13,cita,
ons/ons_subm_dulo_6_5_pr_2022_05.txt,ANEEL-REN-614,cita,
ons/ons_subm_dulo_6_5_pr_2022_05.txt,ONS-SUBMODULO-4.3,cita,
ons/ons_subm_dulo_6_5_pr_2022_05.txt,ONS-SUBMODULO-6.5,cita,
ons/ons_subm_dulo_6_5_pr_2022_05.txt,ONS-SUBMODULO-5.11,cita,
ons/ons_subm_dulo_6_5_pr_2022_05.txt,ANEEL-REN-583,cita,
ons/ons_subm_dulo_6_5_pr_2022_06.txt,ONS-SUBMODULO-5.3,cita,
ons/ons_subm_dulo_6_5_pr_2022_06.txt,ANEEL-REN-541,cita,
ons/ons_subm_dulo_6_5_pr_2022_06.txt,ONS-SUBMODULO-2.4,cita,
ons/ons_subm_dulo_6_5_pr_2022_06.txt,ONS-SUBMODULO-4.5,cita,
ons/ons_subm_dulo_6_5_pr_2022_06.txt,ONS-SUBMODULO-9.2,cita,
ons/ons_subm_dulo_6_5_pr_2022_06.txt,ONS-SUBMODULO-8.1,cita,
ons/ons_subm_dulo_6_5_pr_2022_06.txt,ANEEL-REN-822,cita,
ons/ons_subm_dulo_6_5_pr_2022_06.txt,ONS-SUBMODULO-5.13,cita,
ons/ons_subm_dulo_6_5_pr_2022_06.txt,ANEEL-REN-614,cita,
ons/ons_subm_dulo_6_5_pr_2022_06.txt,ONS-SUBMODULO-4.3,cita,
ons/ons_subm_dulo_6_5_pr_2022_06.txt,ANEEL-REN-927,cita,
ons/ons_subm_dulo_6_5_pr_2022_06.txt,ONS-SUBMODULO-6.5,cita,
ons/ons_subm_dulo_6_5_pr_2022_06.txt,ONS-SUBMODULO-5.11,cita,
ons/ons_subm_dulo_6_5_pr_2022_06.txt,ANEEL-REN-583,cita,
ons/ons_subm_dulo_6_5_pr_2024_12.txt,ONS-SUBMODULO-5.3,cita,
ons/ons_subm_dulo_6_5_pr_2024_12.txt,ANEEL-REN-1073,cita,
ons/ons_subm_dulo_6_5_pr_2024_12.txt,ANEEL-REN-541,cita,
ons/ons_subm_dulo_6_5_pr_2024_12.txt,ONS-SUBMODULO-2.4,cita,
ons/ons_subm_dulo_6_5_pr_2024_12.txt,ONS-SUBMODULO-4.5,cita,
ons/ons_subm_dulo_6_5_pr_2024_12.txt,ONS-SUBMODULO-9.2,cita,
ons/ons_subm_dulo_6_5_pr_2024_12.txt,ONS-SUBMODULO-8.1,cita,
ons/ons_subm_dulo_6_5_pr_2024_12.txt,ANEEL-REN-822,cita,
ons/ons_subm_dulo_6_5_pr_2024_12.txt,ANEEL-REN-1030,cita,
ons/ons_subm_dulo_6_5_pr_2024_12.txt,ONS-SUBMODULO-5.13,cita,
ons/ons_subm_dulo_6_5_pr_2024_12.txt,ANEEL-REN-614,cita,
ons/ons_subm_dulo_6_5_pr_2024_12.txt,ONS-SUBMODULO-4.3,cita,
ons/ons_subm_dulo_6_5_pr_2024_12.txt,ONS-SUBMODULO-6.5,cita,
ons/ons_subm_dulo_6_5_pr_2024_12.txt,ONS-SUBMODULO-5.11,cita,
ons/ons_subm_dulo_6_5_pr_2024_12.txt,ANEEL-REN-583,cita,
ons/ons_subm_dulo_6_5_pr_2025_06.txt,ONS-SUBMODULO-5.3,cita,
ons/ons_subm_dulo_6_5_pr_2025_06.txt,ANEEL-REN-1073,cita,
ons/ons_subm_dulo_6_5_pr_2025_06.txt,ANEEL-REN-541,cita,
ons/ons_subm_dulo_6_5_pr_2025_06.txt,ONS-SUBMODULO-2.4,cita,
ons/ons_subm_dulo_6_5_pr_2025_06.txt,ONS-SUBMODULO-4.5,cita,
ons/ons_subm_dulo_6_5_pr_2025_06.txt,ONS-SUBMODULO-9.2,cita,
ons/ons_subm_dulo_6_5_pr_2025_06.txt,ONS-SUBMODULO-8.1,cita,
ons/ons_subm_dulo_6_5_pr_2025_06.txt,ANEEL-REN-822,cita,
ons/ons_subm_dulo_6_5_pr_2025_06.txt,ANEEL-REN-1030,cita,
ons/ons_subm_dulo_6_5_pr_2025_06.txt,ONS-SUBMODULO-1.3,cita,
ons/ons_subm_dulo_6_5_pr_2025_06.txt,ANEEL-REN-614,cita,
ons/ons_subm_dulo_6_5_pr_2025_06.txt,ONS-SUBMODULO-4.3,cita,
ons/ons_subm_dulo_6_5_pr_2025_06.txt,ONS-SUBMODULO-5.13,cita,
ons/ons_subm_dulo_6_5_pr_2025_06.txt,ONS-SUBMODULO-6.5,cita,
ons/ons_subm_dulo_6_5_pr_2025_06.txt,ANEEL-REN-1017,cita,
ons/ons_subm_dulo_6_5_pr_2025_06.txt,ONS-SUBMODULO-5.11,cita,
ons/ons_subm_dulo_6_5_pr_2025_06.txt,ANEEL-REN-583,cita,
ons/ons_subm_dulo_6_5_rs_2020_12.txt,ANEEL-REN-541,cita,
ons/ons_subm_dulo_6_5_rs_2020_12.txt,ONS-SUBMODULO-9.2,cita,
ons/ons_subm_dulo_6_5_rs_2020_12.txt,ANEEL-REN-614,cita,
ons/ons_subm_dulo_6_5_rs_2020_12.txt,ONS-SUBMODULO-6.5,cita,
ons/ons_subm_dulo_6_5_rs_2020_12.txt,ANEEL-REN-903,cita,
ons/ons_subm_dulo_6_5_rs_2020_12.txt,ANEEL-REN-583,cita,
ons/ons_subm_dulo_6_5_rs_2020_12_docx_934047ab_b854_4f50_afe6_5a61e1.txt,ANEEL-REN-541,cita,
ons/ons_subm_dulo_6_5_rs_2020_12_docx_934047ab_b854_4f50_afe6_5a61e1.txt,ONS-SUBMODULO-9.2,cita,
ons/ons_subm_dulo_6_5_rs_2020_12_docx_934047ab_b854_4f50_afe6_5a61e1.txt,ANEEL-REN-614,cita,
ons/ons_subm_dulo_6_5_rs_2020_12_docx_934047ab_b854_4f50_afe6_5a61e1.txt,ANEEL-REN-927,cita,
ons/ons_subm_dulo_6_5_rs_2020_12_docx_934047ab_b854_4f50_afe6_5a61e1.txt,ONS-SUBMODULO-6.5,cita,
ons/ons_subm_dulo_6_5_rs_2020_12_docx_934047ab_b854_4f50_afe6_5a61e1.txt,ANEEL-REN-583,cita,
ons/ons_subm_dulo_6_5_rs_2024_12.txt,ANEEL-REN-1073,cita,
ons/ons_subm_dulo_6_5_rs_2024_12.txt,ANEEL-REN-541,cita,
ons/ons_subm_dulo_6_5_rs_2024_12.txt,ONS-SUBMODULO-9.2,cita,
ons/ons_subm_dulo_6_5_rs_2024_12.txt,ANEEL-REN-1030,cita,
ons/ons_subm_dulo_6_5_rs_2024_12.txt,ANEEL-REN-614,cita,
ons/ons_subm_dulo_6_5_rs_2024_12.txt,ONS-SUBMODULO-6.5,cita,
ons/ons_subm_dulo_6_5_rs_2024_12.txt,ANEEL-REN-583,cita,
ons/ons_subm_dulo_6_5_rs_2025_06.txt,ANEEL-REN-1073,cita,
ons/ons_subm_dulo_6_5_rs_2025_06.txt,ANEEL-REN-541,cita,
ons/ons_subm_dulo_6_5_rs_2025_06.txt,ONS-SUBMODULO-9.2,cita,
ons/ons_subm_dulo_6_5_rs_2025_06.txt,ONS-SUBMODULO-1.3,cita,
ons/ons_subm_dulo_6_5_rs_2025_06.txt,ANEEL-REN-1030,cita,
ons/ons_subm_dulo_6_5_rs_2025_06.txt,ANEEL-REN-614,cita,
ons/ons_subm_dulo_6_5_rs_2025_06.txt,ONS-SUBMODULO-6.5,cita,
ons/ons_subm_dulo_6_5_rs_2025_06.txt,ANEEL-REN-1017,cita,
ons/ons_subm_dulo_6_5_rs_2025_06.txt,ANEEL-REN-583,cita,
ons/ons_subm_dulo_6_6_op_2020_12.txt,ANEEL-REN-903,cita,
ons/ons_subm_dulo_6_6_op_2020_12.txt,ONS-SUBMODULO-6.6,cita,
ons/ons_subm_dulo_6_6_op_2025_02.txt,ANEEL-REN-1030,cita,
ons/ons_subm_dulo_6_6_op_2025_02.txt,ONS-SUBMODULO-6.6,cita,
ons/ons_subm_dulo_6_6_rs_2020_12.txt,ANEEL-REN-697,cita,
ons/ons_subm_dulo_6_6_rs_2020_12.txt,ANEEL-REN-903,cita,
ons/ons_subm_dulo_6_6_rs_2020_12.txt,ONS-SUBMODULO-5.13,cita,
ons/ons_subm_dulo_6_6_rs_2020_12.txt,ONS-SUBMODULO-6.6,cita,
ons/ons_subm_dulo_6_6_rs_2025_02.txt,ANEEL-REN-1030,cita,
ons/ons_subm_dulo_6_6_rs_2025_02.txt,ONS-SUBMODULO-5.13,cita,
ons/ons_subm_dulo_6_6_rs_2025_02.txt,ONS-SUBMODULO-6.6,cita,
ons/ons_subm_dulo_6_7_pr_2020_12.txt,ONS-SUBMODULO-9.2,cita,
ons/ons_subm_dulo_6_7_pr_2020_12.txt,ONS-SUBMODULO-4.2,cita,
ons/ons_subm_dulo_6_7_pr_2020_12.txt,ONS-SUBMODULO-6.7,cita,
ons/ons_subm_dulo_6_7_pr_2020_12.txt,ANEEL-REN-729,cita,
ons/ons_subm_dulo_6_7_pr_2020_12.txt,ANEEL-REN-853,cita,
ons/ons_subm_dulo_6_7_pr_2020_12.txt,ONS-SUBMODULO-5.12,cita,
ons/ons_subm_dulo_6_7_pr_2020_12.txt,ONS-SUBMODULO-6.3,cita,
ons/ons_subm_dulo_6_7_pr_2020_12.txt,ONS-SUBMODULO-8.3,cita,
ons/ons_subm_dulo_6_7_pr_2020_12.txt,ONS-SUBMODULO-5.2,cita,
ons/ons_subm_dulo_6_7_pr_2020_12.txt,ANEEL-REN-903,cita,
ons/ons_subm_dulo_6_7_pr_2020_12.txt,ONS-SUBMODULO-6.2,cita,
ons/ons_subm_dulo_6_7_pr_2020_12_docx_de1d71ad_fb0f_4f5d_9988_fd67cd.txt,ONS-SUBMODULO-9.2,cita,
ons/ons_subm_dulo_6_7_pr_2020_12_docx_de1d71ad_fb0f_4f5d_9988_fd67cd.txt,ONS-SUBMODULO-4.5,cita,
ons/ons_subm_dulo_6_7_pr_2020_12_docx_de1d71ad_fb0f_4f5d_9988_fd67cd.txt,ONS-SUBMODULO-4.2,cita,
ons/ons_subm_dulo_6_7_pr_2020_12_docx_de1d71ad_fb0f_4f5d_9988_fd67cd.txt,ONS-SUBMODULO-6.7,cita,
ons/ons_subm_dulo_6_7_pr_2020_12_docx_de1d71ad_fb0f_4f5d_9988_fd67cd.txt,ONS-SUBMODULO-5.12,cita,
ons/ons_subm_dulo_6_7_pr_2020_12_docx_de1d71ad_fb0f_4f5d_9988_fd67cd.txt,ONS-SUBMODULO-6.3,cita,
ons/ons_subm_dulo_6_7_pr_2020_12_docx_de1d71ad_fb0f_4f5d_9988_fd67cd.txt,ONS-SUBMODULO-8.3,cita,
ons/ons_subm_dulo_6_7_pr_2020_12_docx_de1d71ad_fb0f_4f5d_9988_fd67cd.txt,ANEEL-REN-905,cita,
ons/ons_subm_dulo_6_7_pr_2020_12_docx_de1d71ad_fb0f_4f5d_9988_fd67cd.txt,ONS-SUBMODULO-6.2,cita,
ons/ons_subm_dulo_6_7_pr_2025_06.txt,ONS-SUBMODULO-9.2,cita,
ons/ons_subm_dulo_6_7_pr_2025_06.txt,ONS-SUBMODULO-4.5,cita,
ons/ons_subm_dulo_6_7_pr_2025_06.txt,ONS-SUBMODULO-4.2,cita,
ons/ons_subm_dulo_6_7_pr_2025_06.txt,ONS-SUBMODULO-6.7,cita,
ons/ons_subm_dulo_6_7_pr_2025_06.txt,ONS-SUBMODULO-1.3,cita,
ons/ons_subm_dulo_6_7_pr_2025_06.txt,ONS-SUBMODULO-5.12,cita,
ons/ons_subm_dulo_6_7_pr_2025_06.txt,ANEEL-REN-1017,cita,
ons/ons_subm_dulo_6_7_pr_2025_06.txt,ONS-SUBMODULO-6.3,cita,
ons/ons_subm_dulo_6_7_pr_2025_06.txt,ONS-SUBMODULO-8.3,cita,
ons/ons_subm_dulo_6_7_pr_2025_06.txt,ANEEL-REN-905,cita,
ons/ons_subm_dulo_6_7_pr_2025_06.txt,ONS-SUBMODULO-6.2,cita,
ons/ons_subm_dulo_6_7_rs_2020_12.txt,ONS-SUBMODULO-9.2,cita,
ons/ons_subm_dulo_6_7_rs_2020_12.txt,ONS-SUBMODULO-6.7,cita,
ons/ons_subm_dulo_6_7_rs_2020_12.txt,ANEEL-REN-729,cita,
ons/ons_subm_dulo_6_7_rs_2020_12.txt,ANEEL-REN-853,cita,
ons/ons_subm_dulo_6_7_rs_2020_12.txt,ONS-SUBMODULO-8.3,cita,
ons/ons_subm_dulo_6_7_rs_2020_12.txt,ANEEL-REN-903,cita,
ons/ons_subm_dulo_6_7_rs_2020_12_docx_b81560ca_c6f4_4240_8d41_c7d258.txt,ONS-SUBMODULO-8.3,cita,
ons/ons_subm_dulo_6_7_rs_2020_12_docx_b81560ca_c6f4_4240_8d41_c7d258.txt,ANEEL-REN-905,cita,
ons/ons_subm_dulo_6_7_rs_2020_12_docx_b81560ca_c6f4_4240_8d41_c7d258.txt,ONS-SUBMODULO-6.7,cita,
ons/ons_subm_dulo_6_7_rs_2020_12_docx_b81560ca_c6f4_4240_8d41_c7d258.txt,ONS-SUBMODULO-9.2,cita,
ons/ons_subm_dulo_6_7_rs_2025_06.txt,ONS-SUBMODULO-9.2,cita,
ons/ons_subm_dulo_6_7_rs_2025_06.txt,ONS-SUBMODULO-6.7,cita,
ons/ons_subm_dulo_6_7_rs_2025_06.txt,ANEEL-REN-1017,cita,
ons/ons_subm_dulo_6_7_rs_2025_06.txt,ONS-SUBMODULO-8.3,cita,
ons/ons_subm_dulo_6_7_rs_2025_06.txt,ANEEL-REN-905,cita,
ons/ons_subm_dulo_6_7_rs_2026_04.txt,ONS-SUBMODULO-9.2,cita,
ons/ons_subm_dulo_6_7_rs_2026_04.txt,ONS-SUBMODULO-6.7,cita,
ons/ons_subm_dulo_6_7_rs_2026_04.txt,ANEEL-REN-1017,cita,
ons/ons_subm_dulo_6_7_rs_2026_04.txt,ONS-SUBMODULO-8.3,cita,
ons/ons_subm_dulo_6_7_rs_2026_04.txt,ANEEL-REN-905,cita,
ons/ons_subm_dulo_6_7_rs_2026_04_retificado.txt,ONS-SUBMODULO-9.2,cita,
ons/ons_subm_dulo_6_7_rs_2026_04_retificado.txt,ONS-SUBMODULO-6.7,cita,
ons/ons_subm_dulo_6_7_rs_2026_04_retificado.txt,ANEEL-REN-1017,cita,
ons/ons_subm_dulo_6_7_rs_2026_04_retificado.txt,ONS-SUBMODULO-8.3,cita,
ons/ons_subm_dulo_6_7_rs_2026_04_retificado.txt,ANEEL-REN-905,cita,
ons/ons_subm_dulo_6_8_pr_2020_12.txt,ONS-SUBMODULO-8.1,cita,
ons/ons_subm_dulo_6_8_pr_2020_12.txt,ONS-SUBMODULO-6.8,cita,
ons/ons_subm_dulo_6_8_pr_2020_12.txt,ANEEL-REN-666,cita,
ons/ons_subm_dulo_6_8_pr_2020_12.txt,ONS-SUBMODULO-8.3,cita,
ons/ons_subm_dulo_6_8_pr_2020_12.txt,ONS-SUBMODULO-7.11,cita,
ons/ons_subm_dulo_6_8_pr_2020_12.txt,ANEEL-REN-903,cita,
ons/ons_subm_dulo_6_8_pr_2020_12_docx_2c216c37_89b1_4709_9dbe_22f228.txt,ONS-SUBMODULO-8.1,cita,
ons/ons_subm_dulo_6_8_pr_2020_12_docx_2c216c37_89b1_4709_9dbe_22f228.txt,ONS-SUBMODULO-6.8,cita,
ons/ons_subm_dulo_6_8_pr_2020_12_docx_2c216c37_89b1_4709_9dbe_22f228.txt,ONS-SUBMODULO-7.11,cita,
ons/ons_subm_dulo_6_8_pr_2020_12_docx_2c216c37_89b1_4709_9dbe_22f228.txt,ONS-SUBMODULO-8.3,cita,
ons/ons_subm_dulo_6_8_pr_2020_12_docx_2c216c37_89b1_4709_9dbe_22f228.txt,ANEEL-REN-905,cita,
ons/ons_subm_dulo_6_8_pr_2025_06.txt,ONS-SUBMODULO-8.1,cita,
ons/ons_subm_dulo_6_8_pr_2025_06.txt,ONS-SUBMODULO-1.3,cita,
ons/ons_subm_dulo_6_8_pr_2025_06.txt,ONS-SUBMODULO-6.8,cita,
ons/ons_subm_dulo_6_8_pr_2025_06.txt,ONS-SUBMODULO-7.11,cita,
ons/ons_subm_dulo_6_8_pr_2025_06.txt,ANEEL-REN-1017,cita,
ons/ons_subm_dulo_6_8_pr_2025_06.txt,ONS-SUBMODULO-8.3,cita,
ons/ons_subm_dulo_6_8_pr_2025_06.txt,ANEEL-REN-905,cita,
ons/ons_subm_dulo_6_8_rs_2020_12.txt,ONS-SUBMODULO-6.8,cita,
ons/ons_subm_dulo_6_8_rs_2020_12.txt,ANEEL-REN-903,cita,
ons/ons_subm_dulo_6_8_rs_2025_06.txt,ONS-SUBMODULO-1.3,cita,
ons/ons_subm_dulo_6_8_rs_2025_06.txt,ONS-SUBMODULO-6.8,cita,
ons/ons_subm_dulo_6_8_rs_2025_06.txt,ANEEL-REN-1017,cita,
ons/ons_subm_dulo_6_9_pr_2020_12.txt,ONS-SUBMODULO-9.2,cita,
ons/ons_subm_dulo_6_9_pr_2020_12.txt,ONS-SUBMODULO-7.2,cita,
ons/ons_subm_dulo_6_9_pr_2020_12.txt,ONS-SUBMODULO-9.4,cita,
ons/ons_subm_dulo_6_9_pr_2020_12.txt,ANEEL-REN-669,cita,
ons/ons_subm_dulo_6_9_pr_2020_12.txt,ONS-SUBMODULO-5.11,cita,
ons/ons_subm_dulo_6_9_pr_2020_12.txt,ONS-SUBMODULO-6.9,cita,
ons/ons_subm_dulo_6_9_pr_2020_12.txt,ANEEL-REN-903,cita,
ons/ons_subm_dulo_6_9_pr_2020_12.txt,ONS-SUBMODULO-2.2,cita,
ons/ons_subm_dulo_6_9_pr_2020_12_docx_db90ebb8_c6bc_4292_9993_9c98df.txt,ONS-SUBMODULO-9.2,cita,
ons/ons_subm_dulo_6_9_pr_2020_12_docx_db90ebb8_c6bc_4292_9993_9c98df.txt,ONS-SUBMODULO-7.2,cita,
ons/ons_subm_dulo_6_9_pr_2020_12_docx_db90ebb8_c6bc_4292_9993_9c98df.txt,ONS-SUBMODULO-9.4,cita,
ons/ons_subm_dulo_6_9_pr_2020_12_docx_db90ebb8_c6bc_4292_9993_9c98df.txt,ONS-SUBMODULO-5.11,cita,
ons/ons_subm_dulo_6_9_pr_2020_12_docx_db90ebb8_c6bc_4292_9993_9c98df.txt,ONS-SUBMODULO-6.9,cita,
ons/ons_subm_dulo_6_9_pr_2020_12_docx_db90ebb8_c6bc_4292_9993_9c98df.txt,ANEEL-REN-905,cita,
ons/ons_subm_dulo_6_9_pr_2020_12_docx_db90ebb8_c6bc_4292_9993_9c98df.txt,ONS-SUBMODULO-2.2,cita,
ons/ons_subm_dulo_6_9_pr_2025_02.txt,ONS-SUBMODULO-9.2,cita,
ons/ons_subm_dulo_6_9_pr_2025_02.txt,ONS-SUBMODULO-7.2,cita,
ons/ons_subm_dulo_6_9_pr_2025_02.txt,ONS-SUBMODULO-9.4,cita,
ons/ons_subm_dulo_6_9_pr_2025_02.txt,ONS-SUBMODULO-6.9,cita,
ons/ons_subm_dulo_6_9_pr_2025_02.txt,ANEEL-REN-905,cita,
ons/ons_subm_dulo_6_9_pr_2025_02.txt,ONS-SUBMODULO-2.2,cita,
ons/ons_subm_dulo_6_9_rs_2020_12.txt,ONS-SUBMODULO-9.2,cita,
ons/ons_subm_dulo_6_9_rs_2020_12.txt,ONS-SUBMODULO-7.2,cita,
ons/ons_subm_dulo_6_9_rs_2020_12.txt,ONS-SUBMODULO-6.9,cita,
ons/ons_subm_dulo_6_9_rs_2020_12.txt,ANEEL-REN-903,cita,
ons/ons_subm_dulo_6_9_rs_2020_12.txt,ONS-SUBMODULO-2.2,cita,
ons/ons_subm_dulo_6_9_rs_2025_02.txt,ONS-SUBMODULO-7.2,cita,
ons/ons_subm_dulo_6_9_rs_2025_02.txt,ONS-SUBMODULO-9.2,cita,
ons/ons_subm_dulo_6_9_rs_2025_02.txt,ONS-SUBMODULO-2.2,cita,
ons/ons_subm_dulo_6_9_rs_2025_02.txt,ONS-SUBMODULO-6.9,cita,
ons/ons_subm_dulo_7_10_op_2020_12.txt,ONS-SUBMODULO-2.11,cita,
ons/ons_subm_dulo_7_10_op_2020_12.txt,ONS-SUBMODULO-2.10,cita,
ons/ons_subm_dulo_7_10_op_2020_12.txt,ONS-SUBMODULO-7.10,cita,
ons/ons_subm_dulo_7_10_op_2020_12.txt,ONS-SUBMODULO-3.2,cita,
ons/ons_subm_dulo_7_10_op_2020_12.txt,ANEEL-REN-903,cita,
ons/ons_subm_dulo_7_10_op_2021_06.txt,ONS-SUBMODULO-3.2,cita,
ons/ons_subm_dulo_7_10_op_2021_06.txt,ONS-SUBMODULO-2.11,cita,
ons/ons_subm_dulo_7_10_op_2021_06.txt,ONS-SUBMODULO-2.10,cita,
ons/ons_subm_dulo_7_10_op_2021_06.txt,ONS-SUBMODULO-7.10,cita,
ons/ons_subm_dulo_7_10_rs_2020_12.txt,ONS-SUBMODULO-2.11,cita,
ons/ons_subm_dulo_7_10_rs_2020_12.txt,ANEEL-REN-903,cita,
ons/ons_subm_dulo_7_10_rs_2020_12.txt,ONS-SUBMODULO-7.10,cita,
ons/ons_subm_dulo_7_10_rs_2021_06.txt,ONS-SUBMODULO-2.11,cita,
ons/ons_subm_dulo_7_10_rs_2021_06.txt,ONS-SUBMODULO-7.10,cita,
ons/ons_subm_dulo_7_11_op_2020_12.txt,ONS-SUBMODULO-1.2,cita,
ons/ons_subm_dulo_7_11_op_2020_12.txt,ONS-SUBMODULO-4.2,cita,
ons/ons_subm_dulo_7_11_op_2020_12.txt,ONS-SUBMODULO-7.2,cita,
ons/ons_subm_dulo_7_11_op_2020_12.txt,ONS-SUBMODULO-7.11,cita,
ons/ons_subm_dulo_7_11_op_2020_12.txt,ANEEL-REN-903,cita,
ons/ons_subm_dulo_7_11_op_2020_12.txt,ONS-SUBMODULO-2.14,cita,
ons/ons_subm_dulo_7_11_rs_2020_12.txt,ANEEL-REN-759,cita,
ons/ons_subm_dulo_7_11_rs_2020_12.txt,ONS-SUBMODULO-7.11,cita,
ons/ons_subm_dulo_7_11_rs_2020_12.txt,ONS-SUBMODULO-7.2,cita,
ons/ons_subm_dulo_7_11_rs_2020_12.txt,ANEEL-REN-903,cita,
ons/ons_subm_dulo_7_11_rs_2026_04.txt,ANEEL-REN-1000,cita,
ons/ons_subm_dulo_7_11_rs_2026_04.txt,ONS-SUBMODULO-7.11,cita,
ons/ons_subm_dulo_7_11_rs_2026_04.txt,ONS-SUBMODULO-7.2,cita,
ons/ons_subm_dulo_7_12_op_2020_12.txt,ONS-SUBMODULO-4.2,cita,
ons/ons_subm_dulo_7_12_op_2020_12.txt,ANEEL-REN-903,cita,
ons/ons_subm_dulo_7_12_op_2020_12.txt,ONS-SUBMODULO-2.15,cita,
ons/ons_subm_dulo_7_12_op_2020_12.txt,ONS-SUBMODULO-7.12,cita,
ons/ons_subm_dulo_7_12_rs_2020_12.txt,ANEEL-REN-903,cita,
ons/ons_subm_dulo_7_12_rs_2020_12.txt,ONS-SUBMODULO-2.15,cita,
ons/ons_subm_dulo_7_12_rs_2020_12.txt,ONS-SUBMODULO-7.12,cita,
ons/ons_subm_dulo_7_13_pr_2020_12.txt,ONS-SUBMODULO-2.16,cita,
ons/ons_subm_dulo_7_13_pr_2020_12.txt,ONS-SUBMODULO-7.2,cita,
ons/ons_subm_dulo_7_13_pr_2020_12.txt,ANEEL-REN-903,cita,
ons/ons_subm_dulo_7_13_pr_2020_12.txt,ONS-SUBMODULO-7.13,cita,
ons/ons_subm_dulo_7_13_pr_2021_06.txt,ONS-SUBMODULO-7.2,cita,
ons/ons_subm_dulo_7_13_pr_2021_06.txt,ONS-SUBMODULO-4.2,cita,
ons/ons_subm_dulo_7_13_pr_2021_06.txt,ONS-SUBMODULO-2.16,cita,
ons/ons_subm_dulo_7_13_pr_2021_06.txt,ONS-SUBMODULO-7.13,cita,
ons/ons_subm_dulo_7_13_pr_2022_10_docx_879439a9_1d6e_457b_a3a2_6269e.txt,ONS-SUBMODULO-7.2,cita,
ons/ons_subm_dulo_7_13_pr_2022_10_docx_879439a9_1d6e_457b_a3a2_6269e.txt,ONS-SUBMODULO-4.2,cita,
ons/ons_subm_dulo_7_13_pr_2022_10_docx_879439a9_1d6e_457b_a3a2_6269e.txt,ONS-SUBMODULO-2.16,cita,
ons/ons_subm_dulo_7_13_pr_2022_10_docx_879439a9_1d6e_457b_a3a2_6269e.txt,ONS-SUBMODULO-7.13,cita,
ons/ons_subm_dulo_7_13_pr_2023_09.txt,ONS-SUBMODULO-7.2,cita,
ons/ons_subm_dulo_7_13_pr_2023_09.txt,ONS-SUBMODULO-4.2,cita,
ons/ons_subm_dulo_7_13_pr_2023_09.txt,ONS-SUBMODULO-2.16,cita,
ons/ons_subm_dulo_7_13_pr_2023_09.txt,ONS-SUBMODULO-7.13,cita,
ons/ons_subm_dulo_7_13_pr_2024_04.txt,ONS-SUBMODULO-7.2,cita,
ons/ons_subm_dulo_7_13_pr_2024_04.txt,ONS-SUBMODULO-4.2,cita,
ons/ons_subm_dulo_7_13_pr_2024_04.txt,ONS-SUBMODULO-2.16,cita,
ons/ons_subm_dulo_7_13_pr_2024_04.txt,ONS-SUBMODULO-7.13,cita,
ons/ons_subm_dulo_7_13_pr_2024_04_retificado.txt,ONS-SUBMODULO-2.16,cita,
ons/ons_subm_dulo_7_13_pr_2024_04_retificado.txt,ONS-SUBMODULO-7.2,cita,
ons/ons_subm_dulo_7_13_pr_2024_04_retificado.txt,ONS-SUBMODULO-4.2,cita,
ons/ons_subm_dulo_7_13_pr_2024_04_retificado.txt,ONS-SUBMODULO-7.4,cita,
ons/ons_subm_dulo_7_13_pr_2024_04_retificado.txt,ONS-SUBMODULO-7.13,cita,
ons/ons_subm_dulo_7_13_pr_2025_02.txt,ONS-SUBMODULO-2.16,cita,
ons/ons_subm_dulo_7_13_pr_2025_02.txt,ONS-SUBMODULO-7.2,cita,
ons/ons_subm_dulo_7_13_pr_2025_02.txt,ONS-SUBMODULO-4.2,cita,
ons/ons_subm_dulo_7_13_pr_2025_02.txt,ONS-SUBMODULO-7.4,cita,
ons/ons_subm_dulo_7_13_pr_2025_02.txt,ONS-SUBMODULO-7.13,cita,
ons/ons_subm_dulo_7_13_pr_2026_04.txt,ONS-SUBMODULO-2.16,cita,
ons/ons_subm_dulo_7_13_pr_2026_04.txt,ONS-SUBMODULO-7.2,cita,
ons/ons_subm_dulo_7_13_pr_2026_04.txt,ONS-SUBMODULO-4.2,cita,
ons/ons_subm_dulo_7_13_pr_2026_04.txt,ONS-SUBMODULO-7.4,cita,
ons/ons_subm_dulo_7_13_pr_2026_04.txt,ONS-SUBMODULO-7.13,cita,
ons/ons_subm_dulo_7_13_rs_2020_12.txt,ANEEL-REN-903,cita,
ons/ons_subm_dulo_7_13_rs_2020_12.txt,ONS-SUBMODULO-7.13,cita,
ons/ons_subm_dulo_7_13_rs_2020_12.txt,ANEEL-REN-583,cita,
ons/ons_subm_dulo_7_14_pr_2020_12.txt,ANEEL-REN-903,cita,
ons/ons_subm_dulo_7_14_pr_2020_12.txt,ONS-SUBMODULO-7.14,cita,
ons/ons_subm_dulo_7_14_pr_2025_12.txt,ONS-SUBMODULO-7.14,cita,
ons/ons_subm_dulo_7_14_rs_2020_12.txt,ANEEL-REN-903,cita,
ons/ons_subm_dulo_7_14_rs_2020_12.txt,ANEEL-REN-442,cita,
ons/ons_subm_dulo_7_14_rs_2020_12.txt,ONS-SUBMODULO-7.14,cita,
ons/ons_subm_dulo_7_14_rs_2022_08_docx.txt,ANEEL-REN-905,cita,
ons/ons_subm_dulo_7_14_rs_2022_08_docx.txt,ONS-SUBMODULO-7.14,cita,
ons/ons_subm_dulo_7_14_rs_2025_12.txt,ANEEL-REN-905,cita,
ons/ons_subm_dulo_7_14_rs_2025_12.txt,ONS-SUBMODULO-7.14,cita,
ons/ons_subm_dulo_7_15_pr_2020_12.txt,ANEEL-REN-903,cita,
ons/ons_subm_dulo_7_15_pr_2020_12.txt,ONS-SUBMODULO-7.15,cita,
ons/ons_subm_dulo_7_15_pr_2020_12.txt,ONS-SUBMODULO-12.2,cita,
ons/ons_subm_dulo_7_15_pr_2021_06.txt,ONS-SUBMODULO-7.15,cita,
ons/ons_subm_dulo_7_15_pr_2021_06.txt,ANEEL-REN-841,cita,
ons/ons_subm_dulo_7_15_pr_2021_06.txt,ONS-SUBMODULO-12.2,cita,
ons/ons_subm_dulo_7_15_pr_2024_04.txt,ANEEL-REN-905,cita,
ons/ons_subm_dulo_7_15_pr_2024_04.txt,ONS-SUBMODULO-7.15,cita,
ons/ons_subm_dulo_7_15_pr_2024_04.txt,ONS-SUBMODULO-12.2,cita,
ons/ons_subm_dulo_7_15_pr_2025_02.txt,ANEEL-REN-905,cita,
ons/ons_subm_dulo_7_15_pr_2025_02.txt,ONS-SUBMODULO-7.15,cita,
ons/ons_subm_dulo_7_15_pr_2025_02.txt,ONS-SUBMODULO-2.2,cita,
ons/ons_subm_dulo_7_15_pr_2025_02.txt,ONS-SUBMODULO-12.2,cita,
ons/ons_subm_dulo_7_15_pr_2025_08.txt,ANEEL-REN-905,cita,
ons/ons_subm_dulo_7_15_pr_2025_08.txt,ONS-SUBMODULO-7.15,cita,
ons/ons_subm_dulo_7_15_pr_2025_08.txt,ONS-SUBMODULO-2.2,cita,
ons/ons_subm_dulo_7_15_pr_2025_08.txt,ONS-SUBMODULO-7.14,cita,
ons/ons_subm_dulo_7_15_rs_2020_12.txt,ONS-SUBMODULO-7.15,cita,
ons/ons_subm_dulo_7_15_rs_2020_12.txt,ANEEL-REN-903,cita,
ons/ons_subm_dulo_7_15_rs_2020_12.txt,ANEEL-REN-841,cita,
ons/ons_subm_dulo_7_15_rs_2025_12.txt,ANEEL-REN-905,cita,
ons/ons_subm_dulo_7_15_rs_2025_12.txt,ONS-SUBMODULO-7.15,cita,
ons/ons_subm_dulo_7_16_pr_2020_12.txt,ONS-SUBMODULO-7.16,cita,
ons/ons_subm_dulo_7_16_pr_2020_12.txt,ANEEL-REN-903,cita,
ons/ons_subm_dulo_7_16_pr_2020_12.txt,ONS-SUBMODULO-4.2,cita,
ons/ons_subm_dulo_7_16_rs_2020_12.txt,ONS-SUBMODULO-7.16,cita,
ons/ons_subm_dulo_7_16_rs_2020_12.txt,ANEEL-REN-903,cita,
ons/ons_subm_dulo_7_1_pr_2020_12.txt,ANEEL-REN-67,cita,
ons/ons_subm_dulo_7_1_pr_2020_12.txt,PORTARIA-21,cita,
ons/ons_subm_dulo_7_1_pr_2020_12.txt,ONS-SUBMODULO-2.10,cita,
ons/ons_subm_dulo_7_1_pr_2020_12.txt,ANEEL-REN-442,cita,
ons/ons_subm_dulo_7_1_pr_2020_12.txt,ONS-SUBMODULO-7.1,cita,
ons/ons_subm_dulo_7_1_pr_2020_12.txt,ANEEL-REN-506,cita,
ons/ons_subm_dulo_7_1_pr_2020_12.txt,DECRETO-5597,cita,
ons/ons_subm_dulo_7_1_pr_2020_12.txt,ANEEL-REN-68,cita,
ons/ons_subm_dulo_7_1_pr_2020_12.txt,ANEEL-REN-666,cita,
ons/ons_subm_dulo_7_1_pr_2020_12.txt,ONS-SUBMODULO-2.3,cita,
ons/ons_subm_dulo_7_1_pr_2020_12.txt,ANEEL-REN-722,cita,
ons/ons_subm_dulo_7_1_pr_2020_12.txt,ONS-SUBMODULO-7.8,cita,
ons/ons_subm_dulo_7_1_pr_2020_12.txt,ANEEL-REN-320,cita,
ons/ons_subm_dulo_7_1_pr_2020_12.txt,ANEEL-REN-903,cita,
ons/ons_subm_dulo_7_1_pr_2020_12.txt,ANEEL-DESPACHO-4309,cita,
ons/ons_subm_dulo_7_1_pr_2021_08_docx_db2581cd_8db7_4d1e_8d60_a0d2d2.txt,ANEEL-REN-67,cita,
ons/ons_subm_dulo_7_1_pr_2021_08_docx_db2581cd_8db7_4d1e_8d60_a0d2d2.txt,PORTARIA-21,cita,
ons/ons_subm_dulo_7_1_pr_2021_08_docx_db2581cd_8db7_4d1e_8d60_a0d2d2.txt,ONS-SUBMODULO-2.10,cita,
ons/ons_subm_dulo_7_1_pr_2021_08_docx_db2581cd_8db7_4d1e_8d60_a0d2d2.txt,ANEEL-REN-442,cita,
ons/ons_subm_dulo_7_1_pr_2021_08_docx_db2581cd_8db7_4d1e_8d60_a0d2d2.txt,ONS-SUBMODULO-7.1,cita,
ons/ons_subm_dulo_7_1_pr_2021_08_docx_db2581cd_8db7_4d1e_8d60_a0d2d2.txt,ANEEL-REN-506,cita,
ons/ons_subm_dulo_7_1_pr_2021_08_docx_db2581cd_8db7_4d1e_8d60_a0d2d2.txt,DECRETO-5597,cita,
ons/ons_subm_dulo_7_1_pr_2021_08_docx_db2581cd_8db7_4d1e_8d60_a0d2d2.txt,ANEEL-REN-68,cita,
ons/ons_subm_dulo_7_1_pr_2021_08_docx_db2581cd_8db7_4d1e_8d60_a0d2d2.txt,ANEEL-REN-666,cita,
ons/ons_subm_dulo_7_1_pr_2021_08_docx_db2581cd_8db7_4d1e_8d60_a0d2d2.txt,ONS-SUBMODULO-2.3,cita,
ons/ons_subm_dulo_7_1_pr_2021_08_docx_db2581cd_8db7_4d1e_8d60_a0d2d2.txt,ANEEL-REN-722,cita,
ons/ons_subm_dulo_7_1_pr_2021_08_docx_db2581cd_8db7_4d1e_8d60_a0d2d2.txt,ONS-SUBMODULO-7.8,cita,
ons/ons_subm_dulo_7_1_pr_2021_08_docx_db2581cd_8db7_4d1e_8d60_a0d2d2.txt,ANEEL-REN-320,cita,
ons/ons_subm_dulo_7_1_pr_2021_08_docx_db2581cd_8db7_4d1e_8d60_a0d2d2.txt,ANEEL-DESPACHO-4309,cita,
ons/ons_subm_dulo_7_1_pr_2022_10_docx_a0d4769b_26ab_4fb0_9cf6_b884ec.txt,ANEEL-REN-1000,cita,
ons/ons_subm_dulo_7_1_pr_2022_10_docx_a0d4769b_26ab_4fb0_9cf6_b884ec.txt,PORTARIA-21,cita,
ons/ons_subm_dulo_7_1_pr_2022_10_docx_a0d4769b_26ab_4fb0_9cf6_b884ec.txt,ONS-SUBMODULO-2.10,cita,
ons/ons_subm_dulo_7_1_pr_2022_10_docx_a0d4769b_26ab_4fb0_9cf6_b884ec.txt,ONS-SUBMODULO-7.2,cita,
ons/ons_subm_dulo_7_1_pr_2022_10_docx_a0d4769b_26ab_4fb0_9cf6_b884ec.txt,ANEEL-REN-954,cita,
ons/ons_subm_dulo_7_1_pr_2022_10_docx_a0d4769b_26ab_4fb0_9cf6_b884ec.txt,ANEEL-REN-876,cita,
ons/ons_subm_dulo_7_1_pr_2022_10_docx_a0d4769b_26ab_4fb0_9cf6_b884ec.txt,ONS-SUBMODULO-2.3,cita,
ons/ons_subm_dulo_7_1_pr_2022_10_docx_a0d4769b_26ab_4fb0_9cf6_b884ec.txt,ONS-SUBMODULO-7.8,cita,
ons/ons_subm_dulo_7_1_pr_2022_10_docx_a0d4769b_26ab_4fb0_9cf6_b884ec.txt,ANEEL-REN-905,cita,
ons/ons_subm_dulo_7_1_pr_2022_10_docx_a0d4769b_26ab_4fb0_9cf6_b884ec.txt,ONS-SUBMODULO-7.1,cita,
ons/ons_subm_dulo_7_1_pr_2022_10_docx_a0d4769b_26ab_4fb0_9cf6_b884ec.txt,ANEEL-REN-875,cita,
ons/ons_subm_dulo_7_1_pr_2022_10_docx_a0d4769b_26ab_4fb0_9cf6_b884ec.txt,ONS-SUBMODULO-2.14,cita,
ons/ons_subm_dulo_7_1_pr_2024_06.txt,ANEEL-REN-1000,cita,
ons/ons_subm_dulo_7_1_pr_2024_06.txt,PORTARIA-21,cita,
ons/ons_subm_dulo_7_1_pr_2024_06.txt,ONS-SUBMODULO-2.10,cita,
ons/ons_subm_dulo_7_1_pr_2024_06.txt,ONS-SUBMODULO-8.1,cita,
ons/ons_subm_dulo_7_1_pr_2024_06.txt,ONS-SUBMODULO-7.2,cita,
ons/ons_subm_dulo_7_1_pr_2024_06.txt,ANEEL-REN-954,cita,
ons/ons_subm_dulo_7_1_pr_2024_06.txt,ANEEL-REN-876,cita,
ons/ons_subm_dulo_7_1_pr_2024_06.txt,ONS-SUBMODULO-2.3,cita,
ons/ons_subm_dulo_7_1_pr_2024_06.txt,ONS-SUBMODULO-7.8,cita,
ons/ons_subm_dulo_7_1_pr_2024_06.txt,ANEEL-REN-905,cita,
ons/ons_subm_dulo_7_1_pr_2024_06.txt,ANEEL-DESPACHO-3245,cita,
ons/ons_subm_dulo_7_1_pr_2024_06.txt,ONS-SUBMODULO-7.1,cita,
ons/ons_subm_dulo_7_1_pr_2024_06.txt,ANEEL-REN-875,cita,
ons/ons_subm_dulo_7_1_pr_2024_06.txt,ONS-SUBMODULO-2.14,cita,
ons/ons_subm_dulo_7_1_pr_2026_04.txt,ANEEL-REN-1000,cita,
ons/ons_subm_dulo_7_1_pr_2026_04.txt,PORTARIA-21,cita,
ons/ons_subm_dulo_7_1_pr_2026_04.txt,ONS-SUBMODULO-2.10,cita,
ons/ons_subm_dulo_7_1_pr_2026_04.txt,ONS-SUBMODULO-8.1,cita,
ons/ons_subm_dulo_7_1_pr_2026_04.txt,ONS-SUBMODULO-7.2,cita,
ons/ons_subm_dulo_7_1_pr_2026_04.txt,ANEEL-REN-954,cita,
ons/ons_subm_dulo_7_1_pr_2026_04.txt,ANEEL-REN-876,cita,
ons/ons_subm_dulo_7_1_pr_2026_04.txt,ONS-SUBMODULO-2.3,cita,
ons/ons_subm_dulo_7_1_pr_2026_04.txt,ONS-SUBMODULO-7.8,cita,
ons/ons_subm_dulo_7_1_pr_2026_04.txt,ANEEL-REN-905,cita,
ons/ons_subm_dulo_7_1_pr_2026_04.txt,ANEEL-DESPACHO-3245,cita,
ons/ons_subm_dulo_7_1_pr_2026_04.txt,ONS-SUBMODULO-7.1,cita,
ons/ons_subm_dulo_7_1_pr_2026_04.txt,ANEEL-REN-875,cita,
ons/ons_subm_dulo_7_1_pr_2026_04.txt,ONS-SUBMODULO-2.14,cita,
ons/ons_subm_dulo_7_1_rs_2020_12.txt,ANEEL-REN-390,cita,
ons/ons_subm_dulo_7_1_rs_2020_12.txt,ANEEL-REN-722,cita,
ons/ons_subm_dulo_7_1_rs_2020_12.txt,ANEEL-REN-320,cita,
ons/ons_subm_dulo_7_1_rs_2020_12.txt,ANEEL-REN-67,cita,
ons/ons_subm_dulo_7_1_rs_2020_12.txt,ANEEL-REN-391,cita,
ons/ons_subm_dulo_7_1_rs_2020_12.txt,ONS-SUBMODULO-7.2,cita,
ons/ons_subm_dulo_7_1_rs_2020_12.txt,ANEEL-REN-724,cita,
ons/ons_subm_dulo_7_1_rs_2020_12.txt,ANEEL-REN-765,cita,
ons/ons_subm_dulo_7_1_rs_2020_12.txt,ANEEL-REN-412,cita,
ons/ons_subm_dulo_7_1_rs_2020_12.txt,ANEEL-REN-442,cita,
ons/ons_subm_dulo_7_1_rs_2020_12.txt,ANEEL-REN-676,cita,
ons/ons_subm_dulo_7_1_rs_2020_12.txt,ONS-SUBMODULO-7.1,cita,
ons/ons_subm_dulo_7_1_rs_2020_12.txt,ANEEL-REN-673,cita,
ons/ons_subm_dulo_7_1_rs_2020_12.txt,ANEEL-DESPACHO-4309,cita,
ons/ons_subm_dulo_7_1_rs_2020_12.txt,ONS-SUBMODULO-2.10,cita,
ons/ons_subm_dulo_7_1_rs_2020_12.txt,ANEEL-REN-506,cita,
ons/ons_subm_dulo_7_1_rs_2020_12.txt,ANEEL-REN-68,cita,
ons/ons_subm_dulo_7_1_rs_2020_12.txt,ANEEL-REN-903,cita,
ons/ons_subm_dulo_7_1_rs_2020_12.txt,DECRETO-5597,cita,
ons/ons_subm_dulo_7_1_rs_2022_10_docx_2bd96cf0_52ee_4a40_ae6a_7b8ded.txt,ANEEL-REN-1000,cita,
ons/ons_subm_dulo_7_1_rs_2022_10_docx_2bd96cf0_52ee_4a40_ae6a_7b8ded.txt,ONS-SUBMODULO-2.10,cita,
ons/ons_subm_dulo_7_1_rs_2022_10_docx_2bd96cf0_52ee_4a40_ae6a_7b8ded.txt,ONS-SUBMODULO-7.2,cita,
ons/ons_subm_dulo_7_1_rs_2022_10_docx_2bd96cf0_52ee_4a40_ae6a_7b8ded.txt,ANEEL-REN-954,cita,
ons/ons_subm_dulo_7_1_rs_2022_10_docx_2bd96cf0_52ee_4a40_ae6a_7b8ded.txt,ANEEL-REN-876,cita,
ons/ons_subm_dulo_7_1_rs_2022_10_docx_2bd96cf0_52ee_4a40_ae6a_7b8ded.txt,ANEEL-REN-905,cita,
ons/ons_subm_dulo_7_1_rs_2022_10_docx_2bd96cf0_52ee_4a40_ae6a_7b8ded.txt,ONS-SUBMODULO-7.1,cita,
ons/ons_subm_dulo_7_1_rs_2022_10_docx_2bd96cf0_52ee_4a40_ae6a_7b8ded.txt,ANEEL-REN-875,cita,
ons/ons_subm_dulo_7_1_rs_2022_10_docx_2bd96cf0_52ee_4a40_ae6a_7b8ded.txt,DECRETO-5597,cita,
ons/ons_subm_dulo_7_1_rs_2024_06.txt,ANEEL-REN-1000,cita,
ons/ons_subm_dulo_7_1_rs_2024_06.txt,ONS-SUBMODULO-2.10,cita,
ons/ons_subm_dulo_7_1_rs_2024_06.txt,ONS-SUBMODULO-7.2,cita,
ons/ons_subm_dulo_7_1_rs_2024_06.txt,ANEEL-REN-954,cita,
ons/ons_subm_dulo_7_1_rs_2024_06.txt,ANEEL-REN-876,cita,
ons/ons_subm_dulo_7_1_rs_2024_06.txt,ANEEL-REN-905,cita,
ons/ons_subm_dulo_7_1_rs_2024_06.txt,ONS-SUBMODULO-7.1,cita,
ons/ons_subm_dulo_7_1_rs_2024_06.txt,ANEEL-REN-875,cita,
ons/ons_subm_dulo_7_1_rs_2024_06.txt,DECRETO-5597,cita,
ons/ons_subm_dulo_7_1_rs_2026_04.txt,ANEEL-REN-1000,cita,
ons/ons_subm_dulo_7_1_rs_2026_04.txt,ONS-SUBMODULO-2.10,cita,
ons/ons_subm_dulo_7_1_rs_2026_04.txt,ONS-SUBMODULO-7.2,cita,
ons/ons_subm_dulo_7_1_rs_2026_04.txt,ANEEL-REN-954,cita,
ons/ons_subm_dulo_7_1_rs_2026_04.txt,ANEEL-REN-876,cita,
ons/ons_subm_dulo_7_1_rs_2026_04.txt,ANEEL-REN-905,cita,
ons/ons_subm_dulo_7_1_rs_2026_04.txt,ONS-SUBMODULO-7.1,cita,
ons/ons_subm_dulo_7_1_rs_2026_04.txt,ANEEL-REN-875,cita,
ons/ons_subm_dulo_7_1_rs_2026_04.txt,DECRETO-5597,cita,
ons/ons_subm_dulo_7_2_pr_2020_12.txt,ONS-SUBMODULO-7.2,cita,
ons/ons_subm_dulo_7_2_pr_2020_12.txt,ONS-SUBMODULO-7.1,cita,
ons/ons_subm_dulo_7_2_pr_2020_12.txt,ANEEL-REN-903,cita,
ons/ons_subm_dulo_7_2_pr_2020_12.txt,ONS-SUBMODULO-4.5,cita,
ons/ons_subm_dulo_7_2_pr_2022_10_docx_99cfec1a_9617_467a_9d52_426b6f.txt,ONS-SUBMODULO-7.2,cita,
ons/ons_subm_dulo_7_2_pr_2022_10_docx_99cfec1a_9617_467a_9d52_426b6f.txt,ONS-SUBMODULO-7.1,cita,
ons/ons_subm_dulo_7_2_pr_2022_10_docx_99cfec1a_9617_467a_9d52_426b6f.txt,ONS-SUBMODULO-4.5,cita,
ons/ons_subm_dulo_7_2_rs_2020_12.txt,ONS-SUBMODULO-7.2,cita,
ons/ons_subm_dulo_7_2_rs_2020_12.txt,ANEEL-REN-903,cita,
ons/ons_subm_dulo_7_2_rs_2023_12.txt,ONS-SUBMODULO-7.2,cita,
ons/ons_subm_dulo_7_3_pr_2020_12.txt,ONS-SUBMODULO-7.3,cita,
ons/ons_subm_dulo_7_3_pr_2020_12.txt,ANEEL-REN-903,cita,
ons/ons_subm_dulo_7_3_pr_2020_12.txt,ONS-SUBMODULO-2.6,cita,
ons/ons_subm_dulo_7_3_pr_2022_10.txt,ONS-SUBMODULO-7.3,cita,
ons/ons_subm_dulo_7_3_pr_2022_10.txt,ANEEL-DESPACHO-2941,cita,
ons/ons_subm_dulo_7_3_pr_2022_10.txt,ONS-SUBMODULO-2.6,cita,
ons/ons_subm_dulo_7_3_pr_2024_04.txt,ONS-SUBMODULO-7.3,cita,
ons/ons_subm_dulo_7_3_pr_2024_04.txt,ONS-SUBMODULO-7.4,cita,
ons/ons_subm_dulo_7_3_pr_2024_04.txt,ONS-SUBMODULO-2.6,cita,
ons/ons_subm_dulo_7_3_rs_2020_12.txt,ONS-SUBMODULO-7.3,cita,
ons/ons_subm_dulo_7_3_rs_2020_12.txt,ANEEL-REN-903,cita,
ons/ons_subm_dulo_7_3_rs_2024_04.txt,ONS-SUBMODULO-7.3,cita,
ons/ons_subm_dulo_7_4_op_2020_12.txt,ONS-SUBMODULO-7.2,cita,
ons/ons_subm_dulo_7_4_op_2020_12.txt,ONS-SUBMODULO-7.5,cita,
ons/ons_subm_dulo_7_4_op_2020_12.txt,ONS-SUBMODULO-6.13,cita,
ons/ons_subm_dulo_7_4_op_2020_12.txt,ONS-SUBMODULO-7.4,cita,
ons/ons_subm_dulo_7_4_op_2020_12.txt,ONS-SUBMODULO-3.10,cita,
ons/ons_subm_dulo_7_4_op_2020_12.txt,ONS-SUBMODULO-2.3,cita,
ons/ons_subm_dulo_7_4_op_2020_12.txt,ONS-SUBMODULO-3.12,cita,
ons/ons_subm_dulo_7_4_op_2020_12.txt,ANEEL-REN-903,cita,
ons/ons_subm_dulo_7_4_op_2020_12.txt,ONS-SUBMODULO-7.6,cita,
ons/ons_subm_dulo_7_4_op_2020_12.txt,ONS-SUBMODULO-3.9,cita,
ons/ons_subm_dulo_7_4_op_2021_06.txt,ONS-SUBMODULO-7.2,cita,
ons/ons_subm_dulo_7_4_op_2021_06.txt,ONS-SUBMODULO-7.5,cita,
ons/ons_subm_dulo_7_4_op_2021_06.txt,ONS-SUBMODULO-6.13,cita,
ons/ons_subm_dulo_7_4_op_2021_06.txt,ONS-SUBMODULO-7.4,cita,
ons/ons_subm_dulo_7_4_op_2021_06.txt,ONS-SUBMODULO-2.3,cita,
ons/ons_subm_dulo_7_4_op_2021_06.txt,ONS-SUBMODULO-3.12,cita,
ons/ons_subm_dulo_7_4_op_2021_06.txt,ONS-SUBMODULO-3.10,cita,
ons/ons_subm_dulo_7_4_op_2021_06.txt,ONS-SUBMODULO-7.6,cita,
ons/ons_subm_dulo_7_4_op_2021_06.txt,ONS-SUBMODULO-3.9,cita,
ons/ons_subm_dulo_7_4_op_2024_04.txt,ONS-SUBMODULO-7.2,cita,
ons/ons_subm_dulo_7_4_op_2024_04.txt,ONS-SUBMODULO-7.5,cita,
ons/ons_subm_dulo_7_4_op_2024_04.txt,ONS-SUBMODULO-7.3,cita,
ons/ons_subm_dulo_7_4_op_2024_04.txt,ONS-SUBMODULO-6.13,cita,
ons/ons_subm_dulo_7_4_op_2024_04.txt,ONS-SUBMODULO-7.4,cita,
ons/ons_subm_dulo_7_4_op_2024_04.txt,ONS-SUBMODULO-2.3,cita,
ons/ons_subm_dulo_7_4_op_2024_04.txt,ONS-SUBMODULO-3.12,cita,
ons/ons_subm_dulo_7_4_op_2024_04.txt,ONS-SUBMODULO-3.10,cita,
ons/ons_subm_dulo_7_4_op_2024_04.txt,ONS-SUBMODULO-7.6,cita,
ons/ons_subm_dulo_7_4_op_2024_04.txt,ONS-SUBMODULO-3.9,cita,
ons/ons_subm_dulo_7_4_op_2024_04_retificado.txt,ONS-SUBMODULO-7.2,cita,
ons/ons_subm_dulo_7_4_op_2024_04_retificado.txt,ONS-SUBMODULO-7.5,cita,
ons/ons_subm_dulo_7_4_op_2024_04_retificado.txt,ONS-SUBMODULO-7.3,cita,
ons/ons_subm_dulo_7_4_op_2024_04_retificado.txt,ONS-SUBMODULO-6.13,cita,
ons/ons_subm_dulo_7_4_op_2024_04_retificado.txt,ONS-SUBMODULO-7.4,cita,
ons/ons_subm_dulo_7_4_op_2024_04_retificado.txt,ONS-SUBMODULO-2.3,cita,
ons/ons_subm_dulo_7_4_op_2024_04_retificado.txt,ONS-SUBMODULO-3.12,cita,
ons/ons_subm_dulo_7_4_op_2024_04_retificado.txt,ONS-SUBMODULO-3.10,cita,
ons/ons_subm_dulo_7_4_op_2024_04_retificado.txt,ONS-SUBMODULO-7.13,cita,
ons/ons_subm_dulo_7_4_op_2024_04_retificado.txt,ONS-SUBMODULO-7.6,cita,
ons/ons_subm_dulo_7_4_op_2024_04_retificado.txt,ONS-SUBMODULO-3.9,cita,
ons/ons_subm_dulo_7_4_rs_2020_12.txt,ONS-SUBMODULO-7.2,cita,
ons/ons_subm_dulo_7_4_rs_2020_12.txt,ONS-SUBMODULO-7.4,cita,
ons/ons_subm_dulo_7_4_rs_2020_12.txt,ANEEL-REN-903,cita,
ons/ons_subm_dulo_7_4_rs_2021_06.txt,ONS-SUBMODULO-7.2,cita,
ons/ons_subm_dulo_7_4_rs_2021_06.txt,ONS-SUBMODULO-7.4,cita,
ons/ons_subm_dulo_7_4_rs_2024_04.txt,ONS-SUBMODULO-7.3,cita,
ons/ons_subm_dulo_7_4_rs_2024_04.txt,ONS-SUBMODULO-7.4,cita,
ons/ons_subm_dulo_7_4_rs_2024_04.txt,ONS-SUBMODULO-7.2,cita,
ons/ons_subm_dulo_7_4_rs_2024_04_retificado.txt,ONS-SUBMODULO-7.3,cita,
ons/ons_subm_dulo_7_4_rs_2024_04_retificado.txt,ONS-SUBMODULO-7.4,cita,
ons/ons_subm_dulo_7_4_rs_2024_04_retificado.txt,ONS-SUBMODULO-7.2,cita,
ons/ons_subm_dulo_7_4_rs_2024_04_retificado.txt,ONS-SUBMODULO-7.13,cita,
ons/ons_subm_dulo_7_4_rs_2024_04_retificado_2.txt,ONS-SUBMODULO-7.3,cita,
ons/ons_subm_dulo_7_4_rs_2024_04_retificado_2.txt,ONS-SUBMODULO-7.4,cita,
ons/ons_subm_dulo_7_4_rs_2024_04_retificado_2.txt,ONS-SUBMODULO-7.2,cita,
ons/ons_subm_dulo_7_4_rs_2024_04_retificado_2.txt,ONS-SUBMODULO-7.13,cita,
ons/ons_subm_dulo_7_5_op_2020_12.txt,ONS-SUBMODULO-7.5,cita,
ons/ons_subm_dulo_7_5_op_2020_12.txt,ANEEL-REN-903,cita,
ons/ons_subm_dulo_7_5_rs_2020_12.txt,ONS-SUBMODULO-7.5,cita,
ons/ons_subm_dulo_7_5_rs_2020_12.txt,ANEEL-REN-903,cita,
ons/ons_subm_dulo_7_6_op_2020_12.txt,ONS-SUBMODULO-7.4,cita,
ons/ons_subm_dulo_7_6_op_2020_12.txt,ANEEL-REN-903,cita,
ons/ons_subm_dulo_7_6_op_2020_12.txt,ONS-SUBMODULO-7.6,cita,
ons/ons_subm_dulo_7_6_op_2020_12.txt,ONS-SUBMODULO-6.3,cita,
ons/ons_subm_dulo_7_6_op_2021_06.txt,ONS-SUBMODULO-7.4,cita,
ons/ons_subm_dulo_7_6_op_2021_06.txt,ONS-SUBMODULO-7.6,cita,
ons/ons_subm_dulo_7_6_op_2021_06.txt,ONS-SUBMODULO-6.3,cita,
ons/ons_subm_dulo_7_6_op_2026_04.txt,ONS-SUBMODULO-7.4,cita,
ons/ons_subm_dulo_7_6_op_2026_04.txt,ONS-SUBMODULO-7.6,cita,
ons/ons_subm_dulo_7_6_rs_2020_12.txt,ONS-SUBMODULO-3.1,cita,
ons/ons_subm_dulo_7_6_rs_2020_12.txt,ONS-SUBMODULO-7.4,cita,
ons/ons_subm_dulo_7_6_rs_2020_12.txt,ONS-SUBMODULO-6.3,cita,
ons/ons_subm_dulo_7_6_rs_2020_12.txt,ONS-SUBMODULO-7.1,cita,
ons/ons_subm_dulo_7_6_rs_2020_12.txt,ANEEL-REN-903,cita,
ons/ons_subm_dulo_7_6_rs_2020_12.txt,ONS-SUBMODULO-7.6,cita,
ons/ons_subm_dulo_7_6_rs_2021_06.txt,ONS-SUBMODULO-3.1,cita,
ons/ons_subm_dulo_7_6_rs_2021_06.txt,ONS-SUBMODULO-7.4,cita,
ons/ons_subm_dulo_7_6_rs_2021_06.txt,ONS-SUBMODULO-6.3,cita,
ons/ons_subm_dulo_7_6_rs_2021_06.txt,ONS-SUBMODULO-7.1,cita,
ons/ons_subm_dulo_7_6_rs_2021_06.txt,ONS-SUBMODULO-7.6,cita,
ons/ons_subm_dulo_7_6_rs_2026_04.txt,ONS-SUBMODULO-7.4,cita,
ons/ons_subm_dulo_7_6_rs_2026_04.txt,ONS-SUBMODULO-7.6,cita,
ons/ons_subm_dulo_7_7_pr_2020_12.txt,ONS-SUBMODULO-2.12,cita,
ons/ons_subm_dulo_7_7_pr_2020_12.txt,ONS-SUBMODULO-3.8,cita,
ons/ons_subm_dulo_7_7_pr_2020_12.txt,ONS-SUBMODULO-7.7,cita,
ons/ons_subm_dulo_7_7_pr_2020_12.txt,ANEEL-REN-903,cita,
ons/ons_subm_dulo_7_7_pr_2020_12.txt,ONS-SUBMODULO-7.13,cita,
ons/ons_subm_dulo_7_7_pr_2020_12.txt,ONS-SUBMODULO-3.3,cita,
ons/ons_subm_dulo_7_7_rs_2020_12.txt,ANEEL-REN-903,cita,
ons/ons_subm_dulo_7_7_rs_2020_12.txt,ONS-SUBMODULO-7.7,cita,
ons/ons_subm_dulo_7_8_op_2020_12.txt,ONS-SUBMODULO-2.9,cita,
ons/ons_subm_dulo_7_8_op_2020_12.txt,ONS-SUBMODULO-2.3,cita,
ons/ons_subm_dulo_7_8_op_2020_12.txt,ONS-SUBMODULO-7.8,cita,
ons/ons_subm_dulo_7_8_op_2020_12.txt,ONS-SUBMODULO-7.1,cita,
ons/ons_subm_dulo_7_8_op_2020_12.txt,ANEEL-REN-903,cita,
ons/ons_subm_dulo_7_8_op_2022_10.txt,ONS-SUBMODULO-7.8,cita,
ons/ons_subm_dulo_7_8_op_2022_10.txt,ONS-SUBMODULO-7.1,cita,
ons/ons_subm_dulo_7_8_op_2022_10.txt,ONS-SUBMODULO-2.3,cita,
ons/ons_subm_dulo_7_8_op_2022_10.txt,ONS-SUBMODULO-2.9,cita,
ons/ons_subm_dulo_7_8_op_2026_04.txt,ONS-SUBMODULO-2.9,cita,
ons/ons_subm_dulo_7_8_op_2026_04.txt,ONS-SUBMODULO-2.3,cita,
ons/ons_subm_dulo_7_8_op_2026_04.txt,ONS-SUBMODULO-7.14,cita,
ons/ons_subm_dulo_7_8_op_2026_04.txt,ONS-SUBMODULO-7.8,cita,
ons/ons_subm_dulo_7_8_op_2026_04.txt,ONS-SUBMODULO-7.1,cita,
ons/ons_subm_dulo_7_8_op_2026_04.txt,ONS-SUBMODULO-7.15,cita,
ons/ons_subm_dulo_7_8_op_2026_04.txt,ONS-SUBMODULO-7.13,cita,
ons/ons_subm_dulo_7_8_rs_2020_12.txt,ONS-SUBMODULO-7.8,cita,
ons/ons_subm_dulo_7_8_rs_2020_12.txt,ANEEL-REN-903,cita,
ons/ons_subm_dulo_7_8_rs_2020_12.txt,ONS-SUBMODULO-2.9,cita,
ons/ons_subm_dulo_7_8_rs_2026_04.txt,ONS-SUBMODULO-7.8,cita,
ons/ons_subm_dulo_7_8_rs_2026_04.txt,ONS-SUBMODULO-2.9,cita,
ons/ons_subm_dulo_7_9_op_2020_12.txt,ONS-SUBMODULO-2.12,cita,
ons/ons_subm_dulo_7_9_op_2020_12.txt,ANEEL-REN-443,cita,
ons/ons_subm_dulo_7_9_op_2020_12.txt,ONS-SUBMODULO-7.9,cita,
ons/ons_subm_dulo_7_9_op_2020_12.txt,ONS-SUBMODULO-5.13,cita,
ons/ons_subm_dulo_7_9_op_2020_12.txt,ONS-SUBMODULO-2.1,cita,
ons/ons_subm_dulo_7_9_op_2020_12.txt,ANEEL-REN-697,cita,
ons/ons_subm_dulo_7_9_op_2020_12.txt,ANEEL-REN-903,cita,
ons/ons_subm_dulo_7_9_op_2020_12.txt,ONS-SUBMODULO-2.13,cita,
ons/ons_subm_dulo_7_9_rs_2020_12.txt,ONS-SUBMODULO-2.12,cita,
ons/ons_subm_dulo_7_9_rs_2020_12.txt,ONS-SUBMODULO-7.9,cita,
ons/ons_subm_dulo_7_9_rs_2020_12.txt,ONS-SUBMODULO-2.1,cita,
ons/ons_subm_dulo_7_9_rs_2020_12.txt,ONS-SUBMODULO-7.15,cita,
ons/ons_subm_dulo_7_9_rs_2020_12.txt,ONS-SUBMODULO-7.14,cita,
ons/ons_subm_dulo_7_9_rs_2020_12.txt,ANEEL-REN-903,cita,
ons/ons_subm_dulo_7_9_rs_2020_12.txt,ONS-SUBMODULO-7.13,cita,
ons/ons_subm_dulo_8_1_pr_2020_12.txt,ONS-SUBMODULO-6.8,cita,
ons/ons_subm_dulo_8_1_pr_2020_12.txt,ONS-SUBMODULO-3.5,cita,
ons/ons_subm_dulo_8_1_pr_2020_12.txt,ONS-SUBMODULO-6.5,cita,
ons/ons_subm_dulo_8_1_pr_2020_12.txt,ONS-SUBMODULO-8.3,cita,
ons/ons_subm_dulo_8_1_pr_2020_12.txt,ONS-SUBMODULO-7.11,cita,
ons/ons_subm_dulo_8_1_pr_2020_12.txt,ONS-SUBMODULO-8.2,cita,
ons/ons_subm_dulo_8_1_pr_2020_12.txt,ONS-SUBMODULO-6.6,cita,
ons/ons_subm_dulo_8_1_pr_2020_12.txt,ANEEL-REN-666,cita,
ons/ons_subm_dulo_8_1_pr_2020_12.txt,ANEEL-REN-697,cita,
ons/ons_subm_dulo_8_1_pr_2020_12.txt,ONS-SUBMODULO-3.1,cita,
ons/ons_subm_dulo_8_1_pr_2020_12.txt,ONS-SUBMODULO-8.1,cita,
ons/ons_subm_dulo_8_1_pr_2020_12.txt,ANEEL-REN-841,cita,
ons/ons_subm_dulo_8_1_pr_2020_12.txt,ONS-SUBMODULO-3.10,cita,
ons/ons_subm_dulo_8_1_pr_2020_12.txt,ONS-SUBMODULO-2.3,cita,
ons/ons_subm_dulo_8_1_pr_2020_12.txt,ONS-SUBMODULO-7.10,cita,
ons/ons_subm_dulo_8_1_pr_2020_12.txt,ONS-SUBMODULO-7.1,cita,
ons/ons_subm_dulo_8_1_pr_2020_12.txt,ONS-SUBMODULO-2.10,cita,
ons/ons_subm_dulo_8_1_pr_2020_12.txt,ONS-SUBMODULO-4.5,cita,
ons/ons_subm_dulo_8_1_pr_2020_12.txt,ONS-SUBMODULO-7.12,cita,
ons/ons_subm_dulo_8_1_pr_2020_12.txt,ANEEL-REN-191,cita,
ons/ons_subm_dulo_8_1_pr_2020_12.txt,ANEEL-REN-903,cita,
ons/ons_subm_dulo_8_1_pr_2021_08_docx_d26333fc_5680_4b7a_878f_3507b8.txt,ONS-SUBMODULO-6.8,cita,
ons/ons_subm_dulo_8_1_pr_2021_08_docx_d26333fc_5680_4b7a_878f_3507b8.txt,ONS-SUBMODULO-3.5,cita,
ons/ons_subm_dulo_8_1_pr_2021_08_docx_d26333fc_5680_4b7a_878f_3507b8.txt,ONS-SUBMODULO-6.5,cita,
ons/ons_subm_dulo_8_1_pr_2021_08_docx_d26333fc_5680_4b7a_878f_3507b8.txt,ONS-SUBMODULO-8.3,cita,
ons/ons_subm_dulo_8_1_pr_2021_08_docx_d26333fc_5680_4b7a_878f_3507b8.txt,ONS-SUBMODULO-7.11,cita,
ons/ons_subm_dulo_8_1_pr_2021_08_docx_d26333fc_5680_4b7a_878f_3507b8.txt,ONS-SUBMODULO-8.2,cita,
ons/ons_subm_dulo_8_1_pr_2021_08_docx_d26333fc_5680_4b7a_878f_3507b8.txt,ONS-SUBMODULO-6.6,cita,
ons/ons_subm_dulo_8_1_pr_2021_08_docx_d26333fc_5680_4b7a_878f_3507b8.txt,ANEEL-REN-666,cita,
ons/ons_subm_dulo_8_1_pr_2021_08_docx_d26333fc_5680_4b7a_878f_3507b8.txt,ANEEL-REN-697,cita,
ons/ons_subm_dulo_8_1_pr_2021_08_docx_d26333fc_5680_4b7a_878f_3507b8.txt,ONS-SUBMODULO-3.1,cita,
ons/ons_subm_dulo_8_1_pr_2021_08_docx_d26333fc_5680_4b7a_878f_3507b8.txt,ONS-SUBMODULO-8.1,cita,
ons/ons_subm_dulo_8_1_pr_2021_08_docx_d26333fc_5680_4b7a_878f_3507b8.txt,ANEEL-REN-841,cita,
ons/ons_subm_dulo_8_1_pr_2021_08_docx_d26333fc_5680_4b7a_878f_3507b8.txt,ONS-SUBMODULO-2.3,cita,
ons/ons_subm_dulo_8_1_pr_2021_08_docx_d26333fc_5680_4b7a_878f_3507b8.txt,ONS-SUBMODULO-7.10,cita,
ons/ons_subm_dulo_8_1_pr_2021_08_docx_d26333fc_5680_4b7a_878f_3507b8.txt,ONS-SUBMODULO-7.1,cita,
ons/ons_subm_dulo_8_1_pr_2021_08_docx_d26333fc_5680_4b7a_878f_3507b8.txt,ONS-SUBMODULO-2.10,cita,
ons/ons_subm_dulo_8_1_pr_2021_08_docx_d26333fc_5680_4b7a_878f_3507b8.txt,ONS-SUBMODULO-4.5,cita,
ons/ons_subm_dulo_8_1_pr_2021_08_docx_d26333fc_5680_4b7a_878f_3507b8.txt,ONS-SUBMODULO-7.12,cita,
ons/ons_subm_dulo_8_1_pr_2021_08_docx_d26333fc_5680_4b7a_878f_3507b8.txt,ANEEL-REN-191,cita,
ons/ons_subm_dulo_8_1_pr_2021_08_docx_d26333fc_5680_4b7a_878f_3507b8.txt,ONS-SUBMODULO-3.10,cita,
ons/ons_subm_dulo_8_1_pr_2022_10.txt,ONS-SUBMODULO-6.8,cita,
ons/ons_subm_dulo_8_1_pr_2022_10.txt,ONS-SUBMODULO-3.5,cita,
ons/ons_subm_dulo_8_1_pr_2022_10.txt,ONS-SUBMODULO-6.5,cita,
ons/ons_subm_dulo_8_1_pr_2022_10.txt,ONS-SUBMODULO-8.3,cita,
ons/ons_subm_dulo_8_1_pr_2022_10.txt,ONS-SUBMODULO-7.11,cita,
ons/ons_subm_dulo_8_1_pr_2022_10.txt,ONS-SUBMODULO-8.2,cita,
ons/ons_subm_dulo_8_1_pr_2022_10.txt,ANEEL-REN-954,cita,
ons/ons_subm_dulo_8_1_pr_2022_10.txt,ONS-SUBMODULO-6.6,cita,
ons/ons_subm_dulo_8_1_pr_2022_10.txt,ONS-SUBMODULO-3.1,cita,
ons/ons_subm_dulo_8_1_pr_2022_10.txt,ONS-SUBMODULO-8.1,cita,
ons/ons_subm_dulo_8_1_pr_2022_10.txt,ONS-SUBMODULO-2.3,cita,
ons/ons_subm_dulo_8_1_pr_2022_10.txt,ONS-SUBMODULO-7.10,cita,
ons/ons_subm_dulo_8_1_pr_2022_10.txt,ONS-SUBMODULO-7.1,cita,
ons/ons_subm_dulo_8_1_pr_2022_10.txt,ONS-SUBMODULO-2.10,cita,
ons/ons_subm_dulo_8_1_pr_2022_10.txt,ONS-SUBMODULO-4.5,cita,
ons/ons_subm_dulo_8_1_pr_2022_10.txt,ANEEL-REN-1030,cita,
ons/ons_subm_dulo_8_1_pr_2022_10.txt,ONS-SUBMODULO-7.12,cita,
ons/ons_subm_dulo_8_1_pr_2022_10.txt,ANEEL-REN-905,cita,
ons/ons_subm_dulo_8_1_pr_2022_10.txt,ONS-SUBMODULO-3.10,cita,
ons/ons_subm_dulo_8_1_pr_2024_06.txt,ONS-SUBMODULO-6.8,cita,
ons/ons_subm_dulo_8_1_pr_2024_06.txt,ONS-SUBMODULO-3.5,cita,
ons/ons_subm_dulo_8_1_pr_2024_06.txt,ONS-SUBMODULO-6.5,cita,
ons/ons_subm_dulo_8_1_pr_2024_06.txt,ONS-SUBMODULO-8.3,cita,
ons/ons_subm_dulo_8_1_pr_2024_06.txt,ONS-SUBMODULO-7.11,cita,
ons/ons_subm_dulo_8_1_pr_2024_06.txt,ONS-SUBMODULO-8.2,cita,
ons/ons_subm_dulo_8_1_pr_2024_06.txt,ANEEL-REN-954,cita,
ons/ons_subm_dulo_8_1_pr_2024_06.txt,ONS-SUBMODULO-6.6,cita,
ons/ons_subm_dulo_8_1_pr_2024_06.txt,ANEEL-DESPACHO-3245,cita,
ons/ons_subm_dulo_8_1_pr_2024_06.txt,ONS-SUBMODULO-3.1,cita,
ons/ons_subm_dulo_8_1_pr_2024_06.txt,ONS-SUBMODULO-8.1,cita,
ons/ons_subm_dulo_8_1_pr_2024_06.txt,ONS-SUBMODULO-2.3,cita,
ons/ons_subm_dulo_8_1_pr_2024_06.txt,ONS-SUBMODULO-7.10,cita,
ons/ons_subm_dulo_8_1_pr_2024_06.txt,ONS-SUBMODULO-7.1,cita,
ons/ons_subm_dulo_8_1_pr_2024_06.txt,ONS-SUBMODULO-2.10,cita,
ons/ons_subm_dulo_8_1_pr_2024_06.txt,ONS-SUBMODULO-4.5,cita,
ons/ons_subm_dulo_8_1_pr_2024_06.txt,ANEEL-REN-1030,cita,
ons/ons_subm_dulo_8_1_pr_2024_06.txt,ONS-SUBMODULO-7.12,cita,
ons/ons_subm_dulo_8_1_pr_2024_06.txt,ANEEL-REN-905,cita,
ons/ons_subm_dulo_8_1_pr_2024_06.txt,ONS-SUBMODULO-3.10,cita,
ons/ons_subm_dulo_8_1_pr_2025_02.txt,ONS-SUBMODULO-6.8,cita,
ons/ons_subm_dulo_8_1_pr_2025_02.txt,ONS-SUBMODULO-3.5,cita,
ons/ons_subm_dulo_8_1_pr_2025_02.txt,ONS-SUBMODULO-6.5,cita,
ons/ons_subm_dulo_8_1_pr_2025_02.txt,ONS-SUBMODULO-8.3,cita,
ons/ons_subm_dulo_8_1_pr_2025_02.txt,ONS-SUBMODULO-7.11,cita,
ons/ons_subm_dulo_8_1_pr_2025_02.txt,ONS-SUBMODULO-8.2,cita,
ons/ons_subm_dulo_8_1_pr_2025_02.txt,ANEEL-REN-954,cita,
ons/ons_subm_dulo_8_1_pr_2025_02.txt,ANEEL-DESPACHO-3245,cita,
ons/ons_subm_dulo_8_1_pr_2025_02.txt,ONS-SUBMODULO-3.1,cita,
ons/ons_subm_dulo_8_1_pr_2025_02.txt,ONS-SUBMODULO-8.1,cita,
ons/ons_subm_dulo_8_1_pr_2025_02.txt,ONS-SUBMODULO-2.3,cita,
ons/ons_subm_dulo_8_1_pr_2025_02.txt,ONS-SUBMODULO-7.10,cita,
ons/ons_subm_dulo_8_1_pr_2025_02.txt,ONS-SUBMODULO-7.1,cita,
ons/ons_subm_dulo_8_1_pr_2025_02.txt,ONS-SUBMODULO-2.10,cita,
ons/ons_subm_dulo_8_1_pr_2025_02.txt,ONS-SUBMODULO-4.5,cita,
ons/ons_subm_dulo_8_1_pr_2025_02.txt,ANEEL-REN-1030,cita,
ons/ons_subm_dulo_8_1_pr_2025_02.txt,ONS-SUBMODULO-7.12,cita,
ons/ons_subm_dulo_8_1_pr_2025_02.txt,ANEEL-REN-905,cita,
ons/ons_subm_dulo_8_1_pr_2025_02.txt,ONS-SUBMODULO-3.10,cita,
ons/ons_subm_dulo_8_1_pr_2025_06.txt,ONS-SUBMODULO-6.8,cita,
ons/ons_subm_dulo_8_1_pr_2025_06.txt,ONS-SUBMODULO-3.5,cita,
ons/ons_subm_dulo_8_1_pr_2025_06.txt,ONS-SUBMODULO-6.5,cita,
ons/ons_subm_dulo_8_1_pr_2025_06.txt,ONS-SUBMODULO-8.3,cita,
ons/ons_subm_dulo_8_1_pr_2025_06.txt,ONS-SUBMODULO-7.11,cita,
ons/ons_subm_dulo_8_1_pr_2025_06.txt,ONS-SUBMODULO-8.2,cita,
ons/ons_subm_dulo_8_1_pr_2025_06.txt,ANEEL-REN-954,cita,
ons/ons_subm_dulo_8_1_pr_2025_06.txt,ANEEL-DESPACHO-3245,cita,
ons/ons_subm_dulo_8_1_pr_2025_06.txt,ONS-SUBMODULO-3.1,cita,
ons/ons_subm_dulo_8_1_pr_2025_06.txt,ONS-SUBMODULO-8.1,cita,
ons/ons_subm_dulo_8_1_pr_2025_06.txt,ONS-SUBMODULO-2.3,cita,
ons/ons_subm_dulo_8_1_pr_2025_06.txt,ONS-SUBMODULO-7.10,cita,
ons/ons_subm_dulo_8_1_pr_2025_06.txt,ONS-SUBMODULO-7.1,cita,
ons/ons_subm_dulo_8_1_pr_2025_06.txt,ONS-SUBMODULO-2.10,cita,
ons/ons_subm_dulo_8_1_pr_2025_06.txt,ONS-SUBMODULO-4.5,cita,
ons/ons_subm_dulo_8_1_pr_2025_06.txt,ANEEL-REN-1030,cita,
ons/ons_subm_dulo_8_1_pr_2025_06.txt,ONS-SUBMODULO-7.12,cita,
ons/ons_subm_dulo_8_1_pr_2025_06.txt,ANEEL-REN-905,cita,
ons/ons_subm_dulo_8_1_pr_2025_06.txt,ONS-SUBMODULO-3.10,cita,
ons/ons_subm_dulo_8_1_rs_2020_12.txt,ONS-SUBMODULO-7.1,cita,
ons/ons_subm_dulo_8_1_rs_2020_12.txt,ONS-SUBMODULO-8.1,cita,
ons/ons_subm_dulo_8_1_rs_2020_12.txt,ANEEL-REN-666,cita,
ons/ons_subm_dulo_8_1_rs_2020_12.txt,ANEEL-REN-722,cita,
ons/ons_subm_dulo_8_1_rs_2020_12.txt,ANEEL-REN-697,cita,
ons/ons_subm_dulo_8_1_rs_2020_12.txt,ANEEL-REN-903,cita,
ons/ons_subm_dulo_8_1_rs_2024_06.txt,ONS-SUBMODULO-8.1,cita,
ons/ons_subm_dulo_8_1_rs_2024_06.txt,ANEEL-REN-954,cita,
ons/ons_subm_dulo_8_1_rs_2024_06.txt,ANEEL-REN-1030,cita,
ons/ons_subm_dulo_8_1_rs_2024_06.txt,ANEEL-REN-905,cita,
ons/ons_subm_dulo_8_1_rs_2024_06.txt,ANEEL-DESPACHO-3245,cita,
ons/ons_subm_dulo_8_1_rs_2024_06.txt,ONS-SUBMODULO-7.1,cita,
ons/ons_subm_dulo_8_1_rs_2025_02.txt,ONS-SUBMODULO-8.1,cita,
ons/ons_subm_dulo_8_1_rs_2025_02.txt,ANEEL-REN-954,cita,
ons/ons_subm_dulo_8_1_rs_2025_02.txt,ANEEL-REN-1030,cita,
ons/ons_subm_dulo_8_1_rs_2025_02.txt,ANEEL-REN-905,cita,
ons/ons_subm_dulo_8_1_rs_2025_02.txt,ANEEL-DESPACHO-3245,cita,
ons/ons_subm_dulo_8_1_rs_2025_02.txt,ONS-SUBMODULO-7.1,cita,
ons/ons_subm_dulo_8_2_op_2020_12.txt,ANEEL-REN-67,cita,
ons/ons_subm_dulo_8_2_op_2020_12.txt,ANEEL-REN-351,cita,
ons/ons_subm_dulo_8_2_op_2020_12.txt,ONS-SUBMODULO-8.2,cita,
ons/ons_subm_dulo_8_2_op_2020_12.txt,ANEEL-REN-349,cita,
ons/ons_subm_dulo_8_2_op_2020_12.txt,ANEEL-REN-559,cita,
ons/ons_subm_dulo_8_2_op_2020_12.txt,ANEEL-REN-903,cita,
ons/ons_subm_dulo_8_2_op_2021_08_docx_622d2207_0167_4b3a_8033_bb1c74.txt,ANEEL-REN-67,cita,
ons/ons_subm_dulo_8_2_op_2021_08_docx_622d2207_0167_4b3a_8033_bb1c74.txt,ANEEL-REN-351,cita,
ons/ons_subm_dulo_8_2_op_2021_08_docx_622d2207_0167_4b3a_8033_bb1c74.txt,ONS-SUBMODULO-8.2,cita,
ons/ons_subm_dulo_8_2_op_2021_08_docx_622d2207_0167_4b3a_8033_bb1c74.txt,ANEEL-REN-349,cita,
ons/ons_subm_dulo_8_2_op_2021_08_docx_622d2207_0167_4b3a_8033_bb1c74.txt,ANEEL-REN-559,cita,
ons/ons_subm_dulo_8_2_op_2022_10.txt,ANEEL-REN-351,cita,
ons/ons_subm_dulo_8_2_op_2022_10.txt,ONS-SUBMODULO-8.2,cita,
ons/ons_subm_dulo_8_2_op_2022_10.txt,ANEEL-REN-349,cita,
ons/ons_subm_dulo_8_2_op_2022_10.txt,ANEEL-REN-559,cita,
ons/ons_subm_dulo_8_2_op_2022_10.txt,ANEEL-REN-905,cita,
ons/ons_subm_dulo_8_2_rs_2020_12.txt,ONS-SUBMODULO-8.2,cita,
ons/ons_subm_dulo_8_2_rs_2020_12.txt,ONS-SUBMODULO-3.1,cita,
ons/ons_subm_dulo_8_2_rs_2020_12.txt,ANEEL-REN-903,cita,
ons/ons_subm_dulo_8_2_rs_2021_08_docx_46d766a3_02eb_4b89_8efd_4152a9.txt,ONS-SUBMODULO-8.2,cita,
ons/ons_subm_dulo_8_2_rs_2021_08_docx_46d766a3_02eb_4b89_8efd_4152a9.txt,ONS-SUBMODULO-3.1,cita,
ons/ons_subm_dulo_8_3_pr_2020_12.txt,ANEEL-REN-442,cita,
ons/ons_subm_dulo_8_3_pr_2020_12.txt,LEI-9427,cita,
ons/ons_subm_dulo_8_3_pr_2020_12.txt,ONS-SUBMODULO-8.1,cita,
ons/ons_subm_dulo_8_3_pr_2020_12.txt,ONS-SUBMODULO-4.1,cita,
ons/ons_subm_dulo_8_3_pr_2020_12.txt,ONS-SUBMODULO-6.7,cita,
ons/ons_subm_dulo_8_3_pr_2020_12.txt,ONS-SUBMODULO-6.8,cita,
ons/ons_subm_dulo_8_3_pr_2020_12.txt,ANEEL-REN-841,cita,
ons/ons_subm_dulo_8_3_pr_2020_12.txt,ONS-SUBMODULO-7.15,cita,
ons/ons_subm_dulo_8_3_pr_2020_12.txt,ONS-SUBMODULO-3.4,cita,
ons/ons_subm_dulo_8_3_pr_2020_12.txt,ANEEL-REN-666,cita,
ons/ons_subm_dulo_8_3_pr_2020_12.txt,ANEEL-REN-729,cita,
ons/ons_subm_dulo_8_3_pr_2020_12.txt,ONS-SUBMODULO-4.3,cita,
ons/ons_subm_dulo_8_3_pr_2020_12.txt,ANEEL-REN-349,cita,
ons/ons_subm_dulo_8_3_pr_2020_12.txt,ANEEL-REN-853,cita,
ons/ons_subm_dulo_8_3_pr_2020_12.txt,ONS-SUBMODULO-8.3,cita,
ons/ons_subm_dulo_8_3_pr_2020_12.txt,ONS-SUBMODULO-3.2,cita,
ons/ons_subm_dulo_8_3_pr_2020_12.txt,ANEEL-REN-903,cita,
ons/ons_subm_dulo_8_3_pr_2024_06.txt,LEI-9427,cita,
ons/ons_subm_dulo_8_3_pr_2024_06.txt,ONS-SUBMODULO-8.1,cita,
ons/ons_subm_dulo_8_3_pr_2024_06.txt,ONS-SUBMODULO-4.1,cita,
ons/ons_subm_dulo_8_3_pr_2024_06.txt,ANEEL-REN-954,cita,
ons/ons_subm_dulo_8_3_pr_2024_06.txt,ONS-SUBMODULO-6.8,cita,
ons/ons_subm_dulo_8_3_pr_2024_06.txt,ONS-SUBMODULO-6.7,cita,
ons/ons_subm_dulo_8_3_pr_2024_06.txt,ONS-SUBMODULO-4.3,cita,
ons/ons_subm_dulo_8_3_pr_2024_06.txt,ONS-SUBMODULO-3.4,cita,
ons/ons_subm_dulo_8_3_pr_2024_06.txt,ANEEL-REN-349,cita,
ons/ons_subm_dulo_8_3_pr_2024_06.txt,ONS-SUBMODULO-3.2,cita,
ons/ons_subm_dulo_8_3_pr_2024_06.txt,ONS-SUBMODULO-8.3,cita,
ons/ons_subm_dulo_8_3_pr_2024_06.txt,ANEEL-REN-905,cita,
ons/ons_subm_dulo_8_3_pr_2024_06.txt,ONS-SUBMODULO-7.15,cita,
ons/ons_subm_dulo_8_3_pr_2025_06.txt,ANEEL-REN-1107,cita,
ons/ons_subm_dulo_8_3_pr_2025_06.txt,LEI-9427,cita,
ons/ons_subm_dulo_8_3_pr_2025_06.txt,ONS-SUBMODULO-8.1,cita,
ons/ons_subm_dulo_8_3_pr_2025_06.txt,ONS-SUBMODULO-4.1,cita,
ons/ons_subm_dulo_8_3_pr_2025_06.txt,ANEEL-REN-954,cita,
ons/ons_subm_dulo_8_3_pr_2025_06.txt,ONS-SUBMODULO-6.8,cita,
ons/ons_subm_dulo_8_3_pr_2025_06.txt,ONS-SUBMODULO-1.3,cita,
ons/ons_subm_dulo_8_3_pr_2025_06.txt,ONS-SUBMODULO-6.7,cita,
ons/ons_subm_dulo_8_3_pr_2025_06.txt,ONS-SUBMODULO-3.4,cita,
ons/ons_subm_dulo_8_3_pr_2025_06.txt,ONS-SUBMODULO-4.3,cita,
ons/ons_subm_dulo_8_3_pr_2025_06.txt,ANEEL-REN-349,cita,
ons/ons_subm_dulo_8_3_pr_2025_06.txt,ANEEL-REN-1017,cita,
ons/ons_subm_dulo_8_3_pr_2025_06.txt,ONS-SUBMODULO-3.2,cita,
ons/ons_subm_dulo_8_3_pr_2025_06.txt,ONS-SUBMODULO-8.3,cita,
ons/ons_subm_dulo_8_3_pr_2025_06.txt,ANEEL-REN-905,cita,
ons/ons_subm_dulo_8_3_pr_2025_06.txt,ONS-SUBMODULO-7.15,cita,
ons/ons_subm_dulo_8_3_rs_2020_12.txt,ANEEL-REN-729,cita,
ons/ons_subm_dulo_8_3_rs_2020_12.txt,ANEEL-REN-666,cita,
ons/ons_subm_dulo_8_3_rs_2020_12.txt,ANEEL-REN-853,cita,
ons/ons_subm_dulo_8_3_rs_2020_12.txt,ONS-SUBMODULO-8.3,cita,
ons/ons_subm_dulo_8_3_rs_2020_12.txt,ANEEL-REN-903,cita,
ons/ons_subm_dulo_8_3_rs_2024_06.txt,ANEEL-REN-729,cita,
ons/ons_subm_dulo_8_3_rs_2024_06.txt,ANEEL-REN-853,cita,
ons/ons_subm_dulo_8_3_rs_2024_06.txt,ONS-SUBMODULO-8.3,cita,
ons/ons_subm_dulo_8_3_rs_2024_06.txt,ANEEL-REN-666,cita,
ons/ons_subm_dulo_8_3_rs_2025_06.txt,ANEEL-REN-729,cita,
ons/ons_subm_dulo_8_3_rs_2025_06.txt,ANEEL-REN-666,cita,
ons/ons_subm_dulo_8_3_rs_2025_06.txt,ANEEL-REN-853,cita,
ons/ons_subm_dulo_8_3_rs_2025_06.txt,ANEEL-REN-1017,cita,
ons/ons_subm_dulo_8_3_rs_2025_06.txt,ONS-SUBMODULO-8.3,cita,
ons/ons_subm_dulo_9_1_in_2020_12.txt,ONS-SUBMODULO-9.1,cita,
ons/ons_subm_dulo_9_1_in_2020_12.txt,ANEEL-REN-903,cita,
ons/ons_subm_dulo_9_1_in_2020_12.txt,ONS-SUBMODULO-5.13,cita,
ons/ons_subm_dulo_9_1_in_2020_12.txt,ONS-SUBMODULO-6.1,cita,
ons/ons_subm_dulo_9_1_in_2026_04.txt,ONS-SUBMODULO-9.1,cita,
ons/ons_subm_dulo_9_1_in_2026_04.txt,ONS-SUBMODULO-5.13,cita,
ons/ons_subm_dulo_9_1_in_2026_04.txt,ONS-SUBMODULO-6.1,cita,
ons/ons_subm_dulo_9_2_in_2020_12.txt,ONS-SUBMODULO-9.2,cita,
ons/ons_subm_dulo_9_2_in_2020_12.txt,ONS-SUBMODULO-6.12,cita,
ons/ons_subm_dulo_9_2_in_2020_12.txt,ANEEL-REN-614,cita,
ons/ons_subm_dulo_9_2_in_2020_12.txt,ONS-SUBMODULO-3.4,cita,
ons/ons_subm_dulo_9_2_in_2020_12.txt,ONS-SUBMODULO-6.5,cita,
ons/ons_subm_dulo_9_2_in_2020_12.txt,ONS-SUBMODULO-6.9,cita,
ons/ons_subm_dulo_9_2_in_2020_12.txt,ANEEL-REN-903,cita,
ons/ons_subm_dulo_9_2_in_2020_12.txt,ONS-SUBMODULO-3.3,cita,
ons/ons_subm_dulo_9_3_in_2020_12.txt,ONS-SUBMODULO-6.12,cita,
ons/ons_subm_dulo_9_3_in_2020_12.txt,ONS-SUBMODULO-5.13,cita,
ons/ons_subm_dulo_9_3_in_2020_12.txt,ONS-SUBMODULO-6.14,cita,
ons/ons_subm_dulo_9_3_in_2020_12.txt,ANEEL-REN-903,cita,
ons/ons_subm_dulo_9_3_in_2020_12.txt,ONS-SUBMODULO-9.3,cita,
ons/ons_subm_dulo_9_4_in_2020_12.txt,ONS-SUBMODULO-4.2,cita,
ons/ons_subm_dulo_9_4_in_2020_12.txt,ONS-SUBMODULO-4.4,cita,
ons/ons_subm_dulo_9_4_in_2020_12.txt,ONS-SUBMODULO-9.4,cita,
ons/ons_subm_dulo_9_4_in_2020_12.txt,ONS-SUBMODULO-6.9,cita,
ons/ons_subm_dulo_9_4_in_2020_12.txt,ANEEL-REN-903,cita,
ons/ons_subm_dulo_9_5_in_2020_12.txt,ANEEL-REN-903,cita,
ons/ons_subm_dulo_9_5_in_2020_12.txt,ONS-SUBMODULO-9.5,cita,
ons/ons_subm_dulo_9_5_in_2020_12.txt,ONS-SUBMODULO-6.2,cita,
ons/ons_subm_dulo_9_5_in_2021_06.txt,ONS-SUBMODULO-9.5,cita,
ons/ons_subm_dulo_9_5_in_2021_06.txt,ONS-SUBMODULO-6.2,cita,
ons/ons_subm_dulo_9_6_in_2020_12.txt,ONS-SUBMODULO-2.12,cita,
ons/ons_subm_dulo_9_6_in_2020_12.txt,ONS-SUBMODULO-6.11,cita,
ons/ons_subm_dulo_9_6_in_2020_12.txt,ONS-SUBMODULO-6.10,cita,
ons/ons_subm_dulo_9_6_in_2020_12.txt,ONS-SUBMODULO-2.15,cita,
ons/ons_subm_dulo_9_6_in_2020_12.txt,ONS-SUBMODULO-2.1,cita,
ons/ons_subm_dulo_9_6_in_2020_12.txt,ANEEL-REN-903,cita,
ons/ons_subm_dulo_9_6_in_2020_12.txt,ONS-SUBMODULO-9.6,cita,
ons/ons_subm_dulo_9_6_in_2025_02.txt,ONS-SUBMODULO-2.12,cita,
ons/ons_subm_dulo_9_6_in_2025_02.txt,ONS-SUBMODULO-6.11,cita,
ons/ons_subm_dulo_9_6_in_2025_02.txt,ONS-SUBMODULO-6.10,cita,
ons/ons_subm_dulo_9_6_in_2025_02.txt,ONS-SUBMODULO-2.15,cita,
ons/ons_subm_dulo_9_6_in_2025_02.txt,ONS-SUBMODULO-2.1,cita,
ons/ons_subm_dulo_9_6_in_2025_02.txt,ONS-SUBMODULO-9.6,cita,
ons/ons_subm_dulo_9_6_in_2026_04.txt,ONS-SUBMODULO-2.12,cita,
ons/ons_subm_dulo_9_6_in_2026_04.txt,ONS-SUBMODULO-6.10,cita,
ons/ons_subm_dulo_9_6_in_2026_04.txt,ONS-SUBMODULO-9.6,cita,
ons/ons_subm_dulo_9_6_in_2026_04.txt,ONS-SUBMODULO-6.11,cita,
ons/ons_subm_dulo_9_7_in_2020_12.txt,ONS-SUBMODULO-6.15,cita,
ons/ons_subm_dulo_9_7_in_2020_12.txt,ANEEL-REN-903,cita,
ons/ons_subm_dulo_9_7_in_2020_12.txt,ONS-SUBMODULO-9.7,cita,
ons/ons_subm_dulo_9_7_in_2026_04.txt,ONS-SUBMODULO-6.15,cita,
ons/ons_subm_dulo_9_7_in_2026_04.txt,ONS-SUBMODULO-9.7,cita,
