id,fonte,tipo,titulo,data
dou/dou_23558120_despacho_sdl_anp_n_173_de_30_de_janeiro_de_2026.txt,DOU,documento,"DESPACHO SDL-ANP Nº 173, DE 30 DE JANEIRO DE 2026",02/02/2026
dou/dou_23558121_despacho_sdl_anp_n_174_de_30_de_janeiro_de_2026.txt,DOU,documento,"DESPACHO SDL-ANP Nº 174, DE 30 DE JANEIRO DE 2026",02/02/2026
dou/dou_23558122_despacho_sdl_anp_n_175_de_30_de_janeiro_de_2026.txt,DOU,documento,"DESPACHO SDL-ANP Nº 175, DE 30 DE JANEIRO DE 2026",02/02/2026
dou/dou_23558371_portaria_sntep_mme_n_3045_de_30_de_janeiro_de_2026.txt,DOU,documento,"PORTARIA SNTEP/MME nº 3045, DE 30 DE JANEIRO DE 2026",02/02/2026
dou/dou_23558482_despacho.txt,DOU,documento,Despacho,02/02/2026
dou/dou_23558484_despacho.txt,DOU,documento,Despacho,02/02/2026
dou/dou_23558501_despacho.txt,DOU,documento,Despacho,02/02/2026
dou/dou_23558502_despacho.txt,DOU,documento,Despacho,02/02/2026
dou/dou_23558503_despacho.txt,DOU,documento,Despacho,02/02/2026
dou/dou_23558504_despacho.txt,DOU,documento,Despacho,02/02/2026
dou/dou_23558505_despacho.txt,DOU,documento,Despacho,02/02/2026
dou/dou_23558511_despacho.txt,DOU,documento,Despacho,02/02/2026
dou/dou_23558512_despacho.txt,DOU,documento,Despacho,02/02/2026
dou/dou_23558513_despacho.txt,DOU,documento,Despacho,02/02/2026
dou/dou_23559264_despacho.txt,DOU,documento,Despacho,02/02/2026
dou/dou_23559265_despacho.txt,DOU,documento,Despacho,02/02/2026
dou/dou_23559266_despacho.txt,DOU,documento,Despacho,02/02/2026
dou/dou_23559267_despacho.txt,DOU,documento,Despacho,02/02/2026
dou/dou_23559308_despacho.txt,DOU,documento,Despacho,02/02/2026
dou/dou_23559309_despacho.txt,DOU,documento,Despacho,02/02/2026
dou/dou_23559310_despacho.txt,DOU,documento,Despacho,02/02/2026
dou/dou_23559311_despacho.txt,DOU,documento,Despacho,02/02/2026
dou/dou_23559312_despacho.txt,DOU,documento,Despacho,02/02/2026
dou/dou_23559313_despacho.txt,DOU,documento,Despacho,02/02/2026
dou/dou_23559314_despacho.txt,DOU,documento,Despacho,02/02/2026
dou/dou_23559315_despacho.txt,DOU,documento,Despacho,02/02/2026
dou/dou_23559316_despacho.txt,DOU,documento,Despacho,02/02/2026
dou/dou_23559558_resolu_o_normativa_aneel_n_1_150_de_27_de_janeiro_.txt,DOU,documento,"RESOLUÇÃO NORMATIVA ANEEL Nº 1.150, DE 27 DE JANEIRO DE 2026",02/02/2026
dou/dou_23560137_retifica_o.txt,DOU,documento,RETIFICAÇÃO,02/02/2026
dou/dou_23560224_portaria_anm_n_1_951_de_29_de_janeiro_de_2026.txt,DOU,documento,"PORTARIA ANM Nº 1.951, DE 29 DE JANEIRO DE 2026",02/02/2026
dou/dou_23560404_despacho_sso_anp_n_176_de_30_de_janeiro_de_2026.txt,DOU,documento,"DESPACHO SSO-ANP Nº 176, DE 30 DE JANEIRO DE 2026",02/02/2026
dou/dou_23560598_retifica_o.txt,DOU,documento,RETIFICAÇÃO,02/02/2026
dou/dou_23560754_despacho.txt,DOU,documento,Despacho,02/02/2026
dou/dou_23560755_despacho.txt,DOU,documento,Despacho,02/02/2026
dou/dou_23560756_despacho.txt,DOU,documento,Despacho,02/02/2026
dou/dou_23560757_despacho.txt,DOU,documento,Despacho,02/02/2026
dou/dou_23560758_despacho.txt,DOU,documento,Despacho,02/02/2026
dou/dou_23560759_despacho.txt,DOU,documento,Despacho,02/02/2026
dou/dou_23560760_despacho.txt,DOU,documento,Despacho,02/02/2026
dou/dou_23560761_despacho.txt,DOU,documento,Despacho,02/02/2026
dou/dou_23560762_despacho.txt,DOU,documento,Despacho,02/02/2026
dou/dou_23560763_despacho.txt,DOU,documento,Despacho,02/02/2026
dou/dou_23560764_despacho.txt,DOU,documento,Despacho,02/02/2026
dou/dou_23560765_despacho.txt,DOU,documento,Despacho,02/02/2026
dou/dou_23560766_despacho.txt,DOU,documento,Despacho,02/02/2026
dou/dou_23560960_despacho.txt,DOU,documento,Despacho,02/02/2026
dou/dou_23560961_despacho.txt,DOU,documento,Despacho,02/02/2026
dou/dou_23560989_despacho.txt,DOU,documento,Despacho,02/02/2026
dou/dou_23560995_despacho.txt,DOU,documento,Despacho,02/02/2026
dou/dou_23560997_despacho.txt,DOU,documento,Despacho,02/02/2026
dou/dou_23560998_despacho.txt,DOU,documento,Despacho,02/02/2026
dou/dou_23561328_autoriza_o_sdl_anp_n_73_de_30_de_janeiro_de_2026.txt,DOU,documento,"AUTORIZAÇÃO SDL-ANP Nº 73, DE 30 DE JANEIRO DE 2026",02/02/2026
dou/dou_23561329_autoriza_o_sdl_anp_n_74_de_30_de_janeiro_de_2026.txt,DOU,documento,"AUTORIZAÇÃO SDL-ANP Nº 74, DE 30 DE JANEIRO DE 2026",02/02/2026
dou/dou_23561330_despacho_stm_anp_n_179_de_30_de_janeiro_de_2026.txt,DOU,documento,"DESPACHO STM-ANP Nº 179, DE 30 DE JANEIRO DE 2026",02/02/2026
dou/dou_23561445_despacho_n_238_de_28_de_janeiro_de_2026.txt,DOU,documento,"DESPACHO Nº 238, DE 28 DE JANEIRO DE 2026",02/02/2026
dou/dou_23561446_despacho_n_271_de_30_de_janeiro_de_2026.txt,DOU,documento,"DESPACHO Nº 271, DE 30 DE JANEIRO DE 2026",02/02/2026
dou/dou_23561447_despacho_n_272_de_30_de_janeiro_de_2026.txt,DOU,documento,"DESPACHO Nº 272, DE 30 DE JANEIRO DE 2026",02/02/2026
dou/dou_23561488_despacho_n_292_de_30_de_janeiro_de_2026.txt,DOU,documento,"DESPACHO Nº 292, DE 30 DE JANEIRO DE 2026",02/02/2026
dou/dou_23561489_despacho_n_169_de_22_de_janeiro_de_2026.txt,DOU,documento,"DESPACHO Nº 169, DE 22 DE JANEIRO DE 2026",02/02/2026
dou/dou_23561490_despacho_n_208_de_27_de_janeiro_de_2026.txt,DOU,documento,"DESPACHO Nº 208, DE 27 DE JANEIRO DE 2026",02/02/2026
dou/dou_23561492_despacho_n_247_de_28_de_janeiro_de_2026.txt,DOU,documento,"DESPACHO Nº 247, DE 28 DE JANEIRO DE 2026",02/02/2026
dou/dou_23561493_despacho_n_277_de_29_de_janeiro_de_2026.txt,DOU,documento,"DESPACHO Nº 277, DE 29 DE JANEIRO DE 2026",02/02/2026
dou/dou_23561494_despacho_n_289_de_30_de_janeiro_de_2026.txt,DOU,documento,"DESPACHO Nº 289, DE 30 DE JANEIRO DE 2026",02/02/2026
dou/dou_23561495_despacho_n_263_de_30_de_janeiro_de_2026.txt,DOU,documento,"DESPACHO Nº 263, DE 30 DE JANEIRO DE 2026",02/02/2026
dou/dou_23561496_despacho_n_264_de_30_de_janeiro_de_2026.txt,DOU,documento,"DESPACHO Nº 264, DE 30 DE JANEIRO DE 2026",02/02/2026
dou/dou_23561497_despacho_n_265_de_30_de_janeiro_de_2026.txt,DOU,documento,"DESPACHO Nº 265, DE 30 DE JANEIRO DE 2026",02/02/2026
dou/dou_23561498_despacho_n_266_de_30_de_janeiro_de_2026.txt,DOU,documento,"DESPACHO Nº 266, DE 30 DE JANEIRO DE 2026",02/02/2026
dou/dou_23561499_despacho_n_267_de_30_de_janeiro_de_2026.txt,DOU,documento,"DESPACHO Nº 267, DE 30 DE JANEIRO DE 2026",02/02/2026
dou/dou_23561500_despacho_n_268_de_30_de_janeiro_de_2026.txt,DOU,documento,"DESPACHO Nº 268, DE 30 DE JANEIRO DE 2026",02/02/2026
dou/dou_23561502_despacho_n_269_de_30_de_janeiro_de_2026.txt,DOU,documento,"DESPACHO Nº 269, DE 30 DE JANEIRO DE 2026",02/02/2026
dou/dou_23561503_despacho_n_270_de_30_de_janeiro_de_2026.txt,DOU,documento,"DESPACHO Nº 270, DE 30 DE JANEIRO DE 2026",02/02/2026
dou/dou_23561705_despacho_n_295_de_30_de_janeiro_de_2026.txt,DOU,documento,"DESPACHO Nº 295, DE 30 DE JANEIRO DE 2026",02/02/2026
dou/dou_23562747_despacho_stm_anp_n_181_de_2_de_fevereiro_de_2026.txt,DOU,documento,"DESPACHO STM ANP Nº 181, DE 2 DE FEVEREIRO DE 2026",03/02/2026
dou/dou_23562809_despacho_stm_anp_n_180_de_2_de_fevereiro_de_2026.txt,DOU,documento,"DESPACHO STM ANP Nº 180, DE 2 DE FEVEREIRO DE 2026",03/02/2026
dou/dou_23562810_despacho_stm_anp_n_182_de_2_de_fevereiro_de_2026.txt,DOU,documento,"DESPACHO STM ANP Nº 182, DE 2 DE FEVEREIRO DE 2026",03/02/2026
dou/dou_23562811_despacho_stm_anp_n_183_de_2_de_fevereiro_de_2026.txt,DOU,documento,"DESPACHO STM ANP Nº 183, DE 2 DE FEVEREIRO DE 2026",03/02/2026
dou/dou_23562812_despacho_stm_anp_n_184_de_2_de_fevereiro_de_2026.txt,DOU,documento,"DESPACHO STM ANP Nº 184, DE 2 DE FEVEREIRO DE 2026",03/02/2026
dou/dou_23562813_despacho_sdl_anp_n_185_de_2_de_fevereiro_de_2026.txt,DOU,documento,"DESPACHO SDL-ANP Nº 185, DE 2 DE FEVEREIRO DE 2026",03/02/2026
dou/dou_23562814_despacho_sdl_anp_n_186_de_2_de_fevereiro_de_2026.txt,DOU,documento,"DESPACHO SDL-ANP Nº 186, DE 2 DE FEVEREIRO DE 2026",03/02/2026
dou/dou_23562815_despacho_sdl_anp_n_187_de_2_de_fevereiro_de_2026.txt,DOU,documento,"DESPACHO SDL-ANP Nº 187, DE 2 DE FEVEREIRO DE 2026",03/02/2026
dou/dou_23562816_despacho_sdl_anp_n_188_de_2_de_fevereiro_de_2026.txt,DOU,documento,"DESPACHO SDL-ANP Nº 188, DE 2 DE FEVEREIRO DE 2026",03/02/2026
dou/dou_23562874_retifica_o.txt,DOU,documento,RETIFICAÇÃO,03/02/2026
dou/dou_23562875_retifica_o.txt,DOU,documento,RETIFICAÇÃO,03/02/2026
dou/dou_23562950_despacho.txt,DOU,documento,Despacho,03/02/2026
dou/dou_23563326_despacho.txt,DOU,documento,Despacho,03/02/2026
dou/dou_23563327_despacho.txt,DOU,documento,Despacho,03/02/2026
dou/dou_23563354_despacho.txt,DOU,documento,Despacho,03/02/2026
dou/dou_23563356_despacho.txt,DOU,documento,Despacho,03/02/2026
dou/dou_23563358_despacho.txt,DOU,documento,Despacho,03/02/2026
dou/dou_23563365_despacho.txt,DOU,documento,Despacho,03/02/2026
dou/dou_23563366_despacho.txt,DOU,documento,Despacho,03/02/2026
dou/dou_23563367_despacho.txt,DOU,documento,Despacho,03/02/2026
dou/dou_23563369_despacho.txt,DOU,documento,Despacho,03/02/2026
dou/dou_23563370_despacho.txt,DOU,documento,Despacho,03/02/2026
dou/dou_23563371_despacho.txt,DOU,documento,Despacho,03/02/2026
dou/dou_23563372_despacho.txt,DOU,documento,Despacho,03/02/2026
dou/dou_23563373_despacho.txt,DOU,documento,Despacho,03/02/2026
dou/dou_23563374_despacho.txt,DOU,documento,Despacho,03/02/2026
dou/dou_23563375_despacho.txt,DOU,documento,Despacho,03/02/2026
dou/dou_23563376_despacho.txt,DOU,documento,Despacho,03/02/2026
dou/dou_23563377_despacho.txt,DOU,documento,Despacho,03/02/2026
dou/dou_23563380_despacho.txt,DOU,documento,Despacho,03/02/2026
dou/dou_23563381_despacho.txt,DOU,documento,Despacho,03/02/2026
dou/dou_23563382_despacho.txt,DOU,documento,Despacho,03/02/2026
dou/dou_23563383_despacho.txt,DOU,documento,Despacho,03/02/2026
dou/dou_23563384_despacho.txt,DOU,documento,Despacho,03/02/2026
dou/dou_23563388_despacho.txt,DOU,documento,Despacho,03/02/2026
dou/dou_23563389_despacho.txt,DOU,documento,Despacho,03/02/2026
dou/dou_23563390_despacho.txt,DOU,documento,Despacho,03/02/2026
dou/dou_23563391_despacho.txt,DOU,documento,Despacho,03/02/2026
dou/dou_23563392_despacho.txt,DOU,documento,Despacho,03/02/2026
dou/dou_23563393_despacho.txt,DOU,documento,Despacho,03/02/2026
dou/dou_23563401_despacho.txt,DOU,documento,Despacho,03/02/2026
dou/dou_23563402_despacho.txt,DOU,documento,Despacho,03/02/2026
dou/dou_23563403_despacho.txt,DOU,documento,Despacho,03/02/2026
dou/dou_23563404_despacho.txt,DOU,documento,Despacho,03/02/2026
dou/dou_23563405_despacho.txt,DOU,documento,Despacho,03/02/2026
dou/dou_23563407_despacho.txt,DOU,documento,Despacho,03/02/2026
dou/dou_23563408_despacho.txt,DOU,documento,Despacho,03/02/2026
dou/dou_23563409_despacho.txt,DOU,documento,Despacho,03/02/2026
dou/dou_23563410_despacho.txt,DOU,documento,Despacho,03/02/2026
dou/dou_23563411_despacho.txt,DOU,documento,Despacho,03/02/2026
dou/dou_23563412_despacho.txt,DOU,documento,Despacho,03/02/2026
dou/dou_23563413_despacho.txt,DOU,documento,Despacho,03/02/2026
dou/dou_23563428_despacho.txt,DOU,documento,Despacho,03/02/2026
dou/dou_23563429_despacho.txt,DOU,documento,Despacho,03/02/2026
dou/dou_23565364_despacho_n_205_de_27_de_janeiro_de_2026.txt,DOU,documento,"DESPACHO Nº 205, DE 27 DE JANEIRO DE 2026",03/02/2026
dou/dou_23565365_despacho_n_232_de_27_de_janeiro_de_2026.txt,DOU,documento,"DESPACHO Nº 232, DE 27 DE JANEIRO DE 2026",03/02/2026
dou/dou_23565366_despacho_n_288_de_30_de_janeiro_de_2026.txt,DOU,documento,"DESPACHO Nº 288, DE 30 DE JANEIRO DE 2026",03/02/2026
dou/dou_23565773_despacho_n_251_de_28_de_janeiro_de_2026.txt,DOU,documento,"DESPACHO Nº 251, DE 28 DE JANEIRO DE 2026",03/02/2026
dou/dou_23565774_despacho_n_279_de_28_de_janeiro_de_2026.txt,DOU,documento,"DESPACHO Nº 279, DE 28 DE JANEIRO DE 2026",03/02/2026
dou/dou_23566145_despacho_n_301_de_2_de_fevereiro_de_2026.txt,DOU,documento,"DESPACHO Nº 301, DE 2 DE FEVEREIRO DE 2026",03/02/2026
dou/dou_23566146_despacho_n_253_de_30_de_janeiro_de_2026.txt,DOU,documento,"DESPACHO Nº 253, DE 30 DE JANEIRO DE 2026",03/02/2026
dou/dou_23566147_despacho_n_260_de_29_de_janeiro_de_2026.txt,DOU,documento,"DESPACHO Nº 260, DE 29 DE JANEIRO DE 2026",03/02/2026
dou/dou_23566170_despacho.txt,DOU,documento,Despacho,03/02/2026
dou/dou_23566208_despacho_n_281_de_30_de_janeiro_de_2026.txt,DOU,documento,"DESPACHO Nº 281, DE 30 DE JANEIRO DE 2026",03/02/2026
dou/dou_23566945_alvar_n_862_de_2_de_fevereiro_de_2026.txt,DOU,documento,"Alvará nº 862, de 2 de FEVEREIRO de 2026",04/02/2026
dou/dou_23566946_alvar_n_863_de_2_de_fevereiro_de_2026.txt,DOU,documento,"Alvará nº 863, de 2 de FEVEREIRO de 2026",04/02/2026
dou/dou_23566947_alvar_n_864_de_2_de_fevereiro_de_2026.txt,DOU,documento,"Alvará nº 864, de 2 de FEVEREIRO de 2026",04/02/2026
dou/dou_23566954_alvar_n_866_de_2_de_fevereiro_de_2026.txt,DOU,documento,"Alvará nº 866, de 2 de FEVEREIRO de 2026",04/02/2026
dou/dou_23566988_alvar_n_865_de_2_de_fevereiro_de_2026.txt,DOU,documento,"Alvará nº 865, de 2 de FEVEREIRO de 2026",04/02/2026
dou/dou_23568027_despacho_stm_anp_n_189_de_3_de_fevereiro_de_2026.txt,DOU,documento,"DESPACHO STM ANP Nº 189, DE 3 DE FEVEREIRO DE 2026",04/02/2026
dou/dou_23568068_despacho_stm_anp_n_190_de_3_de_fevereiro_de_2026.txt,DOU,documento,"DESPACHO STM ANP Nº 190, DE 3 DE FEVEREIRO DE 2026",04/02/2026
dou/dou_23568069_despacho_stm_anp_n_191_de_3_de_fevereiro_de_2026.txt,DOU,documento,"DESPACHO STM ANP Nº 191, DE 3 DE FEVEREIRO DE 2026",04/02/2026
dou/dou_23568070_despacho_stm_anp_n_192_de_3_de_fevereiro_de_2026.txt,DOU,documento,"DESPACHO STM ANP Nº 192, DE 3 DE FEVEREIRO DE 2026",04/02/2026
dou/dou_23568071_despacho_stm_anp_n_193_de_3_de_fevereiro_de_2026.txt,DOU,documento,"DESPACHO STM ANP Nº 193, DE 3 DE FEVEREIRO DE 2026",04/02/2026
dou/dou_23568364_despacho.txt,DOU,documento,Despacho,04/02/2026
dou/dou_23568365_despacho.txt,DOU,documento,Despacho,04/02/2026
dou/dou_23568366_despacho.txt,DOU,documento,Despacho,04/02/2026
dou/dou_23568367_despacho.txt,DOU,documento,Despacho,04/02/2026
dou/dou_23568418_despacho.txt,DOU,documento,Despacho,04/02/2026
dou/dou_23568419_despacho.txt,DOU,documento,Despacho,04/02/2026
dou/dou_23568420_despacho.txt,DOU,documento,Despacho,04/02/2026
dou/dou_23568421_despacho.txt,DOU,documento,Despacho,04/02/2026
dou/dou_23568422_despacho.txt,DOU,documento,Despacho,04/02/2026
dou/dou_23568438_despacho.txt,DOU,documento,Despacho,04/02/2026
dou/dou_23568439_despacho.txt,DOU,documento,Despacho,04/02/2026
dou/dou_23568440_despacho.txt,DOU,documento,Despacho,04/02/2026
dou/dou_23568441_despacho.txt,DOU,documento,Despacho,04/02/2026
dou/dou_23568878_despacho_sdl_anp_n_195_de_3_de_fevereiro_de_2026.txt,DOU,documento,"DESPACHO SDL-ANP Nº 195, DE 3 DE FEVEREIRO DE 2026",04/02/2026
dou/dou_23568879_despacho_sdl_anp_n_196_de_3_de_fevereiro_de_2026.txt,DOU,documento,"DESPACHO SDL-ANP Nº 196, DE 3 DE FEVEREIRO DE 2026",04/02/2026
dou/dou_23570026_despacho_sep_anp_n_197_de_3_de_fevereiro_de_2026.txt,DOU,documento,"DESPACHO SEP-ANP Nº 197, DE 3 DE FEVEREIRO DE 2026",04/02/2026
dou/dou_23570405_despacho_n_294_de_30_de_janeiro_de_2026.txt,DOU,documento,"DESPACHO Nº 294, DE 30 DE JANEIRO DE 2026",04/02/2026
dou/dou_23570406_despacho_n_297_de_30_de_janeiro_de_2026.txt,DOU,documento,"DESPACHO Nº 297, DE 30 DE JANEIRO DE 2026",04/02/2026
dou/dou_23570418_despacho_decis_rio_n_4_2026_sntep.txt,DOU,documento,DESPACHO DECISÓRIO Nº 4/2026/SNTEP,04/02/2026
dou/dou_23570419_portaria_sntep_mme_n_3_046_de_2_de_fevereiro_de_20.txt,DOU,documento,"PORTARIA SNTEP/MME Nº 3.046, DE 2 DE FEVEREIRO DE 2026",04/02/2026
dou/dou_23570420_portaria_sntep_mme_n_3_047_de_3_de_fevereiro_de_20.txt,DOU,documento,"PORTARIA SNTEP/MME nº 3.047, DE 3 DE FEVEREIRO DE 2026",04/02/2026
dou/dou_23570770_portaria_n_7_051_de_2_de_fevereiro_de_2026.txt,DOU,documento,"PORTARIA Nº 7.051, DE 2 DE FEVEREIRO DE 2026",04/02/2026
dou/dou_23570771_despacho_n_318_de_2_de_fevereiro_de_2026.txt,DOU,documento,"DESPACHO Nº 318, DE 2 DE FEVEREIRO DE 2026",04/02/2026
dou/dou_23570772_despacho_n_319_de_2_de_fevereiro_de_2026.txt,DOU,documento,"DESPACHO Nº 319, DE 2 DE FEVEREIRO DE 2026",04/02/2026
dou/dou_23570773_despacho_n_333_de_3_de_fevereiro_de_2026.txt,DOU,documento,"DESPACHO Nº 333, DE 3 DE FEVEREIRO DE 2026",04/02/2026
dou/dou_23570774_despacho_n_335_de_3_de_fevereiro_de_2026.txt,DOU,documento,"DESPACHO Nº 335, DE 3 DE FEVEREIRO DE 2026",04/02/2026
dou/dou_23570775_despacho_n_336_de_3_de_fevereiro_de_2026.txt,DOU,documento,"DESPACHO Nº 336, DE 3 DE FEVEREIRO DE 2026",04/02/2026
dou/dou_23570776_despacho_n_3_378_de_14_de_novembro_de_2025.txt,DOU,documento,"DESPACHO Nº 3.378, DE 14 DE NOVEMBRO DE 2025",04/02/2026
dou/dou_23570777_despacho_n_3_889_de_23_de_dezembro_de_2025.txt,DOU,documento,"DESPACHO Nº 3.889, DE 23 DE DEZEMBRO DE 2025",04/02/2026
dou/dou_23570778_despacho_n_3_891_de_23_de_dezembro_de_2025.txt,DOU,documento,"DESPACHO Nº 3.891, DE 23 DE DEZEMBRO DE 2025",04/02/2026
dou/dou_23570779_despacho_n_170_de_26_de_janeiro_de_2026.txt,DOU,documento,"DESPACHO Nº 170, DE 26 DE JANEIRO DE 2026",04/02/2026
dou/dou_23570780_despacho_n_188_de_23_de_janeiro_de_2026.txt,DOU,documento,"DESPACHO Nº 188, DE 23 DE JANEIRO DE 2026",04/02/2026
dou/dou_23570781_despacho_n_258_de_29_de_janeiro_de_2026.txt,DOU,documento,"DESPACHO Nº 258, DE 29 DE JANEIRO DE 2026",04/02/2026
dou/dou_23570782_despacho_n_293_de_30_de_janeiro_de_2026.txt,DOU,documento,"DESPACHO Nº 293, DE 30 DE JANEIRO DE 2026",04/02/2026
dou/dou_23570783_despacho_n_296_de_30_de_janeiro_de_2026.txt,DOU,documento,"DESPACHO Nº 296, DE 30 DE JANEIRO DE 2026",04/02/2026
dou/dou_23571326_despacho.txt,DOU,documento,Despacho,05/02/2026
dou/dou_23571327_despacho.txt,DOU,documento,Despacho,05/02/2026
dou/dou_23571342_despacho.txt,DOU,documento,Despacho,05/02/2026
dou/dou_23571343_despacho.txt,DOU,documento,Despacho,05/02/2026
dou/dou_23571363_despacho.txt,DOU,documento,Despacho,05/02/2026
dou/dou_23571364_despacho.txt,DOU,documento,Despacho,05/02/2026
dou/dou_23571365_despacho.txt,DOU,documento,Despacho,05/02/2026
dou/dou_23571366_despacho.txt,DOU,documento,Despacho,05/02/2026
dou/dou_23571367_despacho.txt,DOU,documento,Despacho,05/02/2026
dou/dou_23571368_despacho.txt,DOU,documento,Despacho,05/02/2026
dou/dou_23571369_despacho.txt,DOU,documento,Despacho,05/02/2026
dou/dou_23571388_despacho.txt,DOU,documento,Despacho,05/02/2026
dou/dou_23571389_despacho.txt,DOU,documento,Despacho,05/02/2026
dou/dou_23572160_despacho.txt,DOU,documento,Despacho,05/02/2026
dou/dou_23572161_despacho.txt,DOU,documento,Despacho,05/02/2026
dou/dou_23572162_despacho.txt,DOU,documento,Despacho,05/02/2026
dou/dou_23572163_despacho.txt,DOU,documento,Despacho,05/02/2026
dou/dou_23572164_despacho.txt,DOU,documento,Despacho,05/02/2026
dou/dou_23572165_despacho.txt,DOU,documento,Despacho,05/02/2026
dou/dou_23572166_despacho.txt,DOU,documento,Despacho,05/02/2026
dou/dou_23572167_despacho.txt,DOU,documento,Despacho,05/02/2026
dou/dou_23572263_despacho.txt,DOU,documento,despacho,05/02/2026
dou/dou_23573773_extrato_da_ata_n_353_de_reuni_o_extraordin_ria.txt,DOU,documento,EXTRATO da Ata nº 353 de reunião Extraordinária,05/02/2026
dou/dou_23574017_autoriza_o_sdl_anp_n_75_de_4_de_fevereiro_de_2026.txt,DOU,documento,"AUTORIZAÇÃO SDL-ANP Nº 75, DE 4 DE FEVEREIRO DE 2026",05/02/2026
dou/dou_23574018_autoriza_o_sdl_anp_n_76_de_4_de_fevereiro_de_2026.txt,DOU,documento,"AUTORIZAÇÃO SDL-ANP Nº 76, DE 4 DE FEVEREIRO DE 2026",05/02/2026
dou/dou_23574019_autoriza_o_sdl_anp_n_77_de_4_de_fevereiro_de_2026.txt,DOU,documento,"AUTORIZAÇÃO SDL-ANP Nº 77, DE 4 DE FEVEREIRO DE 2026",05/02/2026
dou/dou_23574020_autoriza_o_sdl_anp_n_78_de_4_de_fevereiro_de_2026.txt,DOU,documento,"AUTORIZAÇÃO SDL-ANP Nº 78, DE 4 DE FEVEREIRO DE 2026",05/02/2026
dou/dou_23574021_despacho_sdl_anp_n_198_de_4_de_fevereiro_de_2026.txt,DOU,documento,"DESPACHO SDL-ANP Nº 198, DE 4 DE FEVEREIRO DE 2026",05/02/2026
dou/dou_23574022_despacho_sdl_anp_n_199_de_4_de_fevereiro_de_2026.txt,DOU,documento,"DESPACHO SDL-ANP Nº 199, DE 4 DE FEVEREIRO DE 2026",05/02/2026
dou/dou_23574023_despacho_sdl_anp_n_200_de_4_de_fevereiro_de_2026.txt,DOU,documento,"DESPACHO SDL-ANP Nº 200, DE 4 DE FEVEREIRO DE 2026",05/02/2026
dou/dou_23574024_despacho_sdl_anp_n_201_de_4_de_fevereiro_de_2026.txt,DOU,documento,"DESPACHO SDL-ANP Nº 201, DE 4 DE FEVEREIRO DE 2026",05/02/2026
dou/dou_23574260_despacho_n_320_de_3_de_fevereiro_de_2026.txt,DOU,documento,"DESPACHO Nº 320, DE 3 DE FEVEREIRO DE 2026",05/02/2026
dou/dou_23574261_despacho_n_349_de_4_de_fevereiro_de_2026.txt,DOU,documento,"DESPACHO Nº 349, DE 4 DE FEVEREIRO DE 2026",05/02/2026
dou/dou_23574262_despacho_n_351_de_4_de_fevereiro_de_2026.txt,DOU,documento,"DESPACHO Nº 351, DE 4 DE FEVEREIRO DE 2026",05/02/2026
dou/dou_23574263_despacho_n_352_de_4_de_fevereiro_de_2026.txt,DOU,documento,"DESPACHO Nº 352, DE 4 DE FEVEREIRO DE 2026",05/02/2026
dou/dou_23574264_despacho_n_362_de_4_de_fevereiro_de_2026.txt,DOU,documento,"DESPACHO Nº 362, DE 4 DE FEVEREIRO DE 2026",05/02/2026
dou/dou_23574265_despacho_n_321_de_3_de_fevereiro_de_2026.txt,DOU,documento,"DESPACHO Nº 321, DE 3 DE FEVEREIRO DE 2026",05/02/2026
dou/dou_23574266_despacho_n_322_de_3_de_fevereiro_de_2026.txt,DOU,documento,"DESPACHO Nº 322, DE 3 DE FEVEREIRO DE 2026",05/02/2026
dou/dou_23574267_despacho_n_323_de_3_de_fevereiro_de_2026.txt,DOU,documento,"DESPACHO Nº 323, DE 3 DE FEVEREIRO DE 2026",05/02/2026
dou/dou_23574288_despacho_n_344_de_4_de_fevereiro_de_2026.txt,DOU,documento,"DESPACHO Nº 344, DE 4 DE FEVEREIRO DE 2026",05/02/2026
dou/dou_23574289_despacho_n_345_de_4_de_fevereiro_de_2026.txt,DOU,documento,"DESPACHO Nº 345, DE 4 DE FEVEREIRO DE 2026",05/02/2026
dou/dou_23574290_despacho_n_346_de_4_de_fevereiro_de_2026.txt,DOU,documento,"DESPACHO Nº 346, DE 4 DE FEVEREIRO DE 2026",05/02/2026
dou/dou_23574291_despacho_n_347_de_4_de_fevereiro_de_2026.txt,DOU,documento,"DESPACHO Nº 347, DE 4 DE FEVEREIRO DE 2026",05/02/2026
dou/dou_23574292_despacho_n_348_de_4_de_fevereiro_de_2026.txt,DOU,documento,"DESPACHO Nº 348, DE 4 DE FEVEREIRO DE 2026",05/02/2026
dou/dou_23574305_despacho.txt,DOU,documento,Despacho,05/02/2026
dou/dou_23574306_despacho.txt,DOU,documento,Despacho,05/02/2026
dou/dou_23574380_despacho.txt,DOU,documento,Despacho,05/02/2026
dou/dou_23574381_despacho.txt,DOU,documento,Despacho,05/02/2026
dou/dou_23574647_despacho.txt,DOU,documento,Despacho,05/02/2026
dou/dou_23574681_despacho_n_228_de_27_de_janeiro_de_2026.txt,DOU,documento,"DESPACHO Nº 228, DE 27 DE JANEIRO DE 2026",05/02/2026
dou/dou_23574682_despacho_n_332_de_3_de_fevereiro_de_2026.txt,DOU,documento,"DESPACHO Nº 332, DE 3 DE FEVEREIRO DE 2026",05/02/2026
dou/dou_23574683_despacho_n_334_de_3_de_fevereiro_de_2026.txt,DOU,documento,"DESPACHO Nº 334, DE 3 DE FEVEREIRO DE 2026",05/02/2026
dou/dou_23574684_despacho_n_341_de_3_de_fevereiro_de_2026.txt,DOU,documento,"DESPACHO Nº 341, DE 3 DE FEVEREIRO DE 2026",05/02/2026
dou/dou_23574685_despacho_n_324_de_2_de_fevereiro_de_2026.txt,DOU,documento,"DESPACHO Nº 324, DE 2 DE FEVEREIRO DE 2026",05/02/2026
dou/dou_23574686_despacho_n_340_de_3_de_fevereiro_de_2026.txt,DOU,documento,"DESPACHO Nº 340, DE 3 DE FEVEREIRO DE 2026",05/02/2026
dou/dou_23574687_despacho_n_372_de_3_de_fevereiro_de_2026.txt,DOU,documento,"DESPACHO Nº 372, DE 3 DE FEVEREIRO DE 2026",05/02/2026
dou/dou_23574688_despacho.txt,DOU,documento,Despacho,05/02/2026
dou/dou_23574689_despacho.txt,DOU,documento,Despacho,05/02/2026
dou/dou_23574690_despacho.txt,DOU,documento,Despacho,05/02/2026
dou/dou_23574691_despacho.txt,DOU,documento,Despacho,05/02/2026
dou/dou_23574692_despacho.txt,DOU,documento,Despacho,05/02/2026
dou/dou_23574693_despacho.txt,DOU,documento,Despacho,05/02/2026
dou/dou_23574728_despacho_n_373_de_3_de_fevereiro_de_2026.txt,DOU,documento,"DESPACHO Nº 373, DE 3 DE FEVEREIRO DE 2026",05/02/2026
dou/dou_23574729_despacho_n_374_de_3_de_fevereiro_de_2026.txt,DOU,documento,"DESPACHO Nº 374, DE 3 DE FEVEREIRO DE 2026",05/02/2026
dou/dou_23574730_despacho_n_57_de_12_de_janeiro_de_2026.txt,DOU,documento,"DESPACHO Nº 57, DE 12 DE JANEIRO DE 2026",05/02/2026
dou/dou_23574731_despacho_n_291_de_30_de_janeiro_de_2026.txt,DOU,documento,"DESPACHO Nº 291, DE 30 DE JANEIRO DE 2026",05/02/2026
dou/dou_23574732_despacho_n_325_de_2_de_fevereiro_de_2026.txt,DOU,documento,"DESPACHO Nº 325, DE 2 DE FEVEREIRO DE 2026",05/02/2026
dou/dou_23575519_despacho.txt,DOU,documento,Despacho,06/02/2026
dou/dou_23575520_despacho.txt,DOU,documento,Despacho,06/02/2026
dou/dou_23575521_despacho.txt,DOU,documento,Despacho,06/02/2026
dou/dou_23575522_despacho.txt,DOU,documento,Despacho,06/02/2026
dou/dou_23575523_despacho.txt,DOU,documento,Despacho,06/02/2026
dou/dou_23575563_despacho.txt,DOU,documento,Despacho,06/02/2026
dou/dou_23575564_despacho.txt,DOU,documento,Despacho,06/02/2026
dou/dou_23575565_despacho.txt,DOU,documento,Despacho,06/02/2026
dou/dou_23576191_despacho.txt,DOU,documento,Despacho,06/02/2026
dou/dou_23576672_despacho_sdl_anp_n_204_de_5_de_fevereiro_de_2026.txt,DOU,documento,"DESPACHO SDL-ANP Nº 204, DE 5 DE FEVEREIRO DE 2026",06/02/2026
dou/dou_23576673_despacho_sdl_anp_n_205_de_5_de_fevereiro_de_2026.txt,DOU,documento,"DESPACHO SDL-ANP Nº 205, DE 5 DE FEVEREIRO DE 2026",06/02/2026
dou/dou_23576674_despacho_sdl_anp_n_206_de_5_de_fevereiro_de_2026.txt,DOU,documento,"DESPACHO SDL-ANP Nº 206, DE 5 DE FEVEREIRO DE 2026",06/02/2026
dou/dou_23576925_despacho.txt,DOU,documento,Despacho,06/02/2026
dou/dou_23576959_despacho.txt,DOU,documento,Despacho,06/02/2026
dou/dou_23576960_despacho.txt,DOU,documento,Despacho,06/02/2026
dou/dou_23577009_despacho.txt,DOU,documento,Despacho,06/02/2026
dou/dou_23577011_despacho.txt,DOU,documento,Despacho,06/02/2026
dou/dou_23577014_despacho.txt,DOU,documento,Despacho,06/02/2026
dou/dou_23577203_portaria_sntep_mme_n_3_055_de_4_de_fevereiro_de_20.txt,DOU,documento,"PORTARIA SNTEP/MME nº 3.055, DE 4 DE FEVEREIRO DE 2026",06/02/2026
dou/dou_23577207_portaria_sntep_mme_n_3_056_de_4_de_fevereiro_de_20.txt,DOU,documento,"PORTARIA SNTEP/MME nº 3.056, DE 4 DE FEVEREIRO DE 2026",06/02/2026
dou/dou_23577228_portaria_sntep_mme_n_3_054_de_4_de_fevereiro_de_20.txt,DOU,documento,"PORTARIA SNTEP/MME nº 3.054, DE 4 DE FEVEREIRO DE 2026",06/02/2026
dou/dou_23577240_retifica_o.txt,DOU,documento,RETIFICAÇÃO,06/02/2026
dou/dou_23577252_portaria_sntep_mme_n_3_057_de_4_de_fevereiro_de_20.txt,DOU,documento,"PORTARIA SNTEP/MME nº 3.057, DE 4 DE FEVEREIRO DE 2026",06/02/2026
dou/dou_23577520_portaria_sntep_mme_n_3_048_de_3_de_fevereiro_de_20.txt,DOU,documento,"PORTARIA SNTEP/MME nº 3.048, DE 3 DE FEVEREIRO DE 2026",06/02/2026
dou/dou_23577521_portaria_sntep_mme_n_3_049_de_4_de_fevereiro_de_20.txt,DOU,documento,"PORTARIA SNTEP/MME nº 3.049, DE 4 DE FEVEREIRO DE 2026",06/02/2026
dou/dou_23577522_portaria_sntep_mme_n_3_050_de_4_de_fevereiro_de_20.txt,DOU,documento,"PORTARIA SNTEP/MME nº 3.050, DE 4 DE FEVEREIRO DE 2026",06/02/2026
dou/dou_23577523_portaria_sntep_mme_n_3_051_de_4_de_fevereiro_de_20.txt,DOU,documento,"PORTARIA SNTEP/MME nº 3.051, DE 4 DE FEVEREIRO DE 2026",06/02/2026
dou/dou_23577524_portaria_sntep_mme_n_3_052_de_4_de_fevereiro_de_20.txt,DOU,documento,"PORTARIA SNTEP/MME nº 3.052, DE 4 DE FEVEREIRO DE 2026",06/02/2026
dou/dou_23577525_portaria_sntep_mme_n_3_053_de_4_de_fevereiro_de_20.txt,DOU,documento,"PORTARIA SNTEP/MME nº 3.053, DE 4 DE FEVEREIRO DE 2026",06/02/2026
dou/dou_23578152_despacho_sdl_anp_n_207_de_5_de_fevereiro_de_2026.txt,DOU,documento,"DESPACHO SDL-ANP Nº 207, DE 5 DE FEVEREIRO DE 2026",06/02/2026
dou/dou_23578369_autoriza_o_cpt_anp_n_79_de_5_de_fevereiro_de_2026.txt,DOU,documento,"AUTORIZAÇÃO CPT-ANP Nº 79, DE 5 DE FEVEREIRO DE 2026",06/02/2026
dou/dou_23578465_despacho_sim_anp_n_208_de_5_de_fevereiro_de_2026.txt,DOU,documento,"DESPACHO SIM-ANP Nº 208, DE 5 DE FEVEREIRO DE 2026",06/02/2026
dou/dou_23578466_despacho_sim_anp_n_209_de_5_de_fevereiro_de_2026.txt,DOU,documento,"DESPACHO SIM-ANP Nº 209, DE 5 DE FEVEREIRO DE 2026",06/02/2026
dou/dou_23578662_despacho_sep_anp_n_210_de_5_de_fevereiro_de_2026.txt,DOU,documento,"DESPACHO SEP-ANP Nº 210, DE 5 DE FEVEREIRO DE 2026",06/02/2026
dou/dou_23578663_despacho_sep_anp_n_211_de_5_de_fevereiro_de_2026.txt,DOU,documento,"DESPACHO SEP-ANP Nº 211, DE 5 DE FEVEREIRO DE 2026",06/02/2026
dou/dou_23578664_despacho_sep_anp_n_212_de_5_de_fevereiro_de_2026.txt,DOU,documento,"DESPACHO SEP-ANP Nº 212, DE 5 DE FEVEREIRO DE 2026",06/02/2026
dou/dou_23578725_despacho.txt,DOU,documento,Despacho,06/02/2026
dou/dou_23578829_despacho_n_329_de_3_de_fevereiro_de_2026.txt,DOU,documento,"DESPACHO Nº 329, DE 3 DE FEVEREIRO DE 2026",06/02/2026
dou/dou_23578830_despacho_n_342_de_3_de_fevereiro_de_2026.txt,DOU,documento,"DESPACHO Nº 342, DE 3 DE FEVEREIRO DE 2026",06/02/2026
dou/dou_23578831_despacho_n_355_de_4_de_fevereiro_de_2026.txt,DOU,documento,"DESPACHO Nº 355, DE 4 DE FEVEREIRO DE 2026",06/02/2026
dou/dou_23578832_despacho_n_356_de_4_de_fevereiro_de_2026.txt,DOU,documento,"DESPACHO Nº 356, DE 4 DE FEVEREIRO DE 2026",06/02/2026
dou/dou_23578833_despacho_n_379_de_4_de_fevereiro_de_2026.txt,DOU,documento,"DESPACHO Nº 379, DE 4 DE FEVEREIRO DE 2026",06/02/2026
dou/dou_23578834_despacho_n_361_de_4_de_fevereiro_de_2026.txt,DOU,documento,"DESPACHO Nº 361, DE 4 DE FEVEREIRO DE 2026",06/02/2026
dou/dou_23579216_retifica_o.txt,DOU,documento,RETIFICAÇÃO,06/02/2026
dou/dou_23579218_despacho_n_371_de_3_de_fevereiro_de_2026.txt,DOU,documento,"DESPACHO Nº 371, DE 3 DE FEVEREIRO DE 2026",06/02/2026
dou/dou_23579219_despacho_n_375_de_3_de_fevereiro_de_2026.txt,DOU,documento,"DESPACHO Nº 375, DE 3 DE FEVEREIRO DE 2026",06/02/2026
dou/dou_23579220_despacho_n_376_de_3_de_fevereiro_de_2026.txt,DOU,documento,"DESPACHO Nº 376, DE 3 DE FEVEREIRO DE 2026",06/02/2026
dou/dou_23579221_despacho_n_377_de_3_de_fevereiro_de_2026.txt,DOU,documento,"DESPACHO Nº 377, DE 3 DE FEVEREIRO DE 2026",06/02/2026
dou/dou_23579222_despacho_n_378_de_4_de_fevereiro_de_2026.txt,DOU,documento,"DESPACHO Nº 378, DE 4 DE FEVEREIRO DE 2026",06/02/2026
dou/dou_23579223_resolu_o_autorizativa_n_16_608_de_3_de_fevereiro_d.txt,DOU,documento,"RESOLUÇÃO AUTORIZATIVA Nº 16.608, DE 3 DE FEVEREIRO DE 2026",06/02/2026
dou/dou_23579224_resolu_o_autorizativa_n_16_609_de_3_de_fevereiro_d.txt,DOU,documento,"RESOLUÇÃO AUTORIZATIVA Nº 16.609, DE 3 DE FEVEREIRO DE 2026",06/02/2026
dou/dou_23579225_resolu_o_autorizativa_n_16_610_de_3_de_fevereiro_d.txt,DOU,documento,"RESOLUÇÃO AUTORIZATIVA Nº 16.610, DE 3 DE FEVEREIRO DE 2026",06/02/2026
dou/dou_23579226_resolu_o_autorizativa_n_16_611_de_3_de_fevereiro_d.txt,DOU,documento,"RESOLUÇÃO AUTORIZATIVA Nº 16.611, DE 3 DE FEVEREIRO DE 2026",06/02/2026
dou/dou_23579227_resolu_o_autorizativa_n_16_612_de_3_de_fevereiro_d.txt,DOU,documento,"RESOLUÇÃO AUTORIZATIVA Nº 16.612, DE 3 DE FEVEREIRO DE 2026",06/02/2026
dou/dou_23579228_despacho_n_327_de_2_de_fevereiro_de_2026.txt,DOU,documento,"DESPACHO Nº 327, DE 2 DE FEVEREIRO DE 2026",06/02/2026
dou/dou_23579229_resolu_o_autorizativa_n_16_613_de_3_de_fevereiro_d.txt,DOU,documento,"RESOLUÇÃO AUTORIZATIVA Nº 16.613, DE 3 DE FEVEREIRO DE 2026",06/02/2026
dou/dou_23579230_despacho_n_363_de_3_de_fevereiro_de_2026.txt,DOU,documento,"DESPACHO Nº 363, DE 3 DE FEVEREIRO DE 2026",06/02/2026
dou/dou_23579231_despacho_n_364_de_3_de_fevereiro_de_2026.txt,DOU,documento,"DESPACHO Nº 364, DE 3 DE FEVEREIRO DE 2026",06/02/2026
dou/dou_23579232_despacho_n_365_de_3_de_fevereiro_de_2026.txt,DOU,documento,"DESPACHO Nº 365, DE 3 DE FEVEREIRO DE 2026",06/02/2026
dou/dou_23579233_despacho_n_366_de_3_de_fevereiro_de_2026.txt,DOU,documento,"DESPACHO Nº 366, DE 3 DE FEVEREIRO DE 2026",06/02/2026
dou/dou_23579234_despacho_n_368_de_3_de_fevereiro_de_2026.txt,DOU,documento,"DESPACHO Nº 368, DE 3 DE FEVEREIRO DE 2026",06/02/2026
dou/dou_23579235_despacho_n_369_de_3_de_fevereiro_de_2026.txt,DOU,documento,"DESPACHO Nº 369, DE 3 DE FEVEREIRO DE 2026",06/02/2026
dou/dou_23579236_despacho_n_370_de_3_de_fevereiro_de_2026.txt,DOU,documento,"DESPACHO Nº 370, DE 3 DE FEVEREIRO DE 2026",06/02/2026
dou/dou_23579879_despacho.txt,DOU,documento,Despacho,09/02/2026
dou/dou_23580321_despacho_n_337_de_3_de_fevereiro_de_2026.txt,DOU,documento,"DESPACHO Nº 337, DE 3 DE FEVEREIRO DE 2026",09/02/2026
dou/dou_23580322_despacho_n_339_de_3_de_fevereiro_de_2026.txt,DOU,documento,"DESPACHO Nº 339, DE 3 DE FEVEREIRO DE 2026",09/02/2026
dou/dou_23580323_despacho_n_391_de_5_de_fevereiro_de_2026.txt,DOU,documento,"DESPACHO Nº 391, DE 5 DE FEVEREIRO DE 2026",09/02/2026
dou/dou_23580324_despacho_n_393_de_5_de_fevereiro_de_2026.txt,DOU,documento,"DESPACHO Nº 393, DE 5 DE FEVEREIRO DE 2026",09/02/2026
dou/dou_23580441_autoriza_o_sim_anp_n_80_de_6_de_fevereiro_de_2026.txt,DOU,documento,"AUTORIZAÇÃO SIM-ANP Nº 80, DE 6 DE FEVEREIRO DE 2026",09/02/2026
dou/dou_23580442_despacho_sim_anp_n_213_de_6_de_fevereiro_de_2026.txt,DOU,documento,"DESPACHO SIM-ANP Nº 213, DE 6 DE FEVEREIRO DE 2026",09/02/2026
dou/dou_23580730_despacho_sim_anp_n_214_de_6_de_fevereiro_de_2026.txt,DOU,documento,"DESPACHO SIM-ANP Nº 214, DE 6 DE FEVEREIRO DE 2026",09/02/2026
dou/dou_23580956_despacho.txt,DOU,documento,Despacho,09/02/2026
dou/dou_23580957_despacho.txt,DOU,documento,Despacho,09/02/2026
dou/dou_23580958_despacho.txt,DOU,documento,Despacho,09/02/2026
dou/dou_23580959_despacho.txt,DOU,documento,Despacho,09/02/2026
dou/dou_23580960_despacho.txt,DOU,documento,Despacho,09/02/2026
dou/dou_23580969_despacho.txt,DOU,documento,Despacho,09/02/2026
dou/dou_23580970_despacho.txt,DOU,documento,Despacho,09/02/2026
dou/dou_23580974_despacho.txt,DOU,documento,Despacho,09/02/2026
dou/dou_23580975_despacho.txt,DOU,documento,Despacho,09/02/2026
dou/dou_23580976_despacho.txt,DOU,documento,Despacho,09/02/2026
dou/dou_23580977_despacho.txt,DOU,documento,Despacho,09/02/2026
dou/dou_23580999_despacho.txt,DOU,documento,Despacho,09/02/2026
dou/dou_23581001_despacho.txt,DOU,documento,Despacho,09/02/2026
dou/dou_23581605_despacho_sdl_anp_n_217_de_6_de_fevereiro_de_2026.txt,DOU,documento,"DESPACHO SDL-ANP Nº 217, DE 6 DE FEVEREIRO DE 2026",09/02/2026
dou/dou_23581606_despacho_sdl_anp_n_218_de_6_de_fevereiro_de_2026.txt,DOU,documento,"DESPACHO SDL-ANP Nº 218, DE 6 DE FEVEREIRO DE 2026",09/02/2026
dou/dou_23581607_despacho_sdl_anp_n_219_de_6_de_fevereiro_de_2026.txt,DOU,documento,"DESPACHO SDL-ANP Nº 219, DE 6 DE FEVEREIRO DE 2026",09/02/2026
dou/dou_23582028_despacho_sdl_anp_n_220_de_6_de_fevereiro_de_2026.txt,DOU,documento,"DESPACHO SDL-ANP Nº 220, DE 6 DE FEVEREIRO DE 2026",09/02/2026
dou/dou_23582562_despacho.txt,DOU,documento,Despacho,09/02/2026
dou/dou_23582664_despacho_sep_anp_n_222_de_6_de_fevereiro_de_2026.txt,DOU,documento,"DESPACHO SEP-ANP Nº 222, DE 6 DE FEVEREIRO DE 2026",09/02/2026
dou/dou_23582673_retifica_o.txt,DOU,documento,RETIFICAÇÃO,09/02/2026
dou/dou_23582732_despacho_anp_n_221_de_6_de_fevereiro_de_2026.txt,DOU,documento,"DESPACHO ANP Nº 221, DE 6 DE FEVEREIRO DE 2026",09/02/2026
dou/dou_23582857_port_anp_349_2026_002.txt,DOU,documento,Port-Anp-349_2026_002,09/02/2026
dou/dou_23582857_portaria_anp_n_349_de_6_de_fevereiro_de_2026.txt,DOU,documento,"PORTARIA ANP Nº 349, DE 6 DE FEVEREIRO DE 2026",09/02/2026
dou/dou_23582880_retifica_o.txt,DOU,documento,RETIFICAÇÃO,09/02/2026
dou/dou_23582881_despacho_n_388_de_5_de_fevereiro_de_2026.txt,DOU,documento,"DESPACHO Nº 388, DE 5 DE FEVEREIRO DE 2026",09/02/2026
dou/dou_23582882_despacho_n_390_de_5_de_fevereiro_de_2026.txt,DOU,documento,"DESPACHO Nº 390, DE 5 DE FEVEREIRO DE 2026",09/02/2026
dou/dou_23582883_despacho_n_392_de_5_de_fevereiro_de_2026.txt,DOU,documento,"DESPACHO Nº 392, DE 5 DE FEVEREIRO DE 2026",09/02/2026
dou/dou_23582884_despacho_n_413_de_6_de_fevereiro_de_2026.txt,DOU,documento,"DESPACHO Nº 413, DE 6 DE FEVEREIRO DE 2026",09/02/2026
dou/dou_23582886_despacho_n_353_de_3_de_fevereiro_de_2026.txt,DOU,documento,"DESPACHO Nº 353, DE 3 DE FEVEREIRO DE 2026",09/02/2026
dou/dou_23582887_despacho_n_380_de_4_de_fevereiro_de_2026.txt,DOU,documento,"DESPACHO Nº 380, DE 4 DE FEVEREIRO DE 2026",09/02/2026
dou/dou_23583040_despacho.txt,DOU,documento,Despacho,09/02/2026
dou/dou_23583042_despacho.txt,DOU,documento,Despacho,09/02/2026
dou/dou_23583522_alvar_n_917_de_5_de_fevereiro_de_2026.txt,DOU,documento,"Alvará nº 917, de 5 de FEVEREIRO de 2026",10/02/2026
dou/dou_23583523_alvar_n_919_de_6_de_fevereiro_de_2026.txt,DOU,documento,"Alvará nº 919, de 6 de FEVEREIRO de 2026",10/02/2026
dou/dou_23583524_alvar_n_920_de_6_de_fevereiro_de_2026.txt,DOU,documento,"Alvará nº 920, de 6 de FEVEREIRO de 2026",10/02/2026
dou/dou_23583540_despacho.txt,DOU,documento,Despacho,10/02/2026
dou/dou_23583559_despacho.txt,DOU,documento,Despacho,10/02/2026
dou/dou_23583560_alvar_n_918_de_6_de_fevereiro_de_2026.txt,DOU,documento,"Alvará nº 918, de 6 de FEVEREIRO de 2026",10/02/2026
dou/dou_23583561_alvar_n_954_de_7_de_fevereiro_de_2026.txt,DOU,documento,"Alvará nº 954, de 7 de FEVEREIRO de 2026",10/02/2026
dou/dou_23583597_alvar_n_955_de_7_de_fevereiro_de_2026.txt,DOU,documento,"Alvará nº 955, de 7 de FEVEREIRO de 2026",10/02/2026
dou/dou_23584142_autoriza_o_sdl_anp_n_81_de_9_de_fevereiro_de_2026.txt,DOU,documento,"AUTORIZAÇÃO SDL-ANP Nº 81, DE 9 DE FEVEREIRO DE 2026",10/02/2026
dou/dou_23584143_despacho_sdl_anp_n_223_de_9_de_fevereiro_de_2026.txt,DOU,documento,"DESPACHO SDL-ANP Nº 223, DE 9 DE FEVEREIRO DE 2026",10/02/2026
dou/dou_23584144_despacho_sdl_anp_n_224_de_9_de_fevereiro_de_2026.txt,DOU,documento,"DESPACHO SDL-ANP Nº 224, DE 9 DE FEVEREIRO DE 2026",10/02/2026
dou/dou_23584145_despacho_sep_anp_n_225_de_9_de_fevereiro_de_2026.txt,DOU,documento,"DESPACHO SEP-ANP Nº 225, DE 9 DE FEVEREIRO DE 2026",10/02/2026
dou/dou_23584146_despacho_sdl_anp_n_226_de_9_de_fevereiro_de_2026.txt,DOU,documento,"DESPACHO SDL-ANP Nº 226, DE 9 DE FEVEREIRO DE 2026",10/02/2026
dou/dou_23584147_despacho_sdl_anp_n_227_de_9_de_fevereiro_de_2026.txt,DOU,documento,"DESPACHO SDL-ANP Nº 227, DE 9 DE FEVEREIRO DE 2026",10/02/2026
dou/dou_23584811_despacho.txt,DOU,documento,Despacho,10/02/2026
dou/dou_23584812_despacho.txt,DOU,documento,Despacho,10/02/2026
dou/dou_23584813_despacho.txt,DOU,documento,Despacho,10/02/2026
dou/dou_23584814_despacho.txt,DOU,documento,Despacho,10/02/2026
dou/dou_23584815_despacho.txt,DOU,documento,Despacho,10/02/2026
dou/dou_23584816_despacho.txt,DOU,documento,Despacho,10/02/2026
dou/dou_23584822_despacho_sdl_anp_n_229_de_9_de_fevereiro_de_2026.txt,DOU,documento,"DESPACHO SDL-ANP Nº 229, DE 9 DE FEVEREIRO DE 2026",10/02/2026
dou/dou_23584823_despacho_sdl_anp_n_230_de_9_de_fevereiro_de_2026.txt,DOU,documento,"DESPACHO SDL-ANP Nº 230, DE 9 DE FEVEREIRO DE 2026",10/02/2026
dou/dou_23584824_despacho_sdl_anp_n_231_de_9_de_fevereiro_de_2026.txt,DOU,documento,"DESPACHO SDL-ANP Nº 231, DE 9 DE FEVEREIRO DE 2026",10/02/2026
dou/dou_23584830_despacho.txt,DOU,documento,Despacho,10/02/2026
dou/dou_23584831_despacho.txt,DOU,documento,Despacho,10/02/2026
dou/dou_23584832_despacho.txt,DOU,documento,Despacho,10/02/2026
dou/dou_23584834_despacho.txt,DOU,documento,Despacho,10/02/2026
dou/dou_23584835_despacho.txt,DOU,documento,Despacho,10/02/2026
dou/dou_23584836_despacho.txt,DOU,documento,Despacho,10/02/2026
dou/dou_23584837_despacho.txt,DOU,documento,Despacho,10/02/2026
dou/dou_23584838_despacho.txt,DOU,documento,Despacho,10/02/2026
dou/dou_23584839_despacho.txt,DOU,documento,Despacho,10/02/2026
dou/dou_23584840_despacho.txt,DOU,documento,Despacho,10/02/2026
dou/dou_23584841_despacho.txt,DOU,documento,Despacho,10/02/2026
dou/dou_23584842_despacho.txt,DOU,documento,Despacho,10/02/2026
dou/dou_23584843_despacho.txt,DOU,documento,Despacho,10/02/2026
dou/dou_23584844_despacho.txt,DOU,documento,Despacho,10/02/2026
dou/dou_23584845_despacho.txt,DOU,documento,Despacho,10/02/2026
dou/dou_23584846_despacho.txt,DOU,documento,Despacho,10/02/2026
dou/dou_23584847_despacho.txt,DOU,documento,Despacho,10/02/2026
dou/dou_23584851_despacho.txt,DOU,documento,Despacho,10/02/2026
dou/dou_23584852_despacho.txt,DOU,documento,Despacho,10/02/2026
dou/dou_23584854_despacho.txt,DOU,documento,Despacho,10/02/2026
dou/dou_23584856_despacho.txt,DOU,documento,Despacho,10/02/2026
dou/dou_23584868_despacho.txt,DOU,documento,Despacho,10/02/2026
dou/dou_23584869_despacho.txt,DOU,documento,Despacho,10/02/2026
dou/dou_23584870_despacho.txt,DOU,documento,Despacho,10/02/2026
dou/dou_23584908_resolu_o_anp_n_993_de_9_de_fevereiro_de_2026.txt,DOU,documento,"RESOLUÇÃO ANP Nº 993, DE 9 DE FEVEREIRO DE 2026",10/02/2026
dou/dou_23584930_despacho_anp_n_228_de_9_de_fevereiro_de_2026.txt,DOU,documento,"DESPACHO ANP Nº 228, DE 9 DE FEVEREIRO DE 2026",10/02/2026
dou/dou_23585346_despacho_sdl_anp_n_232_de_9_de_fevereiro_de_2026.txt,DOU,documento,"DESPACHO SDL-ANP Nº 232, DE 9 DE FEVEREIRO DE 2026",10/02/2026
dou/dou_23585347_despacho_sdl_anp_n_233_de_9_de_fevereiro_de_2026.txt,DOU,documento,"DESPACHO SDL-ANP Nº 233, DE 9 DE FEVEREIRO DE 2026",10/02/2026
dou/dou_23586158_despacho_n_382_de_4_de_fevereiro_de_2026.txt,DOU,documento,"DESPACHO Nº 382, DE 4 DE FEVEREIRO DE 2026",10/02/2026
dou/dou_23586159_despacho_n_396_de_5_de_fevereiro_de_2026.txt,DOU,documento,"DESPACHO Nº 396, DE 5 DE FEVEREIRO DE 2026",10/02/2026
dou/dou_23586160_despacho_n_406_de_6_de_fevereiro_de_2026.txt,DOU,documento,"DESPACHO Nº 406, DE 6 DE FEVEREIRO DE 2026",10/02/2026
dou/dou_23586161_despacho_n_407_de_6_de_fevereiro_de_2026.txt,DOU,documento,"DESPACHO Nº 407, DE 6 DE FEVEREIRO DE 2026",10/02/2026
dou/dou_23586162_despacho_n_410_de_6_de_fevereiro_de_2026.txt,DOU,documento,"DESPACHO Nº 410, DE 6 DE FEVEREIRO DE 2026",10/02/2026
dou/dou_23586306_despacho.txt,DOU,documento,Despacho,10/02/2026
dou/dou_23586386_despacho.txt,DOU,documento,Despacho,10/02/2026
dou/dou_23586652_despacho_n_172_de_22_de_janeiro_de_2026.txt,DOU,documento,"DESPACHO Nº 172, DE 22 DE JANEIRO DE 2026",10/02/2026
dou/dou_23586653_despacho_n_156_de_21_de_janeiro_de_2026.txt,DOU,documento,"DESPACHO Nº 156, DE 21 DE JANEIRO DE 2026",10/02/2026
dou/dou_23586654_despacho_n_160_de_21_de_janeiro_de_2026.txt,DOU,documento,"DESPACHO Nº 160, DE 21 DE JANEIRO DE 2026",10/02/2026
dou/dou_23586655_despacho_n_394_de_5_de_fevereiro_de_2026.txt,DOU,documento,"DESPACHO Nº 394, DE 5 DE FEVEREIRO DE 2026",10/02/2026
dou/dou_23586656_despacho_n_405_de_6_de_fevereiro_de_2026.txt,DOU,documento,"DESPACHO Nº 405, DE 6 DE FEVEREIRO DE 2026",10/02/2026
dou/dou_23586657_despacho_n_408_de_6_de_fevereiro_de_2026.txt,DOU,documento,"DESPACHO Nº 408, DE 6 DE FEVEREIRO DE 2026",10/02/2026
dou/dou_23586658_despacho_n_409_de_6_de_fevereiro_de_2026.txt,DOU,documento,"DESPACHO Nº 409, DE 6 DE FEVEREIRO DE 2026",10/02/2026
dou/dou_23586659_despacho_n_411_de_6_de_fevereiro_de_2026.txt,DOU,documento,"DESPACHO Nº 411, DE 6 DE FEVEREIRO DE 2026",10/02/2026
dou/dou_23586660_despacho_n_412_de_6_de_fevereiro_de_2026.txt,DOU,documento,"DESPACHO Nº 412, DE 6 DE FEVEREIRO DE 2026",10/02/2026
dou/dou_23586661_despacho_n_419_de_9_de_fevereiro_de_2026.txt,DOU,documento,"DESPACHO Nº 419, DE 9 DE FEVEREIRO DE 2026",10/02/2026
dou/dou_23586662_despacho_n_421_de_9_de_fevereiro_de_2026.txt,DOU,documento,"DESPACHO Nº 421, DE 9 DE FEVEREIRO DE 2026",10/02/2026
dou/dou_23586663_despacho_n_385_de_5_de_fevereiro_de_2026.txt,DOU,documento,"DESPACHO Nº 385, DE 5 DE FEVEREIRO DE 2026",10/02/2026
dou/dou_23586664_despacho_n_424_de_9_de_fevereiro_de_2026.txt,DOU,documento,"DESPACHO Nº 424, DE 9 DE FEVEREIRO DE 2026",10/02/2026
dou/dou_23586665_despacho_n_428_de_9_de_fevereiro_de_2026.txt,DOU,documento,"DESPACHO Nº 428, DE 9 DE FEVEREIRO DE 2026",10/02/2026
dou/dou_23586666_despacho_n_431_de_9_de_fevereiro_de_2026.txt,DOU,documento,"DESPACHO Nº 431, DE 9 DE FEVEREIRO DE 2026",10/02/2026
dou/dou_23586667_despacho_n_414_de_6_de_fevereiro_de_2026.txt,DOU,documento,"DESPACHO Nº 414, DE 6 DE FEVEREIRO DE 2026",10/02/2026
dou/dou_23586668_despacho_n_3_547_de_1_de_dezembro_de_2025.txt,DOU,documento,"DESPACHO Nº 3.547, DE 1º DE DEZEMBRO DE 2025",10/02/2026
dou/dou_23586669_despacho_n_3_798_de_18_de_dezembro_de_2025.txt,DOU,documento,"DESPACHO Nº 3.798, DE 18 DE DEZEMBRO DE 2025",10/02/2026
dou/dou_23586670_despacho_n_84_de_21_de_janeiro_de_2026.txt,DOU,documento,"DESPACHO Nº 84, DE 21 DE JANEIRO DE 2026",10/02/2026
dou/dou_23586671_despacho_n_106_de_19_de_janeiro_de_2026.txt,DOU,documento,"DESPACHO Nº 106, DE 19 DE JANEIRO DE 2026",10/02/2026
dou/dou_23586672_despacho_n_113_de_19_de_janeiro_de_2026.txt,DOU,documento,"DESPACHO Nº 113, DE 19 DE JANEIRO DE 2026",10/02/2026
dou/dou_23586673_despacho_n_114_de_19_de_janeiro_de_2026.txt,DOU,documento,"DESPACHO Nº 114, DE 19 DE JANEIRO DE 2026",10/02/2026
dou/dou_23586903_portaria_snpgb_mme_n_208_de_2_de_fevereiro_de_2026.txt,DOU,documento,"PORTARIA SNPGB/MME Nº 208, DE 2 DE FEVEREIRO DE 2026",10/02/2026
dou/dou_23586958_despacho.txt,DOU,documento,Despacho,10/02/2026
dou/dou_23586959_despacho.txt,DOU,documento,Despacho,10/02/2026
dou/dou_23586961_despacho.txt,DOU,documento,Despacho,10/02/2026
dou/dou_23586962_despacho.txt,DOU,documento,Despacho,10/02/2026
dou/dou_23586963_despacho.txt,DOU,documento,Despacho,10/02/2026
dou/dou_23586964_despacho.txt,DOU,documento,Despacho,10/02/2026
dou/dou_23587457_despacho_stm_anp_n_234_de_10_de_fevereiro_de_2026.txt,DOU,documento,"DESPACHO STM-ANP Nº 234, DE 10 DE FEVEREIRO DE 2026",11/02/2026
dou/dou_23587531_despacho.txt,DOU,documento,Despacho,11/02/2026
dou/dou_23587532_despacho.txt,DOU,documento,Despacho,11/02/2026
dou/dou_23587548_despacho.txt,DOU,documento,Despacho,11/02/2026
dou/dou_23588102_autoriza_o_sdl_anp_n_82_de_10_de_fevereiro_de_2026.txt,DOU,documento,"AUTORIZAÇÃO SDL-ANP Nº 82, DE 10 DE FEVEREIRO DE 2026",11/02/2026
dou/dou_23588103_despacho_stm_anp_n_235_de_10_de_fevereiro_de_2026.txt,DOU,documento,"DESPACHO STM-ANP Nº 235, DE 10 DE FEVEREIRO DE 2026",11/02/2026
dou/dou_23588104_despacho_stm_anp_n_236_de_10_de_fevereiro_de_2026.txt,DOU,documento,"DESPACHO STM-ANP Nº 236, DE 10 DE FEVEREIRO DE 2026",11/02/2026
dou/dou_23588105_despacho_stm_anp_n_237_de_10_de_fevereiro_de_2026.txt,DOU,documento,"DESPACHO STM-ANP Nº 237, DE 10 DE FEVEREIRO DE 2026",11/02/2026
dou/dou_23588106_despacho_stm_anp_n_238_de_10_de_fevereiro_de_2026.txt,DOU,documento,"DESPACHO STM-ANP Nº 238, DE 10 DE FEVEREIRO DE 2026",11/02/2026
dou/dou_23588453_despacho_sdl_anp_n_239_de_10_de_fevereiro_de_2026.txt,DOU,documento,"DESPACHO SDL-ANP Nº 239, DE 10 DE FEVEREIRO DE 2026",11/02/2026
dou/dou_23588454_despacho_sdl_anp_n_240_de_10_de_fevereiro_de_2026.txt,DOU,documento,"DESPACHO SDL-ANP Nº 240, DE 10 DE FEVEREIRO DE 2026",11/02/2026
dou/dou_23588455_despacho_sdl_anp_n_241_de_10_de_fevereiro_de_2026.txt,DOU,documento,"DESPACHO SDL-ANP Nº 241, DE 10 DE FEVEREIRO DE 2026",11/02/2026
dou/dou_23588456_despacho_sdl_anp_n_242_de_10_de_fevereiro_de_2026.txt,DOU,documento,"DESPACHO SDL-ANP Nº 242, DE 10 DE FEVEREIRO DE 2026",11/02/2026
dou/dou_23588457_despacho_sdl_anp_n_243_de_10_de_fevereiro_de_2026.txt,DOU,documento,"DESPACHO SDL-ANP Nº 243, DE 10 DE FEVEREIRO DE 2026",11/02/2026
dou/dou_23588544_despacho.txt,DOU,documento,Despacho,11/02/2026
dou/dou_23588566_despacho.txt,DOU,documento,Despacho,11/02/2026
dou/dou_23588573_despacho.txt,DOU,documento,Despacho,11/02/2026
dou/dou_23588574_despacho.txt,DOU,documento,Despacho,11/02/2026
dou/dou_23588575_despacho.txt,DOU,documento,Despacho,11/02/2026
dou/dou_23588576_despacho.txt,DOU,documento,Despacho,11/02/2026
dou/dou_23588588_despacho.txt,DOU,documento,Despacho,11/02/2026
dou/dou_23588592_despacho.txt,DOU,documento,Despacho,11/02/2026
dou/dou_23588593_despacho.txt,DOU,documento,Despacho,11/02/2026
dou/dou_23588594_despacho.txt,DOU,documento,Despacho,11/02/2026
dou/dou_23588595_despacho.txt,DOU,documento,Despacho,11/02/2026
dou/dou_23588596_despacho.txt,DOU,documento,Despacho,11/02/2026
dou/dou_23588608_despacho.txt,DOU,documento,Despacho,11/02/2026
dou/dou_23588609_despacho.txt,DOU,documento,Despacho,11/02/2026
dou/dou_23588610_despacho.txt,DOU,documento,Despacho,11/02/2026
dou/dou_23588611_despacho.txt,DOU,documento,Despacho,11/02/2026
dou/dou_23588612_despacho.txt,DOU,documento,Despacho,11/02/2026
dou/dou_23588613_despacho.txt,DOU,documento,Despacho,11/02/2026
dou/dou_23590016_despacho_sep_anp_n_244_de_10_de_fevereiro_de_2026.txt,DOU,documento,"DESPACHO SEP-ANP Nº 244, DE 10 DE FEVEREIRO DE 2026",11/02/2026
dou/dou_23590454_despacho_n_115_de_27_de_janeiro_de_2026.txt,DOU,documento,"DESPACHO Nº 115, DE 27 DE JANEIRO DE 2026",11/02/2026
dou/dou_23590455_despacho_n_308_de_2_de_fevereiro_de_2026.txt,DOU,documento,"DESPACHO Nº 308, DE 2 DE FEVEREIRO DE 2026",11/02/2026
dou/dou_23590456_despacho_n_309_de_2_de_fevereiro_de_2026.txt,DOU,documento,"DESPACHO Nº 309, DE 2 DE FEVEREIRO DE 2026",11/02/2026
dou/dou_23590457_despacho_n_282_de_30_de_janeiro_de_2026.txt,DOU,documento,"DESPACHO Nº 282, DE 30 DE JANEIRO DE 2026",11/02/2026
dou/dou_23590458_despacho_n_283_de_30_de_janeiro_de_2026.txt,DOU,documento,"DESPACHO Nº 283, DE 30 DE JANEIRO DE 2026",11/02/2026
dou/dou_23590459_despacho_n_284_de_30_de_janeiro_de_2026.txt,DOU,documento,"DESPACHO Nº 284, DE 30 DE JANEIRO DE 2026",11/02/2026
dou/dou_23590460_despacho_n_286_de_30_de_janeiro_de_2026.txt,DOU,documento,"DESPACHO Nº 286, DE 30 DE JANEIRO DE 2026",11/02/2026
dou/dou_23590461_despacho_n_303_de_2_de_fevereiro_de_2026.txt,DOU,documento,"DESPACHO Nº 303, DE 2 DE FEVEREIRO DE 2026",11/02/2026
dou/dou_23590462_despacho_n_304_de_2_de_fevereiro_de_2026.txt,DOU,documento,"DESPACHO Nº 304, DE 2 DE FEVEREIRO DE 2026",11/02/2026
dou/dou_23590463_despacho_n_306_de_2_de_fevereiro_de_2026.txt,DOU,documento,"DESPACHO Nº 306, DE 2 DE FEVEREIRO DE 2026",11/02/2026
dou/dou_23590465_despacho_n_307_de_2_de_fevereiro_de_2026.txt,DOU,documento,"DESPACHO Nº 307, DE 2 DE FEVEREIRO DE 2026",11/02/2026
dou/dou_23590580_despacho_n_20_756_gepem_anm_2026.txt,DOU,documento,DESPACHO nº 20.756/GEPEM/ANM/2026,11/02/2026
dou/dou_23590598_despacho_n_436_de_9_de_fevereiro_de_2026.txt,DOU,documento,"DESPACHO Nº 436, DE 9 DE FEVEREIRO DE 2026",11/02/2026
dou/dou_23590599_despacho_n_426_de_9_de_fevereiro_de_2026.txt,DOU,documento,"DESPACHO Nº 426, DE 9 DE FEVEREIRO DE 2026",11/02/2026
dou/dou_23590601_despacho_n_298_de_30_de_janeiro_de_2026.txt,DOU,documento,"DESPACHO Nº 298, DE 30 DE JANEIRO DE 2026",11/02/2026
dou/dou_23590602_despacho_n_299_de_30_de_janeiro_de_2026.txt,DOU,documento,"DESPACHO Nº 299, DE 30 DE JANEIRO DE 2026",11/02/2026
dou/dou_23590603_despacho_n_311_de_2_de_fevereiro_de_2026.txt,DOU,documento,"DESPACHO Nº 311, DE 2 DE FEVEREIRO DE 2026",11/02/2026
dou/dou_23590604_despacho_n_312_de_2_de_fevereiro_de_2026.txt,DOU,documento,"DESPACHO Nº 312, DE 2 DE FEVEREIRO DE 2026",11/02/2026
dou/dou_23590605_despacho_n_313_de_2_de_fevereiro_de_2026.txt,DOU,documento,"DESPACHO Nº 313, DE 2 DE FEVEREIRO DE 2026",11/02/2026
dou/dou_23590606_despacho_n_314_de_2_de_fevereiro_de_2026.txt,DOU,documento,"DESPACHO Nº 314, DE 2 DE FEVEREIRO DE 2026",11/02/2026
dou/dou_23590607_despacho_n_315_de_2_de_fevereiro_de_2026.txt,DOU,documento,"DESPACHO Nº 315, DE 2 DE FEVEREIRO DE 2026",11/02/2026
dou/dou_23590608_despacho_n_383_de_4_de_fevereiro_de_2026.txt,DOU,documento,"DESPACHO Nº 383, DE 4 DE FEVEREIRO DE 2026",11/02/2026
dou/dou_23590609_despacho_n_397_de_5_de_fevereiro_de_2026.txt,DOU,documento,"DESPACHO Nº 397, DE 5 DE FEVEREIRO DE 2026",11/02/2026
dou/dou_23590610_despacho_n_437_de_9_de_fevereiro_de_2026.txt,DOU,documento,"DESPACHO Nº 437, DE 9 DE FEVEREIRO DE 2026",11/02/2026
dou/dou_23590611_despacho_n_402_de_6_de_fevereiro_de_2026.txt,DOU,documento,"DESPACHO Nº 402, DE 6 DE FEVEREIRO DE 2026",11/02/2026
dou/dou_23590612_despacho_n_420_de_9_de_fevereiro_de_2026.txt,DOU,documento,"DESPACHO Nº 420, DE 9 DE FEVEREIRO DE 2026",11/02/2026
dou/dou_23590613_despacho_n_425_de_9_de_fevereiro_de_2026.txt,DOU,documento,"DESPACHO Nº 425, DE 9 DE FEVEREIRO DE 2026",11/02/2026
dou/dou_23590614_despacho_n_427_de_9_de_fevereiro_de_2026.txt,DOU,documento,"DESPACHO Nº 427, DE 9 DE FEVEREIRO DE 2026",11/02/2026
dou/dou_23590615_despacho_n_438_de_9_de_fevereiro_de_2026.txt,DOU,documento,"DESPACHO Nº 438, DE 9 DE FEVEREIRO DE 2026",11/02/2026
dou/dou_23590616_despacho_n_439_de_9_de_fevereiro_de_2026.txt,DOU,documento,"DESPACHO Nº 439, DE 9 DE FEVEREIRO DE 2026",11/02/2026
dou/dou_23590617_despacho_n_440_de_9_de_fevereiro_de_2026.txt,DOU,documento,"DESPACHO Nº 440, DE 9 DE FEVEREIRO DE 2026",11/02/2026
dou/dou_23590618_despacho_n_441_de_9_de_fevereiro_de_2026.txt,DOU,documento,"DESPACHO Nº 441, DE 9 DE FEVEREIRO DE 2026",11/02/2026
dou/dou_23590619_despacho_n_442_de_9_de_fevereiro_de_2026.txt,DOU,documento,"DESPACHO Nº 442, DE 9 DE FEVEREIRO DE 2026",11/02/2026
dou/dou_23590620_despacho_n_443_de_9_de_fevereiro_de_2026.txt,DOU,documento,"DESPACHO Nº 443, DE 9 DE FEVEREIRO DE 2026",11/02/2026
dou/dou_23590621_despacho_n_444_de_9_de_fevereiro_de_2026.txt,DOU,documento,"DESPACHO Nº 444, DE 9 DE FEVEREIRO DE 2026",11/02/2026
dou/dou_23590977_alvar_n_995_de_10_de_fevereiro_de_2026.txt,DOU,documento,"Alvará nº 995, de 10 de FEVEREIRO de 2026",12/02/2026
dou/dou_23590978_alvar_n_996_de_10_de_fevereiro_de_2026.txt,DOU,documento,"Alvará nº 996, de 10 de FEVEREIRO de 2026",12/02/2026
dou/dou_23590979_alvar_n_997_de_10_de_fevereiro_de_2026.txt,DOU,documento,"Alvará nº 997, de 10 de FEVEREIRO de 2026",12/02/2026
dou/dou_23590980_alvar_n_999_de_10_de_fevereiro_de_2026.txt,DOU,documento,"Alvará nº 999, de 10 de FEVEREIRO de 2026",12/02/2026
dou/dou_23590994_alvar_n_998_de_10_de_fevereiro_de_2026.txt,DOU,documento,"Alvará nº 998, de 10 de FEVEREIRO de 2026",12/02/2026
dou/dou_23591173_alvar_n_1_002_de_10_de_fevereiro_de_2026.txt,DOU,documento,"Alvará nº 1.002, de 10 de FEVEREIRO de 2026",12/02/2026
dou/dou_23591174_alvar_n_1_004_de_10_de_fevereiro_de_2026.txt,DOU,documento,"Alvará nº 1.004, de 10 de FEVEREIRO de 2026",12/02/2026
dou/dou_23591218_alvar_n_1_000_de_10_de_fevereiro_de_2026.txt,DOU,documento,"Alvará nº 1.000, de 10 de FEVEREIRO de 2026",12/02/2026
dou/dou_23591219_alvar_n_1_001_de_10_de_fevereiro_de_2026.txt,DOU,documento,"Alvará nº 1.001, de 10 de FEVEREIRO de 2026",12/02/2026
dou/dou_23591220_alvar_n_1_003_de_10_de_fevereiro_de_2026.txt,DOU,documento,"Alvará nº 1.003, de 10 de FEVEREIRO de 2026",12/02/2026
dou/dou_23591522_alvar_n_1_009_de_10_de_fevereiro_de_2026.txt,DOU,documento,"Alvará nº 1.009, de 10 de FEVEREIRO de 2026",12/02/2026
dou/dou_23591529_alvar_n_1_005_de_10_de_fevereiro_de_2026.txt,DOU,documento,"Alvará nº 1.005, de 10 de FEVEREIRO de 2026",12/02/2026
dou/dou_23591530_alvar_n_1_006_de_10_de_fevereiro_de_2026.txt,DOU,documento,"Alvará nº 1.006, de 10 de FEVEREIRO de 2026",12/02/2026
dou/dou_23591531_alvar_n_1_007_de_10_de_fevereiro_de_2026.txt,DOU,documento,"Alvará nº 1.007, de 10 de FEVEREIRO de 2026",12/02/2026
dou/dou_23591532_alvar_n_1_008_de_10_de_fevereiro_de_2026.txt,DOU,documento,"Alvará nº 1.008, de 10 de FEVEREIRO de 2026",12/02/2026
dou/dou_23592210_despacho_sdl_anp_n_246_de_11_de_fevereiro_de_2026.txt,DOU,documento,"DESPACHO SDL-ANP Nº 246, DE 11 DE FEVEREIRO DE 2026",12/02/2026
dou/dou_23592211_despacho_sdl_anp_n_247_de_11_de_fevereiro_de_2026.txt,DOU,documento,"DESPACHO SDL-ANP Nº 247, DE 11 DE FEVEREIRO DE 2026",12/02/2026
dou/dou_23592300_alvar_n_1_010_de_10_de_fevereiro_de_2026.txt,DOU,documento,"Alvará nº 1.010, de 10 de FEVEREIRO de 2026",12/02/2026
dou/dou_23592301_alvar_n_1_011_de_10_de_fevereiro_de_2026.txt,DOU,documento,"Alvará nº 1.011, de 10 de FEVEREIRO de 2026",12/02/2026
dou/dou_23592787_autoriza_o_spc_anp_n_83_de_11_de_fevereiro_de_2026.txt,DOU,documento,"AUTORIZAÇÃO SPC-ANP Nº 83, DE 11 DE FEVEREIRO DE 2026",12/02/2026
dou/dou_23592808_autoriza_o_spc_anp_n_84_de_11_de_fevereiro_de_2026.txt,DOU,documento,"AUTORIZAÇÃO SPC-ANP Nº 84, DE 11 DE FEVEREIRO DE 2026",12/02/2026
dou/dou_23593654_portaria_mme_n_895_de_11_de_fevereiro_de_2026.txt,DOU,documento,"PORTARIA MME Nº 895, DE 11 DE FEVEREIRO DE 2026",12/02/2026
dou/dou_23593826_portaria_sntep_mme_n_3_058_de_6_de_fevereiro_de_20.txt,DOU,documento,"PORTARIA SNTEP/MME Nº 3.058, DE 6 DE FEVEREIRO DE 2026",12/02/2026
dou/dou_23593827_portaria_sntep_mme_n_3_059_de_6_de_fevereiro_de_20.txt,DOU,documento,"PORTARIA SNTEP/MME Nº 3.059, DE 6 DE FEVEREIRO DE 2026",12/02/2026
dou/dou_23594146_portaria_sntep_mme_n_3_061_de_11_de_fevereiro_de_2.txt,DOU,documento,"PORTARIA SNTEP/MME Nº 3.061, DE 11 DE FEVEREIRO DE 2026",12/02/2026
dou/dou_23594200_portaria_sntep_mme_n_3_060_de_11_de_fevereiro_de_2.txt,DOU,documento,"PORTARIA SNTEP/MME Nº 3.060, DE 11 DE FEVEREIRO DE 2026",12/02/2026
dou/dou_23594264_despacho.txt,DOU,documento,Despacho,12/02/2026
dou/dou_23594265_despacho.txt,DOU,documento,Despacho,12/02/2026
dou/dou_23594279_despacho.txt,DOU,documento,Despacho,12/02/2026
dou/dou_23594280_despacho.txt,DOU,documento,Despacho,12/02/2026
dou/dou_23594290_despacho.txt,DOU,documento,Despacho,12/02/2026
dou/dou_23594291_despacho.txt,DOU,documento,Despacho,12/02/2026
dou/dou_23594308_despacho.txt,DOU,documento,Despacho,12/02/2026
dou/dou_23594310_despacho.txt,DOU,documento,Despacho,12/02/2026
dou/dou_23594771_retifica_o.txt,DOU,documento,RETIFICAÇÃO,12/02/2026
dou/dou_23594772_despacho_n_432_de_9_de_fevereiro_de_2026.txt,DOU,documento,"DESPACHO Nº 432, DE 9 DE FEVEREIRO DE 2026",12/02/2026
dou/dou_23594773_portaria_n_7_053_de_9_de_fevereiro_de_2026.txt,DOU,documento,"PORTARIA Nº 7.053, DE 9 DE FEVEREIRO DE 2026",12/02/2026
dou/dou_23594775_despacho_n_434_de_9_de_fevereiro_de_2026.txt,DOU,documento,"DESPACHO Nº 434, DE 9 DE FEVEREIRO DE 2026",12/02/2026
dou/dou_23594776_despacho_n_446_de_9_de_fevereiro_de_2026.txt,DOU,documento,"DESPACHO Nº 446, DE 9 DE FEVEREIRO DE 2026",12/02/2026
dou/dou_23594777_despacho_n_458_de_10_de_fevereiro_de_2026.txt,DOU,documento,"DESPACHO Nº 458, DE 10 DE FEVEREIRO DE 2026",12/02/2026
dou/dou_23595262_despacho_sso_anp_n_248_de_12_de_fevereiro_de_2026.txt,DOU,documento,"DESPACHO SSO-ANP Nº 248, DE 12 DE FEVEREIRO DE 2026",13/02/2026
dou/dou_23596550_despacho_sdl_anp_n_249_de_12_de_fevereiro_de_2026.txt,DOU,documento,"DESPACHO SDL-ANP Nº 249, DE 12 DE FEVEREIRO DE 2026",13/02/2026
dou/dou_23596551_despacho_sdl_anp_n_250_de_12_de_fevereiro_de_2026.txt,DOU,documento,"DESPACHO SDL-ANP Nº 250, DE 12 DE FEVEREIRO DE 2026",13/02/2026
dou/dou_23596552_despacho_sdl_anp_n_251_de_12_de_fevereiro_de_2026.txt,DOU,documento,"DESPACHO SDL-ANP Nº 251, DE 12 DE FEVEREIRO DE 2026",13/02/2026
dou/dou_23596553_despacho_sdl_anp_n_252_de_12_de_fevereiro_de_2026.txt,DOU,documento,"DESPACHO SDL-ANP Nº 252, DE 12 DE FEVEREIRO DE 2026",13/02/2026
dou/dou_23597921_autoriza_o_cpt_anp_n_85_de_12_de_fevereiro_de_2026.txt,DOU,documento,"AUTORIZAÇÃO CPT-ANP Nº 85, DE 12 DE FEVEREIRO DE 2026",13/02/2026
dou/dou_23597922_despacho_sdt_anp_n_254_de_12_de_fevereiro_de_2026.txt,DOU,documento,"DESPACHO SDT-ANP Nº 254, DE 12 DE FEVEREIRO DE 2026",13/02/2026
dou/dou_23597923_despacho_sdl_anp_n_253_de_12_de_fevereiro_de_2026.txt,DOU,documento,"DESPACHO SDL-ANP Nº 253, DE 12 DE FEVEREIRO DE 2026",13/02/2026
dou/dou_23597985_despacho.txt,DOU,documento,Despacho,13/02/2026
dou/dou_23597986_despacho.txt,DOU,documento,Despacho,13/02/2026
dou/dou_23598054_despacho.txt,DOU,documento,Despacho,13/02/2026
dou/dou_23598055_despacho.txt,DOU,documento,Despacho,13/02/2026
dou/dou_23598074_despacho.txt,DOU,documento,Despacho,13/02/2026
dou/dou_23598075_despacho.txt,DOU,documento,Despacho,13/02/2026
dou/dou_23598076_despacho.txt,DOU,documento,Despacho,13/02/2026
dou/dou_23598077_despacho.txt,DOU,documento,Despacho,13/02/2026
dou/dou_23598078_despacho.txt,DOU,documento,Despacho,13/02/2026
dou/dou_23598079_despacho.txt,DOU,documento,Despacho,13/02/2026
dou/dou_23598080_despacho.txt,DOU,documento,Despacho,13/02/2026
dou/dou_23598088_despacho.txt,DOU,documento,Despacho,13/02/2026
dou/dou_23598089_despacho.txt,DOU,documento,Despacho,13/02/2026
dou/dou_23598103_despacho_n_472_de_10_de_fevereiro_de_2026.txt,DOU,documento,"DESPACHO Nº 472, DE 10 DE FEVEREIRO DE 2026",13/02/2026
dou/dou_23598104_despacho_n_474_de_10_de_fevereiro_de_2026.txt,DOU,documento,"DESPACHO Nº 474, DE 10 DE FEVEREIRO DE 2026",13/02/2026
dou/dou_23598105_despacho_n_475_de_10_de_fevereiro_de_2026.txt,DOU,documento,"DESPACHO Nº 475, DE 10 DE FEVEREIRO DE 2026",13/02/2026
dou/dou_23598106_despacho_n_476_de_10_de_fevereiro_de_2026.txt,DOU,documento,"DESPACHO Nº 476, DE 10 DE FEVEREIRO DE 2026",13/02/2026
dou/dou_23598235_despacho_n_463_de_10_de_fevereiro_de_2026.txt,DOU,documento,"DESPACHO Nº 463, DE 10 DE FEVEREIRO DE 2026",13/02/2026
dou/dou_23598236_despacho_n_465_de_10_de_fevereiro_de_2026.txt,DOU,documento,"DESPACHO Nº 465, DE 10 DE FEVEREIRO DE 2026",13/02/2026
dou/dou_23598237_despacho_n_466_de_10_de_fevereiro_de_2026.txt,DOU,documento,"DESPACHO Nº 466, DE 10 DE FEVEREIRO DE 2026",13/02/2026
dou/dou_23598238_despacho_n_530_de_12_de_fevereiro_de_2026.txt,DOU,documento,"DESPACHO Nº 530, DE 12 DE FEVEREIRO DE 2026",13/02/2026
dou/dou_23598239_despacho_n_246_de_28_de_janeiro_de_2026.txt,DOU,documento,"DESPACHO Nº 246, DE 28 DE JANEIRO DE 2026",13/02/2026
dou/dou_23598240_despacho_n_484_de_11_de_fevereiro_de_2026.txt,DOU,documento,"DESPACHO Nº 484, DE 11 DE FEVEREIRO DE 2026",13/02/2026
dou/dou_23598241_despacho_n_491_de_11_de_fevereiro_de_2026.txt,DOU,documento,"DESPACHO Nº 491, DE 11 DE FEVEREIRO DE 2026",13/02/2026
dou/dou_23598242_resolu_o_autorizativa_n_16_614_de_10_de_fevereiro_.txt,DOU,documento,"RESOLUÇÃO AUTORIZATIVA Nº 16.614, DE 10 DE FEVEREIRO DE 2026",13/02/2026
dou/dou_23598243_resolu_o_autorizativa_n_16_615_de_10_de_fevereiro_.txt,DOU,documento,"RESOLUÇÃO AUTORIZATIVA Nº 16.615, DE 10 DE FEVEREIRO DE 2026",13/02/2026
dou/dou_23598272_despacho.txt,DOU,documento,Despacho,13/02/2026
dou/dou_23598273_despacho.txt,DOU,documento,Despacho,13/02/2026
dou/dou_23598419_resolu_o_n_7_de_9_de_fevereiro_de_2026.txt,DOU,documento,"RESOLUÇÃO Nº 7, de 9 DE FEVEREIRO de 2026",13/02/2026
dou/dou_23598420_resolu_o_n_8_de_9_de_fevereiro_de_2026.txt,DOU,documento,"RESOLUÇÃO Nº 8, de 9 DE FEVEREIRO de 2026",13/02/2026
dou/dou_23598421_resolu_o_n_9_de_9_de_fevereiro_de_2026.txt,DOU,documento,"RESOLUÇÃO Nº 9, de 9 DE FEVEREIRO de 2026",13/02/2026
dou/dou_23598422_resolu_o_n_10_de_9_de_fevereiro_de_2026.txt,DOU,documento,"RESOLUÇÃO Nº 10, de 9 DE FEVEREIRO de 2026",13/02/2026
dou/dou_23599040_despacho_sdl_anp_n_255_de_12_de_fevereiro_de_2026.txt,DOU,documento,"DESPACHO SDL-ANP Nº 255, DE 12 DE FEVEREIRO DE 2026",13/02/2026
dou/dou_23599070_despacho_n_354_de_12_de_fevereiro_de_2026.txt,DOU,documento,"DESPACHO Nº 354, DE 12 DE FEVEREIRO DE 2026",13/02/2026
dou/dou_23599071_despacho_n_479_de_10_de_fevereiro_de_2026.txt,DOU,documento,"DESPACHO Nº 479, DE 10 DE FEVEREIRO DE 2026",13/02/2026
dou/dou_23599072_despacho_n_525_de_11_de_fevereiro_de_2026.txt,DOU,documento,"DESPACHO Nº 525, DE 11 DE FEVEREIRO DE 2026",13/02/2026
dou/dou_23599073_despacho_n_535_de_12_de_fevereiro_de_2026.txt,DOU,documento,"DESPACHO Nº 535, DE 12 DE FEVEREIRO DE 2026",13/02/2026
dou/dou_23599074_despacho_n_536_de_12_de_fevereiro_de_2026.txt,DOU,documento,"DESPACHO Nº 536, DE 12 DE FEVEREIRO DE 2026",13/02/2026
dou/dou_23599075_despacho_n_537_de_12_de_fevereiro_de_2026.txt,DOU,documento,"DESPACHO Nº 537, DE 12 DE FEVEREIRO DE 2026",13/02/2026
dou/dou_23599076_despacho_n_538_de_12_de_fevereiro_de_2026.txt,DOU,documento,"DESPACHO Nº 538, DE 12 DE FEVEREIRO DE 2026",13/02/2026
dou/dou_23599077_despacho_n_539_de_12_de_fevereiro_de_2026.txt,DOU,documento,"DESPACHO Nº 539, DE 12 DE FEVEREIRO DE 2026",13/02/2026
dou/dou_23599600_resolu_o_cgiee_n_1_de_6_de_fevereiro_de_2026.txt,DOU,documento,"RESOLUÇÃO CGIEE Nº 1, DE 6 DE FEVEREIRO DE 2026",18/02/2026
dou/dou_23599604_autoriza_o_sdl_anp_n_86_de_13_de_fevereiro_de_2026.txt,DOU,documento,"AUTORIZAÇÃO SDL-ANP Nº 86, DE 13 DE FEVEREIRO DE 2026",18/02/2026
dou/dou_23599605_autoriza_o_sdl_anp_n_87_de_13_de_fevereiro_de_2026.txt,DOU,documento,"AUTORIZAÇÃO SDL-ANP Nº 87, DE 13 DE FEVEREIRO DE 2026",18/02/2026
dou/dou_23599606_autoriza_o_sdl_anp_n_88_de_13_de_fevereiro_de_2026.txt,DOU,documento,"AUTORIZAÇÃO SDL-ANP Nº 88, DE 13 DE FEVEREIRO DE 2026",18/02/2026
dou/dou_23599607_autoriza_o_sdl_anp_n_89_de_13_de_fevereiro_de_2026.txt,DOU,documento,"AUTORIZAÇÃO SDL-ANP Nº 89, DE 13 DE FEVEREIRO DE 2026",18/02/2026
dou/dou_23599668_despacho_sdl_anp_n_256_de_13_de_fevereiro_de_2026.txt,DOU,documento,"DESPACHO SDL-ANP Nº 256, DE 13 DE FEVEREIRO DE 2026",18/02/2026
dou/dou_23600226_resolu_o_homologat_ria_n_3_568_de_10_de_fevereiro_.txt,DOU,documento,"RESOLUÇÃO HOMOLOGATÓRIA Nº 3.568, DE 10 DE FEVEREIRO DE 2026",13/02/2026
dou/dou_23600758_despacho_sdl_anp_n_257_de_13_de_fevereiro_de_2026.txt,DOU,documento,"DESPACHO SDL-ANP Nº 257, DE 13 DE FEVEREIRO DE 2026",18/02/2026
dou/dou_23600759_despacho_sdl_anp_n_258_de_13_de_fevereiro_de_2026.txt,DOU,documento,"DESPACHO SDL-ANP Nº 258, DE 13 DE FEVEREIRO DE 2026",18/02/2026
dou/dou_23600948_despacho_n_526_de_10_de_fevereiro_de_2026.txt,DOU,documento,"DESPACHO Nº 526, DE 10 DE FEVEREIRO DE 2026",18/02/2026
dou/dou_23600949_despacho_n_527_de_10_de_fevereiro_de_2026.txt,DOU,documento,"DESPACHO Nº 527, DE 10 DE FEVEREIRO DE 2026",18/02/2026
dou/dou_23600950_despacho_n_528_de_10_de_fevereiro_de_2026.txt,DOU,documento,"DESPACHO Nº 528, DE 10 DE FEVEREIRO DE 2026",18/02/2026
dou/dou_23600951_despacho_n_529_de_10_de_fevereiro_de_2026.txt,DOU,documento,"DESPACHO Nº 529, DE 10 DE FEVEREIRO DE 2026",18/02/2026
dou/dou_23600952_resolu_o_autorizativa_n_16_618_de_10_de_fevereiro_.txt,DOU,documento,"RESOLUÇÃO AUTORIZATIVA Nº 16.618, DE 10 DE FEVEREIRO DE 2026",18/02/2026
dou/dou_23601106_despacho_n_511_de_10_de_fevereiro_de_2026.txt,DOU,documento,"DESPACHO Nº 511, DE 10 DE FEVEREIRO DE 2026",18/02/2026
dou/dou_23601107_despacho_n_512_de_10_de_fevereiro_de_2026.txt,DOU,documento,"DESPACHO Nº 512, DE 10 DE FEVEREIRO DE 2026",18/02/2026
dou/dou_23601148_despacho_n_514_de_10_de_fevereiro_de_2026.txt,DOU,documento,"DESPACHO Nº 514, DE 10 DE FEVEREIRO DE 2026",18/02/2026
dou/dou_23601149_despacho_n_515_de_10_de_fevereiro_de_2026.txt,DOU,documento,"DESPACHO Nº 515, DE 10 DE FEVEREIRO DE 2026",18/02/2026
dou/dou_23601150_despacho_n_516_de_10_de_fevereiro_de_2026.txt,DOU,documento,"DESPACHO Nº 516, DE 10 DE FEVEREIRO DE 2026",18/02/2026
dou/dou_23601151_despacho_n_517_de_10_de_fevereiro_de_2026.txt,DOU,documento,"DESPACHO Nº 517, DE 10 DE FEVEREIRO DE 2026",18/02/2026
dou/dou_23601152_despacho_n_519_de_11_de_fevereiro_de_2026.txt,DOU,documento,"DESPACHO Nº 519, DE 11 DE FEVEREIRO DE 2026",18/02/2026
dou/dou_23601153_resolu_o_autorizativa_n_16_616_de_10_de_fevereiro_.txt,DOU,documento,"RESOLUÇÃO AUTORIZATIVA Nº 16.616, DE 10 DE FEVEREIRO DE 2026",18/02/2026
dou/dou_23601154_resolu_o_autorizativa_n_16_617_de_10_de_fevereiro_.txt,DOU,documento,"RESOLUÇÃO AUTORIZATIVA Nº 16.617, DE 10 DE FEVEREIRO DE 2026",18/02/2026
dou/dou_23601377_portaria_mme_n_896_de_13_de_fevereiro_de_2026.txt,DOU,documento,"PORTARIA MME Nº 896, DE 13 DE FEVEREIRO DE 2026",18/02/2026
dou/dou_23601503_alvar_n_1_026_de_12_de_fevereiro_de_2026.txt,DOU,documento,"Alvará nº 1.026, de 12 de FEVEREIRO de 2026",18/02/2026
dou/dou_23601505_alvar_n_1_029_de_12_de_fevereiro_de_2026.txt,DOU,documento,"Alvará nº 1.029, de 12 de FEVEREIRO de 2026",18/02/2026
dou/dou_23601539_alvar_n_1_028_de_12_de_fevereiro_de_2026.txt,DOU,documento,"Alvará nº 1.028, de 12 de FEVEREIRO de 2026",18/02/2026
dou/dou_23601541_alvar_n_1_030_de_12_de_fevereiro_de_2026.txt,DOU,documento,"Alvará nº 1.030, de 12 de FEVEREIRO de 2026",18/02/2026
dou/dou_23601558_alvar_n_1_027_de_12_de_fevereiro_de_2026.txt,DOU,documento,"Alvará nº 1.027, de 12 de FEVEREIRO de 2026",18/02/2026
dou/dou_23601639_despacho.txt,DOU,documento,Despacho,18/02/2026
dou/dou_23601640_despacho.txt,DOU,documento,Despacho,18/02/2026
dou/dou_23601641_despacho.txt,DOU,documento,Despacho,18/02/2026
dou/dou_23601642_despacho.txt,DOU,documento,Despacho,18/02/2026
dou/dou_23601646_despacho.txt,DOU,documento,Despacho,18/02/2026
dou/dou_23601647_despacho.txt,DOU,documento,Despacho,18/02/2026
dou/dou_23601720_despacho.txt,DOU,documento,Despacho,18/02/2026
dou/dou_23601733_despacho.txt,DOU,documento,Despacho,18/02/2026
dou/dou_23601734_despacho.txt,DOU,documento,Despacho,18/02/2026
dou/dou_23601735_despacho.txt,DOU,documento,Despacho,18/02/2026
dou/dou_23601736_despacho.txt,DOU,documento,Despacho,18/02/2026
dou/dou_23601737_despacho.txt,DOU,documento,Despacho,18/02/2026
dou/dou_23601738_despacho.txt,DOU,documento,Despacho,18/02/2026
dou/dou_23601740_despacho.txt,DOU,documento,Despacho,18/02/2026
dou/dou_23601741_despacho.txt,DOU,documento,Despacho,18/02/2026
dou/dou_23601742_despacho.txt,DOU,documento,Despacho,18/02/2026
dou/dou_23601743_despacho.txt,DOU,documento,Despacho,18/02/2026
dou/dou_23601749_despacho.txt,DOU,documento,Despacho,18/02/2026
dou/dou_23601750_despacho.txt,DOU,documento,Despacho,18/02/2026
dou/dou_23601751_despacho.txt,DOU,documento,Despacho,18/02/2026
dou/dou_23601752_despacho.txt,DOU,documento,Despacho,18/02/2026
dou/dou_23601753_despacho.txt,DOU,documento,Despacho,18/02/2026
dou/dou_23601754_despacho.txt,DOU,documento,Despacho,18/02/2026
dou/dou_23601755_despacho.txt,DOU,documento,Despacho,18/02/2026
dou/dou_23601756_despacho.txt,DOU,documento,Despacho,18/02/2026
dou/dou_23601770_despacho.txt,DOU,documento,Despacho,18/02/2026
dou/dou_23601771_despacho.txt,DOU,documento,Despacho,18/02/2026
dou/dou_23601772_despacho.txt,DOU,documento,Despacho,18/02/2026
dou/dou_23602003_alvar_n_1_031_de_12_de_fevereiro_de_2026.txt,DOU,documento,"Alvará nº 1.031, de 12 de FEVEREIRO de 2026",18/02/2026
dou/dou_23602004_alvar_n_1_032_de_12_de_fevereiro_de_2026.txt,DOU,documento,"Alvará nº 1.032, de 12 de FEVEREIRO de 2026",18/02/2026
dou/dou_23602006_alvar_n_1_033_de_12_de_fevereiro_de_2026.txt,DOU,documento,"Alvará nº 1.033, de 12 de FEVEREIRO de 2026",18/02/2026
dou/dou_23602007_alvar_n_1_034_de_12_de_fevereiro_de_2026.txt,DOU,documento,"Alvará nº 1.034, de 12 de FEVEREIRO de 2026",18/02/2026
dou/dou_23602256_autoriza_o_spc_anp_n_90_de_13_de_fevereiro_de_2026.txt,DOU,documento,"AUTORIZAÇÃO SPC-ANP Nº 90, DE 13 DE FEVEREIRO DE 2026",18/02/2026
dou/dou_23602777_despacho_n_488_de_11_de_fevereiro_de_2026.txt,DOU,documento,"DESPACHO Nº 488, DE 11 DE FEVEREIRO DE 2026",18/02/2026
dou/dou_23602778_despacho_n_164_de_22_de_janeiro_de_2026.txt,DOU,documento,"DESPACHO Nº 164, DE 22 DE JANEIRO DE 2026",18/02/2026
dou/dou_23602779_despacho_n_167_de_22_de_janeiro_de_2026.txt,DOU,documento,"DESPACHO Nº 167, DE 22 DE JANEIRO DE 2026",18/02/2026
dou/dou_23602780_despacho_n_183_de_23_de_janeiro_de_2026.txt,DOU,documento,"DESPACHO Nº 183, DE 23 DE JANEIRO DE 2026",18/02/2026
dou/dou_23602781_despacho_n_430_de_9_de_fevereiro_de_2026.txt,DOU,documento,"DESPACHO Nº 430, DE 9 DE FEVEREIRO DE 2026",18/02/2026
dou/dou_23602782_despacho_n_460_de_10_de_fevereiro_de_2026.txt,DOU,documento,"DESPACHO Nº 460, DE 10 DE FEVEREIRO DE 2026",18/02/2026
dou/dou_23602783_despacho_n_473_de_10_de_fevereiro_de_2026.txt,DOU,documento,"DESPACHO Nº 473, DE 10 DE FEVEREIRO DE 2026",18/02/2026
dou/dou_23602784_despacho_n_518_de_11_fevereiro_de_2026.txt,DOU,documento,"DESPACHO Nº 518, DE 11 FEVEREIRO DE 2026",18/02/2026
dou/dou_23602785_despacho_n_541_de_12_de_fevereiro_de_2026.txt,DOU,documento,"DESPACHO Nº 541, DE 12 DE FEVEREIRO DE 2026",18/02/2026
dou/dou_23602786_despacho_n_547_de_12_de_fevereiro_de_2026.txt,DOU,documento,"DESPACHO Nº 547, DE 12 DE FEVEREIRO DE 2026",18/02/2026
dou/dou_23602787_despacho_n_549_de_13_de_fevereiro_de_2026.txt,DOU,documento,"DESPACHO Nº 549, DE 13 DE FEVEREIRO DE 2026",18/02/2026
dou/dou_23602808_despacho_n_510_de_11_de_fevereiro_de_2026.txt,DOU,documento,"DESPACHO Nº 510, DE 11 DE FEVEREIRO DE 2026",18/02/2026
dou/dou_23602809_despacho_n_550_de_13_de_fevereiro_de_2026.txt,DOU,documento,"DESPACHO Nº 550, DE 13 DE FEVEREIRO DE 2026",18/02/2026
dou/dou_23602810_despacho_n_543_de_12_de_fevereiro_de_2026.txt,DOU,documento,"DESPACHO Nº 543, DE 12 DE FEVEREIRO DE 2026",18/02/2026
dou/dou_23602812_despacho_n_1_de_2_de_janeiro_de_2026.txt,DOU,documento,"DESPACHO Nº 1, DE 2 DE JANEIRO DE 2026",18/02/2026
dou/dou_23602813_despacho_n_2_de_2_de_janeiro_de_2026.txt,DOU,documento,"DESPACHO Nº 2, DE 2 DE JANEIRO DE 2026",18/02/2026
dou/dou_23602814_despacho_n_20_de_6_de_janeiro_de_2026.txt,DOU,documento,"DESPACHO Nº 20, DE 6 DE JANEIRO DE 2026",18/02/2026
dou/dou_23602815_despacho_n_58_de_12_de_janeiro_de_2026.txt,DOU,documento,"DESPACHO Nº 58, DE 12 DE JANEIRO DE 2026",18/02/2026
dou/dou_23602816_despacho_n_157_de_21_de_janeiro_de_2026.txt,DOU,documento,"DESPACHO Nº 157, DE 21 DE JANEIRO DE 2026",18/02/2026
dou/dou_23603094_despacho_n_546_de_12_de_fevereiro_de_2026.txt,DOU,documento,"DESPACHO Nº 546, DE 12 DE FEVEREIRO DE 2026",18/02/2026
dou/dou_23603468_decis_o_n_1_de_13_de_janeiro_de_2026.txt,DOU,documento,"DECISÃO Nº 1, DE 13 DE JANEIRO DE 2026",24/02/2026
dou/dou_23604083_despacho.txt,DOU,documento,Despacho,19/02/2026
dou/dou_23604084_despacho.txt,DOU,documento,Despacho,19/02/2026
dou/dou_23604085_despacho.txt,DOU,documento,Despacho,19/02/2026
dou/dou_23604086_despacho.txt,DOU,documento,Despacho,19/02/2026
dou/dou_23604087_despacho.txt,DOU,documento,Despacho,19/02/2026
dou/dou_23604102_despacho.txt,DOU,documento,Despacho,19/02/2026
dou/dou_23604103_despacho.txt,DOU,documento,Despacho,19/02/2026
dou/dou_23604104_despacho.txt,DOU,documento,Despacho,19/02/2026
dou/dou_23604105_despacho.txt,DOU,documento,Despacho,19/02/2026
dou/dou_23604150_despacho.txt,DOU,documento,Despacho,19/02/2026
dou/dou_23604151_despacho.txt,DOU,documento,Despacho,19/02/2026
dou/dou_23604152_despacho.txt,DOU,documento,Despacho,19/02/2026
dou/dou_23604154_despacho.txt,DOU,documento,Despacho,19/02/2026
dou/dou_23604155_despacho.txt,DOU,documento,Despacho,19/02/2026
dou/dou_23604156_despacho.txt,DOU,documento,Despacho,19/02/2026
dou/dou_23604157_despacho.txt,DOU,documento,Despacho,19/02/2026
dou/dou_23604158_despacho.txt,DOU,documento,Despacho,19/02/2026
dou/dou_23604159_despacho.txt,DOU,documento,Despacho,19/02/2026
dou/dou_23604160_despacho.txt,DOU,documento,Despacho,19/02/2026
dou/dou_23604170_despacho.txt,DOU,documento,Despacho,19/02/2026
dou/dou_23604171_despacho.txt,DOU,documento,Despacho,19/02/2026
dou/dou_23604172_despacho.txt,DOU,documento,Despacho,19/02/2026
dou/dou_23604173_despacho.txt,DOU,documento,Despacho,19/02/2026
dou/dou_23604189_despacho.txt,DOU,documento,Despacho,19/02/2026
dou/dou_23604190_despacho.txt,DOU,documento,Despacho,19/02/2026
dou/dou_23604191_despacho.txt,DOU,documento,Despacho,19/02/2026
dou/dou_23604192_despacho.txt,DOU,documento,Despacho,19/02/2026
dou/dou_23604597_despacho_sim_anp_n_259_de_18_de_fevereiro_de_2026.txt,DOU,documento,"DESPACHO SIM-ANP Nº 259, DE 18 DE FEVEREIRO DE 2026",19/02/2026
dou/dou_23604598_despacho_sdl_anp_n_260_de_18_de_fevereiro_de_2026.txt,DOU,documento,"DESPACHO SDL-ANP Nº 260, DE 18 DE FEVEREIRO DE 2026",19/02/2026
dou/dou_23604599_despacho_stm_anp_n_261_de_18_de_fevereiro_de_2026.txt,DOU,documento,"DESPACHO STM-ANP Nº 261, DE 18 DE FEVEREIRO DE 2026",19/02/2026
dou/dou_23605878_despacho_n_567_de_18_de_fevereiro_de_2026.txt,DOU,documento,"DESPACHO Nº 567, DE 18 DE FEVEREIRO DE 2026",19/02/2026
dou/dou_23605879_despacho_n_358_de_4_de_fevereiro_de_2026.txt,DOU,documento,"DESPACHO Nº 358, DE 4 DE FEVEREIRO DE 2026",19/02/2026
dou/dou_23605880_despacho_n_359_de_4_de_fevereiro_de_2026.txt,DOU,documento,"DESPACHO Nº 359, DE 4 DE FEVEREIRO DE 2026",19/02/2026
dou/dou_23605881_despacho_n_381_de_4_de_fevereiro_de_2026.txt,DOU,documento,"DESPACHO Nº 381, DE 4 DE FEVEREIRO DE 2026",19/02/2026
dou/dou_23605882_despacho_n_387_de_5_de_fevereiro_de_2026.txt,DOU,documento,"DESPACHO Nº 387, DE 5 DE FEVEREIRO DE 2026",19/02/2026
dou/dou_23605884_despacho_n_552_de_13_de_fevereiro_de_2026.txt,DOU,documento,"DESPACHO Nº 552, DE 13 DE FEVEREIRO DE 2026",19/02/2026
dou/dou_23605885_despacho_n_206_de_27_de_janeiro_de_2026.txt,DOU,documento,"DESPACHO Nº 206, DE 27 DE JANEIRO DE 2026",19/02/2026
dou/dou_23605886_despacho_n_220_de_27_de_janeiro_de_2026.txt,DOU,documento,"DESPACHO Nº 220, DE 27 DE JANEIRO DE 2026",19/02/2026
dou/dou_23605887_despacho_n_244_de_28_de_janeiro_de_2026.txt,DOU,documento,"DESPACHO Nº 244, DE 28 DE JANEIRO DE 2026",19/02/2026
dou/dou_23605908_despacho_n_257_de_29_de_janeiro_de_2026.txt,DOU,documento,"DESPACHO Nº 257, DE 29 DE JANEIRO DE 2026",19/02/2026
dou/dou_23605909_despacho_n_274_de_29_de_janeiro_de_2026.txt,DOU,documento,"DESPACHO Nº 274, DE 29 DE JANEIRO DE 2026",19/02/2026
dou/dou_23605910_despacho_n_275_de_29_de_janeiro_de_2026.txt,DOU,documento,"DESPACHO Nº 275, DE 29 DE JANEIRO DE 2026",19/02/2026
dou/dou_23605911_despacho_n_285_de_30_de_janeiro_de_2026.txt,DOU,documento,"DESPACHO Nº 285, DE 30 DE JANEIRO DE 2026",19/02/2026
dou/dou_23605912_despacho_n_343_de_3_de_fevereiro_de_2026.txt,DOU,documento,"DESPACHO Nº 343, DE 3 DE FEVEREIRO DE 2026",19/02/2026
dou/dou_23606188_despacho_n_433_de_9_de_fevereiro_de_2026.txt,DOU,documento,"DESPACHO Nº 433, DE 9 DE FEVEREIRO DE 2026",19/02/2026
dou/dou_23606189_despacho_n_467_de_11_de_fevereiro_de_2026.txt,DOU,documento,"DESPACHO Nº 467, DE 11 DE FEVEREIRO DE 2026",19/02/2026
dou/dou_23607437_alvar_n_1_067_de_13_de_fevereiro_de_2026.txt,DOU,documento,"Alvará nº 1.067, de 13 de FEVEREIRO de 2026",20/02/2026
dou/dou_23607455_alvar_n_1_065_de_13_de_fevereiro_de_2026.txt,DOU,documento,"Alvará nº 1.065, de 13 de FEVEREIRO de 2026",20/02/2026
dou/dou_23607456_alvar_n_1_066_de_13_de_fevereiro_de_2026.txt,DOU,documento,"Alvará nº 1.066, de 13 de FEVEREIRO de 2026",20/02/2026
dou/dou_23607457_alvar_n_1_068_de_13_de_fevereiro_de_2026.txt,DOU,documento,"Alvará nº 1.068, de 13 de FEVEREIRO de 2026",20/02/2026
dou/dou_23607458_alvar_n_1_069_de_13_de_fevereiro_de_2026.txt,DOU,documento,"Alvará nº 1.069, de 13 de FEVEREIRO de 2026",20/02/2026
dou/dou_23607649_alvar_n_1_093_de_14_de_fevereiro_de_2026.txt,DOU,documento,"Alvará nº 1.093, de 14 de FEVEREIRO de 2026",20/02/2026
dou/dou_23607650_alvar_n_1_095_de_14_de_fevereiro_de_2026.txt,DOU,documento,"Alvará nº 1.095, de 14 de FEVEREIRO de 2026",20/02/2026
dou/dou_23607651_alvar_n_1_096_de_14_de_fevereiro_de_2026.txt,DOU,documento,"Alvará nº 1.096, de 14 de FEVEREIRO de 2026",20/02/2026
dou/dou_23607653_alvar_n_1_129_de_15_de_fevereiro_de_2026.txt,DOU,documento,"Alvará nº 1.129, de 15 de FEVEREIRO de 2026",20/02/2026
dou/dou_23607668_alvar_n_1_094_de_14_de_fevereiro_de_2026.txt,DOU,documento,"Alvará nº 1.094, de 14 de FEVEREIRO de 2026",20/02/2026
dou/dou_23607669_alvar_n_1_128_de_15_de_fevereiro_de_2026.txt,DOU,documento,"Alvará nº 1.128, de 15 de FEVEREIRO de 2026",20/02/2026
dou/dou_23607682_alvar_n_1_130_de_16_de_fevereiro_de_2026.txt,DOU,documento,"Alvará nº 1.130, de 16 de FEVEREIRO de 2026",20/02/2026
dou/dou_23607684_alvar_n_1_136_de_17_de_fevereiro_de_2026.txt,DOU,documento,"Alvará nº 1.136, de 17 de FEVEREIRO de 2026",20/02/2026
dou/dou_23607691_alvar_n_1_131_de_16_de_fevereiro_de_2026.txt,DOU,documento,"Alvará nº 1.131, de 16 de FEVEREIRO de 2026",20/02/2026
dou/dou_23607692_alvar_n_1_138_de_18_de_fevereiro_de_2026.txt,DOU,documento,"Alvará nº 1.138, de 18 de FEVEREIRO de 2026",20/02/2026
dou/dou_23607718_alvar_n_1_132_de_16_de_fevereiro_de_2026.txt,DOU,documento,"Alvará nº 1.132, de 16 de FEVEREIRO de 2026",20/02/2026
dou/dou_23607719_alvar_n_1_133_de_16_de_fevereiro_de_2026.txt,DOU,documento,"Alvará nº 1.133, de 16 de FEVEREIRO de 2026",20/02/2026
dou/dou_23607720_alvar_n_1_134_de_16_de_fevereiro_de_2026.txt,DOU,documento,"Alvará nº 1.134, de 16 de FEVEREIRO de 2026",20/02/2026
dou/dou_23607721_alvar_n_1_135_de_16_de_fevereiro_de_2026.txt,DOU,documento,"Alvará nº 1.135, de 16 de FEVEREIRO de 2026",20/02/2026
dou/dou_23607723_alvar_n_1_137_de_17_de_fevereiro_de_2026.txt,DOU,documento,"Alvará nº 1.137, de 17 de FEVEREIRO de 2026",20/02/2026
dou/dou_23607822_extrato_da_ata_n_363_de_reuni_o_extraordin_ria.txt,DOU,documento,EXTRATO da Ata nº 363 de reunião Extraordinária,20/02/2026
dou/dou_23609085_despacho.txt,DOU,documento,Despacho,20/02/2026
dou/dou_23609086_despacho.txt,DOU,documento,Despacho,20/02/2026
dou/dou_23609087_despacho.txt,DOU,documento,Despacho,20/02/2026
dou/dou_23609127_despacho.txt,DOU,documento,Despacho,20/02/2026
dou/dou_23609131_despacho.txt,DOU,documento,Despacho,20/02/2026
dou/dou_23609132_despacho.txt,DOU,documento,Despacho,20/02/2026
dou/dou_23609148_despacho.txt,DOU,documento,Despacho,20/02/2026
dou/dou_23609149_despacho.txt,DOU,documento,Despacho,20/02/2026
dou/dou_23609168_despacho.txt,DOU,documento,Despacho,20/02/2026
dou/dou_23609707_despacho.txt,DOU,documento,Despacho,20/02/2026
dou/dou_23609788_despacho.txt,DOU,documento,Despacho,20/02/2026
dou/dou_23609789_despacho.txt,DOU,documento,Despacho,20/02/2026
dou/dou_23609790_despacho.txt,DOU,documento,Despacho,20/02/2026
dou/dou_23609791_despacho.txt,DOU,documento,Despacho,20/02/2026
dou/dou_23609792_despacho.txt,DOU,documento,Despacho,20/02/2026
dou/dou_23609793_despacho.txt,DOU,documento,Despacho,20/02/2026
dou/dou_23609794_despacho.txt,DOU,documento,Despacho,20/02/2026
dou/dou_23611082_despacho_n_542_de_12_de_fevereiro_de_2026.txt,DOU,documento,"DESPACHO Nº 542, DE 12 DE FEVEREIRO DE 2026",20/02/2026
dou/dou_23611229_despacho.txt,DOU,documento,Despacho,20/02/2026
dou/dou_23611502_despacho.txt,DOU,documento,Despacho,20/02/2026
dou/dou_23611503_despacho.txt,DOU,documento,Despacho,20/02/2026
dou/dou_23611504_despacho.txt,DOU,documento,Despacho,20/02/2026
dou/dou_23611505_despacho.txt,DOU,documento,Despacho,20/02/2026
dou/dou_23611506_despacho.txt,DOU,documento,Despacho,20/02/2026
dou/dou_23611507_despacho.txt,DOU,documento,Despacho,20/02/2026
dou/dou_23611568_despacho.txt,DOU,documento,Despacho,20/02/2026
dou/dou_23611633_despacho_n_580_de_19_de_fevereiro_de_2026.txt,DOU,documento,"DESPACHO Nº 580, DE 19 DE FEVEREIRO DE 2026",20/02/2026
dou/dou_23611634_despacho_n_500_de_11_de_fevereiro_de_2026.txt,DOU,documento,"DESPACHO Nº 500, DE 11 DE FEVEREIRO DE 2026",20/02/2026
dou/dou_23611635_despacho_n_501_de_11_de_fevereiro_de_2026.txt,DOU,documento,"DESPACHO Nº 501, DE 11 DE FEVEREIRO DE 2026",20/02/2026
dou/dou_23611636_despacho_n_509_de_11_de_fevereiro_de_2026.txt,DOU,documento,"DESPACHO Nº 509, DE 11 DE FEVEREIRO DE 2026",20/02/2026
dou/dou_23611637_despacho_n_524_de_11_de_fevereiro_de_2026.txt,DOU,documento,"DESPACHO Nº 524, DE 11 DE FEVEREIRO DE 2026",20/02/2026
dou/dou_23611638_despacho_n_551_de_13_de_fevereiro_de_2026.txt,DOU,documento,"DESPACHO Nº 551, DE 13 DE FEVEREIRO DE 2026",20/02/2026
dou/dou_23611639_despacho_n_566_de_18_de_fevereiro_de_2026.txt,DOU,documento,"DESPACHO Nº 566, DE 18 DE FEVEREIRO DE 2026",20/02/2026
dou/dou_23611640_despacho_n_302_de_11_de_fevereiro_de_2026.txt,DOU,documento,"DESPACHO Nº 302, DE 11 DE FEVEREIRO DE 2026",20/02/2026
dou/dou_23611641_despacho_n_418_de_9_de_fevereiro_de_2026.txt,DOU,documento,"DESPACHO Nº 418, DE 9 DE FEVEREIRO DE 2026",20/02/2026
dou/dou_23611642_despacho_n_493_de_11_de_fevereiro_de_2026.txt,DOU,documento,"DESPACHO Nº 493, DE 11 DE FEVEREIRO DE 2026",20/02/2026
dou/dou_23611643_despacho_n_494_de_11_de_fevereiro_de_2026.txt,DOU,documento,"DESPACHO Nº 494, DE 11 DE FEVEREIRO DE 2026",20/02/2026
dou/dou_23611644_despacho_n_495_de_11_de_fevereiro_de_2026.txt,DOU,documento,"DESPACHO Nº 495, DE 11 DE FEVEREIRO DE 2026",20/02/2026
dou/dou_23611645_despacho_n_496_de_11_de_fevereiro_de_2026.txt,DOU,documento,"DESPACHO Nº 496, DE 11 DE FEVEREIRO DE 2026",20/02/2026
dou/dou_23611646_despacho_n_497_de_11_de_fevereiro_de_2026.txt,DOU,documento,"DESPACHO Nº 497, DE 11 DE FEVEREIRO DE 2026",20/02/2026
dou/dou_23611647_despacho_n_499_de_11_de_fevereiro_de_2026.txt,DOU,documento,"DESPACHO Nº 499, DE 11 DE FEVEREIRO DE 2026",20/02/2026
dou/dou_23611662_int_ren_1_148_2026_std_002.txt,DOU,documento,Int_REN_1.148_2026_STD__002,20/02/2026
dou/dou_23611662_int_ren_1_148_2026_std_003.txt,DOU,documento,Int_REN_1.148_2026_STD__003,20/02/2026
dou/dou_23611662_int_ren_1_148_2026_std_004.txt,DOU,documento,Int_REN_1.148_2026_STD__004,20/02/2026
dou/dou_23611662_resolu_o_normativa_aneel_n_1_148_de_27_de_janeiro_.txt,DOU,documento,"RESOLUÇÃO NORMATIVA ANEEL Nº 1.148, DE 27 DE JANEIRO DE 2026",20/02/2026
dou/dou_23611883_alvar_n_1_096_de_14_de_fevereiro_de_2026.txt,DOU,documento,"Alvará nº 1.096, de 14 de FEVEREIRO de 2026",23/02/2026
dou/dou_23612039_despacho.txt,DOU,documento,Despacho,23/02/2026
dou/dou_23612051_despacho.txt,DOU,documento,Despacho,23/02/2026
dou/dou_23612052_despacho.txt,DOU,documento,Despacho,23/02/2026
dou/dou_23612053_despacho.txt,DOU,documento,Despacho,23/02/2026
dou/dou_23612054_despacho.txt,DOU,documento,Despacho,23/02/2026
dou/dou_23612322_alvar_n_1_141_de_19_de_fevereiro_de_2026.txt,DOU,documento,"Alvará nº 1.141, de 19 de FEVEREIRO de 2026",23/02/2026
dou/dou_23612323_alvar_n_1_142_de_19_de_fevereiro_de_2026.txt,DOU,documento,"Alvará nº 1.142, de 19 de FEVEREIRO de 2026",23/02/2026
dou/dou_23612324_alvar_n_1_143_de_19_de_fevereiro_de_2026.txt,DOU,documento,"Alvará nº 1.143, de 19 de FEVEREIRO de 2026",23/02/2026
dou/dou_23612325_alvar_n_1_144_de_19_de_fevereiro_de_2026.txt,DOU,documento,"Alvará nº 1.144, de 19 de FEVEREIRO de 2026",23/02/2026
dou/dou_23612326_alvar_n_1_145_de_19_de_fevereiro_de_2026.txt,DOU,documento,"Alvará nº 1.145, de 19 de FEVEREIRO de 2026",23/02/2026
dou/dou_23612683_alvar_n_1_147_de_19_de_fevereiro_de_2026.txt,DOU,documento,"Alvará nº 1.147, de 19 de FEVEREIRO de 2026",23/02/2026
dou/dou_23612701_alvar_n_1_148_de_19_de_fevereiro_de_2026.txt,DOU,documento,"Alvará nº 1.148, de 19 de FEVEREIRO de 2026",23/02/2026
dou/dou_23612702_alvar_n_1_149_de_19_de_fevereiro_de_2026.txt,DOU,documento,"Alvará nº 1.149, de 19 de FEVEREIRO de 2026",23/02/2026
dou/dou_23612711_alvar_n_1_146_de_19_de_fevereiro_de_2026.txt,DOU,documento,"Alvará nº 1.146, de 19 de FEVEREIRO de 2026",23/02/2026
dou/dou_23612712_alvar_n_1_150_de_19_de_fevereiro_de_2026.txt,DOU,documento,"Alvará nº 1.150, de 19 de FEVEREIRO de 2026",23/02/2026
dou/dou_23612960_alvar_n_1_151_de_19_de_fevereiro_de_2026.txt,DOU,documento,"Alvará nº 1.151, de 19 de FEVEREIRO de 2026",23/02/2026
dou/dou_23612969_despacho_n_579_de_19_de_fevereiro_de_2026.txt,DOU,documento,"DESPACHO Nº 579, DE 19 DE FEVEREIRO DE 2026",23/02/2026
dou/dou_23613081_alvar_n_1_152_de_19_de_fevereiro_de_2026.txt,DOU,documento,"Alvará nº 1.152, de 19 de FEVEREIRO de 2026",23/02/2026
dou/dou_23613339_int_ren_1_151_2026_asi_vf_002.txt,DOU,documento,Int_REN_1.151_2026_ASI_VF_002,23/02/2026
dou/dou_23613339_resolu_o_normativa_aneel_n_1_151_de_10_de_fevereir.txt,DOU,documento,"RESOLUÇÃO NORMATIVA ANEEL Nº 1.151, DE 10 DE FEVEREIRO DE 2026",23/02/2026
dou/dou_23613366_despacho.txt,DOU,documento,Despacho,23/02/2026
dou/dou_23613367_despacho.txt,DOU,documento,Despacho,23/02/2026
dou/dou_23613375_despacho.txt,DOU,documento,Despacho,23/02/2026
dou/dou_23613376_despacho.txt,DOU,documento,Despacho,23/02/2026
dou/dou_23613392_despacho.txt,DOU,documento,Despacho,23/02/2026
dou/dou_23613393_despacho.txt,DOU,documento,Despacho,23/02/2026
dou/dou_23613395_despacho.txt,DOU,documento,Despacho,23/02/2026
dou/dou_23613409_despacho.txt,DOU,documento,Despacho,23/02/2026
dou/dou_23613410_despacho.txt,DOU,documento,Despacho,23/02/2026
dou/dou_23615484_despacho.txt,DOU,documento,Despacho,23/02/2026
dou/dou_23615645_retifica_o.txt,DOU,documento,RETIFICAÇÃO,23/02/2026
dou/dou_23615646_despacho_n_27_de_6_de_janeiro_de_2026.txt,DOU,documento,"DESPACHO Nº 27, DE 6 DE JANEIRO DE 2026",23/02/2026
dou/dou_23615647_despacho_n_36_de_7_de_janeiro_de_2026.txt,DOU,documento,"DESPACHO Nº 36, DE 7 DE JANEIRO DE 2026",23/02/2026
dou/dou_23615668_despacho_n_459_de_10_de_fevereiro_de_2026.txt,DOU,documento,"DESPACHO Nº 459, DE 10 DE FEVEREIRO DE 2026",23/02/2026
dou/dou_23615669_despacho_n_486_de_11_de_fevereiro_de_2026.txt,DOU,documento,"DESPACHO Nº 486, DE 11 DE FEVEREIRO DE 2026",23/02/2026
dou/dou_23615670_despacho_n_564_de_13_de_fevereiro_de_2026.txt,DOU,documento,"DESPACHO Nº 564, DE 13 DE FEVEREIRO DE 2026",23/02/2026
dou/dou_23615671_despacho_n_573_de_19_de_fevereiro_de_2026.txt,DOU,documento,"DESPACHO Nº 573, DE 19 DE FEVEREIRO DE 2026",23/02/2026
dou/dou_23615672_despacho_n_574_de_19_de_fevereiro_de_2026.txt,DOU,documento,"DESPACHO Nº 574, DE 19 DE FEVEREIRO DE 2026",23/02/2026
dou/dou_23615673_despacho_n_578_de_19_de_fevereiro_de_2026.txt,DOU,documento,"DESPACHO Nº 578, DE 19 DE FEVEREIRO DE 2026",23/02/2026
dou/dou_23615800_autoriza_o_sdl_anp_n_91_de_20_de_fevereiro_de_2026.txt,DOU,documento,"AUTORIZAÇÃO SDL-ANP Nº 91, DE 20 DE FEVEREIRO DE 2026",23/02/2026
dou/dou_23615801_despacho_sdl_anp_n_268_de_20_de_fevereiro_de_2026.txt,DOU,documento,"DESPACHO SDL-ANP Nº 268, DE 20 DE FEVEREIRO DE 2026",23/02/2026
dou/dou_23615802_despacho_sdl_anp_n_269_de_20_de_fevereiro_de_2026.txt,DOU,documento,"DESPACHO SDL-ANP Nº 269, DE 20 DE FEVEREIRO DE 2026",23/02/2026
dou/dou_23615803_despacho_sdl_anp_n_270_de_20_de_fevereiro_de_2026.txt,DOU,documento,"DESPACHO SDL-ANP Nº 270, DE 20 DE FEVEREIRO DE 2026",23/02/2026
dou/dou_23615804_despacho_stm_anp_n_271_de_20_de_fevereiro_de_2026.txt,DOU,documento,"DESPACHO STM-ANP Nº 271, DE 20 DE FEVEREIRO DE 2026",23/02/2026
dou/dou_23615805_despacho_sep_anp_n_272_de_20_de_fevereiro_de_2026.txt,DOU,documento,"DESPACHO SEP-ANP Nº 272, DE 20 DE FEVEREIRO DE 2026",23/02/2026
dou/dou_23615806_despacho_sdp_anp_n_273_de_20_de_fevereiro_de_2026.txt,DOU,documento,"DESPACHO SDP-ANP Nº 273, DE 20 DE FEVEREIRO DE 2026",23/02/2026
dou/dou_23615807_autoriza_o_sdl_anp_n_92_de_20_de_fevereiro_de_2026.txt,DOU,documento,"AUTORIZAÇÃO SDL-ANP Nº 92, DE 20 DE FEVEREIRO DE 2026",23/02/2026
dou/dou_23615808_autoriza_o_sim_anp_n_93_de_20_de_fevereiro_de_2026.txt,DOU,documento,"AUTORIZAÇÃO SIM-ANP Nº 93, DE 20 DE  FEVEREIRO  DE  2026",23/02/2026
dou/dou_23615809_despacho_sep_anp_n_262_de_20_de_fevereiro_de_2026.txt,DOU,documento,"DESPACHO SEP-ANP Nº 262, DE 20 DE FEVEREIRO DE 2026",23/02/2026
dou/dou_23615810_despacho_sdl_anp_n_263_de_20_de_fevereiro_de_2026.txt,DOU,documento,"DESPACHO SDL-ANP Nº 263, DE 20 DE FEVEREIRO DE 2026",23/02/2026
dou/dou_23615811_despacho_sdl_anp_n_264_de_20_de_fevereiro_de_2026.txt,DOU,documento,"DESPACHO SDL-ANP Nº 264, DE 20 DE FEVEREIRO DE 2026",23/02/2026
dou/dou_23615812_despacho_sdl_anp_n_265_de_20_de_fevereiro_de_2026.txt,DOU,documento,"DESPACHO SDL-ANP Nº 265, DE 20 DE FEVEREIRO DE 2026",23/02/2026
dou/dou_23615813_despacho_sdl_anp_n_266_de_20_de_fevereiro_de_2026.txt,DOU,documento,"DESPACHO SDL-ANP Nº 266, DE 20 DE FEVEREIRO DE 2026",23/02/2026
dou/dou_23615814_despacho_sdl_anp_n_267_de_20_de_fevereiro_de_2026.txt,DOU,documento,"DESPACHO SDL-ANP Nº 267, DE 20 DE FEVEREIRO DE 2026",23/02/2026
dou/dou_23616019_resolu_o_anp_n_994_de_20_de_fevereiro_de_2026.txt,DOU,documento,"RESOLUÇÃO ANP Nº 994, DE 20 DE FEVEREIRO DE 2026",23/02/2026
dou/dou_23616872_alvar_n_1_172_de_20_de_fevereiro_de_2026.txt,DOU,documento,"Alvará nº 1.172, de 20 de FEVEREIRO de 2026",24/02/2026
dou/dou_23616873_alvar_n_1_173_de_20_de_fevereiro_de_2026.txt,DOU,documento,"Alvará nº 1.173, de 20 de FEVEREIRO de 2026",24/02/2026
dou/dou_23616874_alvar_n_1_174_de_20_de_fevereiro_de_2026.txt,DOU,documento,"Alvará nº 1.174, de 20 de FEVEREIRO de 2026",24/02/2026
dou/dou_23616892_alvar_n_1_170_de_20_de_fevereiro_de_2026.txt,DOU,documento,"Alvará nº 1.170, de 20 de FEVEREIRO de 2026",24/02/2026
dou/dou_23616893_alvar_n_1_171_de_20_de_fevereiro_de_2026.txt,DOU,documento,"Alvará nº 1.171, de 20 de FEVEREIRO de 2026",24/02/2026
dou/dou_23616985_despacho.txt,DOU,documento,Despacho,24/02/2026
dou/dou_23616986_despacho.txt,DOU,documento,Despacho,24/02/2026
dou/dou_23616999_despacho.txt,DOU,documento,Despacho,24/02/2026
dou/dou_23617018_despacho.txt,DOU,documento,Despacho,24/02/2026
dou/dou_23617019_despacho.txt,DOU,documento,Despacho,24/02/2026
dou/dou_23617020_despacho.txt,DOU,documento,Despacho,24/02/2026
dou/dou_23617021_despacho.txt,DOU,documento,Despacho,24/02/2026
dou/dou_23617022_despacho.txt,DOU,documento,Despacho,24/02/2026
dou/dou_23617023_despacho.txt,DOU,documento,Despacho,24/02/2026
dou/dou_23617024_despacho.txt,DOU,documento,Despacho,24/02/2026
dou/dou_23617028_despacho.txt,DOU,documento,Despacho,24/02/2026
dou/dou_23617029_despacho.txt,DOU,documento,Despacho,24/02/2026
dou/dou_23617030_despacho.txt,DOU,documento,Despacho,24/02/2026
dou/dou_23617032_despacho.txt,DOU,documento,Despacho,24/02/2026
dou/dou_23617033_despacho.txt,DOU,documento,Despacho,24/02/2026
dou/dou_23617034_despacho.txt,DOU,documento,Despacho,24/02/2026
dou/dou_23617035_despacho.txt,DOU,documento,Despacho,24/02/2026
dou/dou_23617036_despacho.txt,DOU,documento,Despacho,24/02/2026
dou/dou_23617037_despacho.txt,DOU,documento,Despacho,24/02/2026
dou/dou_23617041_alvar_n_1_236_de_21_de_fevereiro_de_2026.txt,DOU,documento,"Alvará nº 1.236, de 21 de FEVEREIRO de 2026",24/02/2026
dou/dou_23617043_alvar_n_1_240_de_21_de_fevereiro_de_2026.txt,DOU,documento,"Alvará nº 1.240, de 21 de FEVEREIRO de 2026",24/02/2026
dou/dou_23617060_alvar_n_1_234_de_21_de_fevereiro_de_2026.txt,DOU,documento,"Alvará nº 1.234, de 21 de FEVEREIRO de 2026",24/02/2026
dou/dou_23617061_alvar_n_1_241_de_21_de_fevereiro_de_2026.txt,DOU,documento,"Alvará nº 1.241, de 21 de FEVEREIRO de 2026",24/02/2026
dou/dou_23617081_alvar_n_1_235_de_21_de_fevereiro_de_2026.txt,DOU,documento,"Alvará nº 1.235, de 21 de FEVEREIRO de 2026",24/02/2026
dou/dou_23617082_alvar_n_1_237_de_21_de_fevereiro_de_2026.txt,DOU,documento,"Alvará nº 1.237, de 21 de FEVEREIRO de 2026",24/02/2026
dou/dou_23617084_alvar_n_1_238_de_21_de_fevereiro_de_2026.txt,DOU,documento,"Alvará nº 1.238, de 21 de FEVEREIRO de 2026",24/02/2026
dou/dou_23617087_alvar_n_1_239_de_21_de_fevereiro_de_2026.txt,DOU,documento,"Alvará nº 1.239, de 21 de FEVEREIRO de 2026",24/02/2026
dou/dou_23617088_alvar_n_1_242_de_21_de_fevereiro_de_2026.txt,DOU,documento,"Alvará nº 1.242, de 21 de FEVEREIRO de 2026",24/02/2026
dou/dou_23617089_alvar_n_1_243_de_21_de_fevereiro_de_2026.txt,DOU,documento,"Alvará nº 1.243, de 21 de FEVEREIRO de 2026",24/02/2026
dou/dou_23617098_alvar_n_1_248_de_22_de_fevereiro_de_2026.txt,DOU,documento,"Alvará nº 1.248, de 22 de FEVEREIRO de 2026",24/02/2026
dou/dou_23617100_alvar_n_1_249_de_22_de_fevereiro_de_2026.txt,DOU,documento,"Alvará nº 1.249, de 22 de FEVEREIRO de 2026",24/02/2026
dou/dou_23617102_alvar_n_1_253_de_22_de_fevereiro_de_2026.txt,DOU,documento,"Alvará nº 1.253, de 22 de FEVEREIRO de 2026",24/02/2026
dou/dou_23617111_alvar_n_1_245_de_21_de_fevereiro_de_2026.txt,DOU,documento,"Alvará nº 1.245, de 21 de FEVEREIRO de 2026",24/02/2026
dou/dou_23617112_alvar_n_1_247_de_22_de_fevereiro_de_2026.txt,DOU,documento,"Alvará nº 1.247, de 22 de FEVEREIRO de 2026",24/02/2026
dou/dou_23617115_alvar_n_1_250_de_22_de_fevereiro_de_2026.txt,DOU,documento,"Alvará nº 1.250, de 22 de FEVEREIRO de 2026",24/02/2026
dou/dou_23617116_alvar_n_1_252_de_22_de_fevereiro_de_2026.txt,DOU,documento,"Alvará nº 1.252, de 22 de FEVEREIRO de 2026",24/02/2026
dou/dou_23617134_alvar_n_1_244_de_21_de_fevereiro_de_2026.txt,DOU,documento,"Alvará nº 1.244, de 21 de FEVEREIRO de 2026",24/02/2026
dou/dou_23617135_alvar_n_1_246_de_22_de_fevereiro_de_2026.txt,DOU,documento,"Alvará nº 1.246, de 22 de FEVEREIRO de 2026",24/02/2026
dou/dou_23617138_alvar_n_1_251_de_22_de_fevereiro_de_2026.txt,DOU,documento,"Alvará nº 1.251, de 22 de FEVEREIRO de 2026",24/02/2026
dou/dou_23617360_despacho.txt,DOU,documento,Despacho,24/02/2026
dou/dou_23617388_despacho.txt,DOU,documento,Despacho,24/02/2026
dou/dou_23617389_despacho.txt,DOU,documento,Despacho,24/02/2026
dou/dou_23618655_despacho_anp_n_274_de_23_de_fevereiro_de_2026.txt,DOU,documento,"DESPACHO ANP Nº 274, DE 23 DE FEVEREIRO DE 2026",24/02/2026
dou/dou_23618656_despacho_anp_n_275_de_23_de_fevereiro_de_2026.txt,DOU,documento,"DESPACHO ANP Nº 275, DE 23 DE FEVEREIRO DE 2026",24/02/2026
dou/dou_23618657_despacho_sbq_anp_n_276_de_23_de_fevereiro_de_2026.txt,DOU,documento,"DESPACHO SBQ-ANP Nº 276, DE 23 DE FEVEREIRO DE 2026",24/02/2026
dou/dou_23618658_despacho_pg_anp_n_277_de_23_de_fevereiro_de_2026.txt,DOU,documento,"DESPACHO PG-ANP Nº 277, DE 23 DE FEVEREIRO DE 2026",24/02/2026
dou/dou_23618659_despacho_sbq_anp_n_278_de_23_de_fevereiro_de_2026.txt,DOU,documento,"DESPACHO SBQ-ANP Nº 278, DE 23 DE FEVEREIRO DE 2026",24/02/2026
dou/dou_23618660_despacho_pg_anp_n_279_de_23_de_fevereiro_de_2026.txt,DOU,documento,"DESPACHO PG-ANP Nº 279, DE 23 DE FEVEREIRO DE 2026",24/02/2026
dou/dou_23619180_portaria_sntep_mme_n_3_063_de_23_de_fevereiro_de_2.txt,DOU,documento,"PORTARIA SNTEP/MME Nº 3.063, DE 23 DE FEVEREIRO DE 2026",24/02/2026
dou/dou_23619464_despacho.txt,DOU,documento,Despacho,24/02/2026
dou/dou_23619871_despacho_n_384_de_23_de_fevereiro_de_2026.txt,DOU,documento,"DESPACHO Nº 384, DE 23 DE FEVEREIRO DE 2026",24/02/2026
dou/dou_23619872_despacho_n_589_de_20_de_fevereiro_de_2026.txt,DOU,documento,"DESPACHO Nº 589, DE 20 DE FEVEREIRO DE 2026",24/02/2026
dou/dou_23619873_despacho_n_590_de_20_de_fevereiro_de_2026.txt,DOU,documento,"DESPACHO Nº 590, DE 20 DE FEVEREIRO DE 2026",24/02/2026
dou/dou_23620343_ato_n_pbr_6_798_de_27_de_janeiro_de_2026.txt,DOU,documento,"ATO Nº PBR-6.798, de 27 DE JANEIRO DE 2026",27/02/2026
dou/dou_23620419_despacho.txt,DOU,documento,Despacho,25/02/2026
dou/dou_23620623_despacho.txt,DOU,documento,Despacho,25/02/2026
dou/dou_23620644_alvar_n_1_254_de_23_de_fevereiro_de_2026.txt,DOU,documento,"Alvará nº 1.254, de 23 de FEVEREIRO de 2026",25/02/2026
dou/dou_23620674_alvar_n_1_255_de_23_de_fevereiro_de_2026.txt,DOU,documento,"Alvará nº 1.255, de 23 de FEVEREIRO de 2026",25/02/2026
dou/dou_23620675_alvar_n_1_256_de_23_de_fevereiro_de_2026.txt,DOU,documento,"Alvará nº 1.256, de 23 de FEVEREIRO de 2026",25/02/2026
dou/dou_23620676_alvar_n_1_257_de_23_de_fevereiro_de_2026.txt,DOU,documento,"Alvará nº 1.257, de 23 de FEVEREIRO de 2026",25/02/2026
dou/dou_23620677_alvar_n_1_258_de_23_de_fevereiro_de_2026.txt,DOU,documento,"Alvará nº 1.258, de 23 de FEVEREIRO de 2026",25/02/2026
dou/dou_23620946_portaria_sntep_mme_n_3_062_de_20_de_fevereiro_de_2.txt,DOU,documento,"PORTARIA SNTEP/MME Nº 3.062, DE 20 DE FEVEREIRO DE 2026",25/02/2026
dou/dou_23620991_alvar_n_1_259_de_23_de_fevereiro_de_2026.txt,DOU,documento,"Alvará nº 1.259, de 23 de FEVEREIRO de 2026",25/02/2026
dou/dou_23620992_alvar_n_1_263_de_23_de_fevereiro_de_2026.txt,DOU,documento,"Alvará nº 1.263, de 23 de FEVEREIRO de 2026",25/02/2026
dou/dou_23621023_alvar_n_1_260_de_23_de_fevereiro_de_2026.txt,DOU,documento,"Alvará nº 1.260, de 23 de FEVEREIRO de 2026",25/02/2026
dou/dou_23621024_alvar_n_1_262_de_23_de_fevereiro_de_2026.txt,DOU,documento,"Alvará nº 1.262, de 23 de FEVEREIRO de 2026",25/02/2026
dou/dou_23621029_alvar_n_1_261_de_23_de_fevereiro_de_2026.txt,DOU,documento,"Alvará nº 1.261, de 23 de FEVEREIRO de 2026",25/02/2026
dou/dou_23621352_alvar_n_1_264_de_23_de_fevereiro_de_2026.txt,DOU,documento,"Alvará nº 1.264, de 23 de FEVEREIRO de 2026",25/02/2026
dou/dou_23621838_despacho.txt,DOU,documento,Despacho,25/02/2026
dou/dou_23621839_despacho.txt,DOU,documento,Despacho,25/02/2026
dou/dou_23621841_despacho.txt,DOU,documento,Despacho,25/02/2026
dou/dou_23621842_despacho.txt,DOU,documento,Despacho,25/02/2026
dou/dou_23621843_despacho.txt,DOU,documento,Despacho,25/02/2026
dou/dou_23621844_despacho.txt,DOU,documento,Despacho,25/02/2026
dou/dou_23621845_despacho.txt,DOU,documento,Despacho,25/02/2026
dou/dou_23621846_despacho.txt,DOU,documento,Despacho,25/02/2026
dou/dou_23621847_despacho.txt,DOU,documento,Despacho,25/02/2026
dou/dou_23621854_despacho.txt,DOU,documento,Despacho,25/02/2026
dou/dou_23621855_despacho.txt,DOU,documento,Despacho,25/02/2026
dou/dou_23621856_despacho.txt,DOU,documento,Despacho,25/02/2026
dou/dou_23621858_despacho.txt,DOU,documento,Despacho,25/02/2026
dou/dou_23621871_despacho.txt,DOU,documento,Despacho,25/02/2026
dou/dou_23621872_despacho.txt,DOU,documento,Despacho,25/02/2026
dou/dou_23621874_despacho.txt,DOU,documento,Despacho,25/02/2026
dou/dou_23621875_despacho.txt,DOU,documento,Despacho,25/02/2026
dou/dou_23621876_despacho.txt,DOU,documento,Despacho,25/02/2026
dou/dou_23621877_despacho.txt,DOU,documento,Despacho,25/02/2026
dou/dou_23621878_despacho.txt,DOU,documento,Despacho,25/02/2026
dou/dou_23621879_despacho.txt,DOU,documento,Despacho,25/02/2026
dou/dou_23621880_despacho.txt,DOU,documento,Despacho,25/02/2026
dou/dou_23621881_despacho.txt,DOU,documento,Despacho,25/02/2026
dou/dou_23621882_despacho.txt,DOU,documento,Despacho,25/02/2026
dou/dou_23621883_despacho.txt,DOU,documento,Despacho,25/02/2026
dou/dou_23621884_despacho.txt,DOU,documento,Despacho,25/02/2026
dou/dou_23621885_despacho.txt,DOU,documento,Despacho,25/02/2026
dou/dou_23621886_despacho.txt,DOU,documento,Despacho,25/02/2026
dou/dou_23621887_despacho.txt,DOU,documento,Despacho,25/02/2026
dou/dou_23621888_despacho.txt,DOU,documento,Despacho,25/02/2026
dou/dou_23621889_despacho.txt,DOU,documento,Despacho,25/02/2026
dou/dou_23621890_despacho.txt,DOU,documento,Despacho,25/02/2026
dou/dou_23621891_despacho.txt,DOU,documento,Despacho,25/02/2026
dou/dou_23621908_despacho.txt,DOU,documento,Despacho,25/02/2026
dou/dou_23621909_despacho.txt,DOU,documento,Despacho,25/02/2026
dou/dou_23621910_despacho.txt,DOU,documento,Despacho,25/02/2026
dou/dou_23622121_despacho_n_305_de_2_de_fevereiro_de_2026.txt,DOU,documento,"DESPACHO Nº 305, DE 2 DE FEVEREIRO DE 2026",25/02/2026
dou/dou_23622122_despacho_n_522_de_11_de_fevereiro_de_2026.txt,DOU,documento,"DESPACHO Nº 522, DE 11 DE FEVEREIRO DE 2026",25/02/2026
dou/dou_23622123_despacho_n_328_de_2_de_fevereiro_de_2026.txt,DOU,documento,"DESPACHO Nº 328, DE 2 DE FEVEREIRO DE 2026",25/02/2026
dou/dou_23622124_despacho_n_350_de_3_de_fevereiro_de_2026.txt,DOU,documento,"DESPACHO Nº 350, DE 3 DE FEVEREIRO DE 2026",25/02/2026
dou/dou_23622125_despacho_n_367_de_4_de_fevereiro_de_2026.txt,DOU,documento,"DESPACHO Nº 367, DE 4 DE FEVEREIRO DE 2026",25/02/2026
dou/dou_23622126_despacho_n_398_de_5_de_fevereiro_de_2026.txt,DOU,documento,"DESPACHO Nº 398, DE 5 DE FEVEREIRO DE 2026",25/02/2026
dou/dou_23622127_despacho_n_404_de_6_de_fevereiro_de_2026.txt,DOU,documento,"DESPACHO Nº 404, DE 6 DE FEVEREIRO DE 2026",25/02/2026
dou/dou_23622148_despacho_n_416_de_9_de_fevereiro_de_2026.txt,DOU,documento,"DESPACHO Nº  416, DE 9 DE FEVEREIRO DE 2026",25/02/2026
dou/dou_23622149_despacho_n_429_de_9_de_fevereiro_de_2026.txt,DOU,documento,"DESPACHO Nº 429, DE 9 DE FEVEREIRO DE 2026",25/02/2026
dou/dou_23622150_despacho_n_478_de_23_de_janeiro_de_2026.txt,DOU,documento,"DESPACHO Nº 478, DE 23 DE JANEIRO DE 2026",25/02/2026
dou/dou_23622245_despacho_sdl_anp_n_282_de_24_de_fevereiro_de_2026.txt,DOU,documento,"DESPACHO SDL - ANP Nº 282, DE 24 DE FEVEREIRO DE 2026",25/02/2026
dou/dou_23622246_despacho_sdl_anp_n_283_de_24_de_fevereiro_de_2026.txt,DOU,documento,"DESPACHO SDL - ANP Nº 283, DE 24 DE FEVEREIRO DE 2026",25/02/2026
dou/dou_23622247_despacho_sdl_anp_n_284_de_24_de_fevereiro_de_2026.txt,DOU,documento,"DESPACHO SDL - ANP Nº 284, DE 24 DE FEVEREIRO DE 2026",25/02/2026
dou/dou_23622288_despacho_sdl_anp_n_285_de_24_de_fevereiro_de_2026.txt,DOU,documento,"DESPACHO SDL - ANP Nº 285, DE 24 DE FEVEREIRO DE 2026",25/02/2026
dou/dou_23622289_port_350_2026_002.txt,DOU,documento,Port 350_2026_002,25/02/2026
dou/dou_23622289_portaria_anp_n_350_de_23_de_fevereiro_de_2026.txt,DOU,documento,"PORTARIA ANP Nº 350, DE 23 DE FEVEREIRO DE 2026",25/02/2026
dou/dou_23623487_autoriza_o_sbq_cpt_anp_n_94_de_24_de_fevereiro_de_.txt,DOU,documento,"AUTORIZAÇÃO SBQ-CPT-ANP Nº 94, DE 24 DE FEVEREIRO DE 2026",25/02/2026
dou/dou_23623508_despacho_sbq_cpt_anp_n_286_de_24_de_fevereiro_de_2.txt,DOU,documento,"DESPACHO SBQ-CPT-ANP Nº 286, DE 24 DE FEVEREIRO DE 2026",25/02/2026
dou/dou_23623509_despacho_sep_anp_n_287_de_24_de_fevereiro_de_2026.txt,DOU,documento,"DESPACHO SEP-ANP Nº 287, DE 24 DE FEVEREIRO DE 2026",25/02/2026
dou/dou_23623691_resolu_o_anm_n_230_de_24_de_fevereiro_de_2026.txt,DOU,documento,"Resolução ANM Nº 230, DE 24 DE fevereiro DE 2026",25/02/2026
dou/dou_23623707_retifica_o.txt,DOU,documento,RETIFICAÇÃO,25/02/2026
dou/dou_23623748_despacho_n_617_de_24_de_fevereiro_de_2026.txt,DOU,documento,"DESPACHO Nº 617, DE 24 DE FEVEREIRO DE 2026",25/02/2026
dou/dou_23623892_retifica_o.txt,DOU,documento,RETIFICAÇÃO,25/02/2026
dou/dou_23623893_despacho_n_581_de_20_de_fevereiro_de_2026.txt,DOU,documento,"DESPACHO Nº 581, DE 20 DE FEVEREIRO DE 2026",25/02/2026
dou/dou_23623894_despacho_n_588_de_20_de_fevereiro_de_2026.txt,DOU,documento,"DESPACHO Nº 588, DE 20 DE FEVEREIRO DE 2026",25/02/2026
dou/dou_23623895_despacho_n_593_de_23_de_fevereiro_de_2026.txt,DOU,documento,"DESPACHO Nº 593, DE 23 DE FEVEREIRO DE 2026",25/02/2026
dou/dou_23623896_despacho_n_594_de_23_de_fevereiro_de_2026.txt,DOU,documento,"DESPACHO Nº 594, DE 23 DE FEVEREIRO DE 2026",25/02/2026
dou/dou_23623897_despacho_n_596_de_23_de_fevereiro_de_2026.txt,DOU,documento,"DESPACHO Nº 596, DE 23 DE FEVEREIRO DE 2026",25/02/2026
dou/dou_23623898_despacho_n_600_de_23_de_fevereiro_de_2026.txt,DOU,documento,"DESPACHO Nº 600, DE 23 DE FEVEREIRO DE 2026",25/02/2026
dou/dou_23623899_despacho_n_607_de_23_de_fevereiro_de_2026.txt,DOU,documento,"DESPACHO Nº 607, DE 23 DE FEVEREIRO DE 2026",25/02/2026
dou/dou_23623900_despacho_n_611_de_24_de_fevereiro_de_2026.txt,DOU,documento,"DESPACHO Nº 611, DE 24 DE FEVEREIRO DE 2026",25/02/2026
dou/dou_23623901_despacho_n_622_de_24_de_fevereiro_de_2026.txt,DOU,documento,"DESPACHO Nº 622, DE 24 DE FEVEREIRO DE 2026",25/02/2026
dou/dou_23623902_despacho_n_280_de_30_de_janeiro_de_2026.txt,DOU,documento,"DESPACHO Nº 280, DE 30 DE JANEIRO DE 2026",25/02/2026
dou/dou_23623903_despacho_n_553_de_23_de_fevereiro_de_2026.txt,DOU,documento,"DESPACHO Nº 553, DE 23 DE FEVEREIRO DE 2026",25/02/2026
dou/dou_23623904_despacho_n_389_de_5_de_fevereiro_de_2026.txt,DOU,documento,"DESPACHO Nº 389, DE 5 DE FEVEREIRO DE 2026",25/02/2026
dou/dou_23623905_despacho_n_399_de_5_de_fevereiro_de_2026.txt,DOU,documento,"DESPACHO Nº 399, DE 5 DE FEVEREIRO DE 2026",25/02/2026
dou/dou_23623906_despacho_n_401_de_6_de_fevereiro_de_2026.txt,DOU,documento,"DESPACHO Nº 401, DE 6 DE FEVEREIRO DE 2026",25/02/2026
dou/dou_23623907_despacho_n_403_de_6_de_fevereiro_de_2026.txt,DOU,documento,"DESPACHO Nº 403, DE 6 DE FEVEREIRO DE 2026",25/02/2026
dou/dou_23623908_despacho_n_415_de_9_de_fevereiro_de_2026.txt,DOU,documento,"DESPACHO Nº 415, DE 9 DE FEVEREIRO DE 2026",25/02/2026
dou/dou_23623909_despacho_n_417_de_9_de_fevereiro_de_2026.txt,DOU,documento,"DESPACHO Nº 417, DE 9 DE FEVEREIRO DE 2026",25/02/2026
dou/dou_23623910_despacho_n_423_de_9_de_fevereiro_de_2026.txt,DOU,documento,"DESPACHO Nº 423, DE 9 DE FEVEREIRO DE 2026",25/02/2026
dou/dou_23623911_despacho_n_435_de_9_de_fevereiro_de_2026.txt,DOU,documento,"DESPACHO Nº 435, DE 9 DE FEVEREIRO DE 2026",25/02/2026
dou/dou_23623912_despacho_n_461_de_10_de_fevereiro_de_2026.txt,DOU,documento,"DESPACHO Nº 461, DE 10 DE FEVEREIRO DE 2026",25/02/2026
dou/dou_23623913_despacho_n_464_de_10_de_fevereiro_de_2026.txt,DOU,documento,"DESPACHO Nº 464, DE 10 DE FEVEREIRO DE 2026",25/02/2026
dou/dou_23623914_despacho_n_554_de_23_de_fevereiro_de_2026.txt,DOU,documento,"DESPACHO Nº 554, DE 23 DE FEVEREIRO DE 2026",25/02/2026
dou/dou_23623915_despacho_n_468_de_10_de_fevereiro_de_2026.txt,DOU,documento,"DESPACHO Nº 468, DE 10 DE FEVEREIRO DE 2026",25/02/2026
dou/dou_23623916_despacho_n_471_de_10_de_fevereiro_de_2026.txt,DOU,documento,"DESPACHO Nº 471, DE 10 DE FEVEREIRO DE 2026",25/02/2026
dou/dou_23623917_despacho_n_569_de_19_de_fevereiro_de_2026.txt,DOU,documento,"DESPACHO Nº 569, DE 19 DE FEVEREIRO DE 2026",25/02/2026
dou/dou_23623918_despacho_n_570_de_19_de_fevereiro_de_2026.txt,DOU,documento,"DESPACHO Nº 570, DE 19 DE FEVEREIRO DE 2026",25/02/2026
dou/dou_23623919_despacho_n_576_de_19_de_fevereiro_de_2026.txt,DOU,documento,"DESPACHO Nº 576, DE 19 DE FEVEREIRO DE 2026",25/02/2026
dou/dou_23623920_despacho_n_591_de_20_de_fevereiro_de_2026.txt,DOU,documento,"DESPACHO Nº 591, DE 20 DE FEVEREIRO DE 2026",25/02/2026
dou/dou_23623921_despacho_n_592_de_23_de_fevereiro_de_2026.txt,DOU,documento,"DESPACHO Nº 592, DE 23 DE FEVEREIRO DE 2026",25/02/2026
dou/dou_23623922_despacho_n_599_de_23_de_fevereiro_de_2026.txt,DOU,documento,"DESPACHO Nº 599, DE 23 DE FEVEREIRO DE 2026",25/02/2026
dou/dou_23623923_despacho_n_555_de_23_de_fevereiro_de_2026.txt,DOU,documento,"DESPACHO Nº 555, DE 23 DE FEVEREIRO DE 2026",25/02/2026
dou/dou_23623924_despacho_n_557_de_23_de_fevereiro_de_2026.txt,DOU,documento,"DESPACHO Nº 557, DE 23 DE FEVEREIRO DE 2026",25/02/2026
dou/dou_23623925_despacho_n_559_de_23_de_fevereiro_de_2026.txt,DOU,documento,"DESPACHO Nº 559, DE 23 DE FEVEREIRO DE 2026",25/02/2026
dou/dou_23623927_despacho_n_560_de_23_de_fevereiro_de_2026.txt,DOU,documento,"DESPACHO Nº 560, DE 23 DE FEVEREIRO DE 2026",25/02/2026
dou/dou_23623928_despacho_n_561_de_23_de_fevereiro_de_2026.txt,DOU,documento,"DESPACHO Nº 561, DE 23 DE FEVEREIRO DE 2026",25/02/2026
dou/dou_23623929_despacho_n_563_de_23_de_fevereiro_de_2026.txt,DOU,documento,"DESPACHO Nº 563, DE 23 DE FEVEREIRO DE 2026",25/02/2026
dou/dou_23624222_retifica_o.txt,DOU,documento,RETIFICAÇÃO,25/02/2026
dou/dou_23624945_despacho.txt,DOU,documento,Despacho,26/02/2026
dou/dou_23625880_alvar_n_1_265_de_24_de_fevereiro_de_2026.txt,DOU,documento,"Alvará nº 1.265, de 24 de FEVEREIRO de 2026",26/02/2026
dou/dou_23625881_alvar_n_1_266_de_24_de_fevereiro_de_2026.txt,DOU,documento,"Alvará nº 1.266, de 24 de FEVEREIRO de 2026",26/02/2026
dou/dou_23626234_despacho.txt,DOU,documento,Despacho,26/02/2026
dou/dou_23626271_despacho.txt,DOU,documento,Despacho,26/02/2026
dou/dou_23626274_despacho.txt,DOU,documento,Despacho,26/02/2026
dou/dou_23626291_despacho.txt,DOU,documento,Despacho,26/02/2026
dou/dou_23626299_despacho.txt,DOU,documento,Despacho,26/02/2026
dou/dou_23626312_despacho.txt,DOU,documento,Despacho,26/02/2026
dou/dou_23626314_despacho.txt,DOU,documento,Despacho,26/02/2026
dou/dou_23626315_despacho.txt,DOU,documento,DESPACHO,26/02/2026
dou/dou_23626329_despacho.txt,DOU,documento,Despacho,26/02/2026
dou/dou_23626330_despacho.txt,DOU,documento,Despacho,26/02/2026
dou/dou_23626331_despacho.txt,DOU,documento,Despacho,26/02/2026
dou/dou_23626332_despacho.txt,DOU,documento,Despacho,26/02/2026
dou/dou_23626348_despacho.txt,DOU,documento,Despacho,26/02/2026
dou/dou_23627046_s_mula_n_13_de_24_de_fevereiro_de_2026.txt,DOU,documento,"Súmula Nº 13, DE 24 DE fevereiro DE 2026",26/02/2026
dou/dou_23627594_despacho_spg_anp_n_290_de_25_de_fevereiro_de_2026.txt,DOU,documento,"DESPACHO SPG - ANP Nº 290, DE 25 DE FEVEREIRO DE 2026",26/02/2026
dou/dou_23627595_despacho_stm_anp_n_289_de_25_de_fevereiro_de_2026.txt,DOU,documento,"DESPACHO STM - ANP Nº 289, DE 25 DE FEVEREIRO DE 2026",26/02/2026
dou/dou_23627596_despacho_stm_anp_n_288_de_25_de_fevereiro_de_2026.txt,DOU,documento,"DESPACHO STM - ANP Nº 288, DE 25 DE FEVEREIRO DE 2026",26/02/2026
dou/dou_23627806_despacho.txt,DOU,documento,Despacho,26/02/2026
dou/dou_23627807_despacho.txt,DOU,documento,Despacho,26/02/2026
dou/dou_23627841_despacho.txt,DOU,documento,Despacho,26/02/2026
dou/dou_23627842_despacho.txt,DOU,documento,Despacho,26/02/2026
dou/dou_23627859_despacho.txt,DOU,documento,Despacho,26/02/2026
dou/dou_23627861_despacho.txt,DOU,documento,Despacho,26/02/2026
dou/dou_23627868_despacho.txt,DOU,documento,Despacho,26/02/2026
dou/dou_23627869_despacho.txt,DOU,documento,Despacho,26/02/2026
dou/dou_23627870_despacho.txt,DOU,documento,Despacho,26/02/2026
dou/dou_23627871_despacho.txt,DOU,documento,Despacho,26/02/2026
dou/dou_23627872_despacho.txt,DOU,documento,Despacho,26/02/2026
dou/dou_23627873_despacho.txt,DOU,documento,Despacho,26/02/2026
dou/dou_23629136_despacho_n_620_de_24_de_fevereiro_de_2026.txt,DOU,documento,"DESPACHO Nº 620, DE 24 DE FEVEREIRO DE 2026",26/02/2026
dou/dou_23629137_despacho_n_572_de_19_de_fevereiro_de_2026.txt,DOU,documento,"DESPACHO Nº 572, DE 19 DE FEVEREIRO DE 2026",26/02/2026
dou/dou_23629138_despacho_n_625_de_24_de_fevereiro_de_2026.txt,DOU,documento,"DESPACHO Nº 625, DE 24 DE FEVEREIRO DE 2026",26/02/2026
dou/dou_23629139_despacho_n_621_de_24_de_fevereiro_de_2026.txt,DOU,documento,"DESPACHO Nº 621, DE 24 DE FEVEREIRO DE 2026",26/02/2026
dou/dou_23629140_despacho_n_623_de_24_de_fevereiro_de_2026.txt,DOU,documento,"DESPACHO Nº 623, DE 24 DE FEVEREIRO DE 2026",26/02/2026
dou/dou_23629141_despacho_n_630_de_24_de_fevereiro_de_2026.txt,DOU,documento,"DESPACHO Nº 630, DE 24 DE FEVEREIRO DE 2026",26/02/2026
dou/dou_23629142_despacho_n_317_de_4_de_fevereiro_de_2026.txt,DOU,documento,"DESPACHO Nº 317, DE 4 DE FEVEREIRO DE 2026",26/02/2026
dou/dou_23629143_despacho_n_477_de_10_de_fevereiro_de_2026.txt,DOU,documento,"DESPACHO Nº 477, DE 10 DE FEVEREIRO DE 2026",26/02/2026
dou/dou_23629144_despacho_n_480_de_10_de_fevereiro_de_2026.txt,DOU,documento,"DESPACHO Nº 480, DE 10 DE FEVEREIRO DE 2026",26/02/2026
dou/dou_23629145_despacho_n_481_de_10_de_fevereiro_de_2026.txt,DOU,documento,"DESPACHO Nº 481, DE 10 DE FEVEREIRO DE 2026",26/02/2026
dou/dou_23629146_despacho_n_523_de_11_de_fevereiro_de_2026.txt,DOU,documento,"DESPACHO Nº 523, DE 11 DE FEVEREIRO DE 2026",26/02/2026
dou/dou_23629189_despacho.txt,DOU,documento,Despacho,26/02/2026
dou/dou_23629191_despacho.txt,DOU,documento,Despacho,26/02/2026
dou/dou_23629193_despacho.txt,DOU,documento,Despacho,26/02/2026
dou/dou_23629291_despacho_n_616_de_24_de_fevereiro_de_2026.txt,DOU,documento,"DESPACHO Nº 616, DE 24 DE FEVEREIRO DE 2026",26/02/2026
dou/dou_23629292_portaria_n_7_058_de_23_de_fevereiro_de_2026.txt,DOU,documento,"PORTARIA Nº 7.058, DE 23 DE FEVEREIRO DE 2026",26/02/2026
dou/dou_23629293_portaria_n_7_060_de_23_de_fevereiro_de_2026.txt,DOU,documento,"PORTARIA Nº 7.060, DE 23 DE FEVEREIRO DE 2026",26/02/2026
dou/dou_23629294_portaria_n_7_061_de_23_de_fevereiro_de_2026.txt,DOU,documento,"PORTARIA Nº 7.061, DE 23 DE FEVEREIRO DE 2026",26/02/2026
dou/dou_23629295_portaria_n_7_062_de_23_de_fevereiro_de_2026.txt,DOU,documento,"PORTARIA Nº 7.062, DE 23 DE FEVEREIRO DE 2026",26/02/2026
dou/dou_23629595_despacho.txt,DOU,documento,Despacho,27/02/2026
dou/dou_23629599_despacho.txt,DOU,documento,Despacho,27/02/2026
dou/dou_23629650_despacho.txt,DOU,documento,Despacho,27/02/2026
dou/dou_23629652_despacho.txt,DOU,documento,Despacho,27/02/2026
dou/dou_23629653_despacho.txt,DOU,documento,Despacho,27/02/2026
dou/dou_23629656_despacho.txt,DOU,documento,Despacho,27/02/2026
dou/dou_23629657_despacho.txt,DOU,documento,Despacho,27/02/2026
dou/dou_23629658_despacho.txt,DOU,documento,Despacho,27/02/2026
dou/dou_23629659_despacho.txt,DOU,documento,Despacho,27/02/2026
dou/dou_23632067_despacho.txt,DOU,documento,Despacho,27/02/2026
dou/dou_23632123_despacho.txt,DOU,documento,Despacho,27/02/2026
dou/dou_23632124_despacho.txt,DOU,documento,Despacho,27/02/2026
dou/dou_23632125_despacho.txt,DOU,documento,Despacho,27/02/2026
dou/dou_23632126_despacho.txt,DOU,documento,Despacho,27/02/2026
dou/dou_23632135_despacho.txt,DOU,documento,Despacho,27/02/2026
dou/dou_23632136_despacho.txt,DOU,documento,Despacho,27/02/2026
dou/dou_23632137_despacho.txt,DOU,documento,Despacho,27/02/2026
dou/dou_23632138_despacho.txt,DOU,documento,Despacho,27/02/2026
dou/dou_23632140_despacho.txt,DOU,documento,Despacho,27/02/2026
dou/dou_23632188_portaria_mme_n_897_de_26_de_fevereiro_de_2026.txt,DOU,documento,"PORTARIA MME Nº 897, DE 26 DE FEVEREIRO DE 2026",27/02/2026
dou/dou_23632963_portaria_mme_n_898_de_26_de_fevereiro_de_2026.txt,DOU,documento,"PORTARIA MME Nº 898, DE 26 DE FEVEREIRO DE 2026",27/02/2026
dou/dou_23633483_despacho_sdl_anp_n_302_de_26_de_fevereiro_de_2026.txt,DOU,documento,"DESPACHO SDL-ANP Nº 302, DE 26 DE FEVEREIRO DE 2026",27/02/2026
dou/dou_23633484_despacho_sdl_anp_n_303_de_26_de_fevereiro_de_2026.txt,DOU,documento,"DESPACHO SDL-ANP Nº 303, DE 26 DE FEVEREIRO DE 2026",27/02/2026
dou/dou_23633509_autoriza_o_sdl_anp_n_95_de_26_de_fevereiro_de_2026.txt,DOU,documento,"AUTORIZAÇÃO SDL-ANP Nº 95, DE 26 DE FEVEREIRO DE 2026",27/02/2026
dou/dou_23633510_retifica_o.txt,DOU,documento,RETIFICAÇÃO,27/02/2026
dou/dou_23633518_despacho_sdl_anp_n_292_de_26_de_fevereiro_de_2026.txt,DOU,documento,"DESPACHO SDL-ANP Nº 292, DE 26 DE FEVEREIRO DE 2026",27/02/2026
dou/dou_23633519_despacho_sdl_anp_n_293_de_26_de_fevereiro_de_2026.txt,DOU,documento,"DESPACHO SDL-ANP Nº 293, DE 26 DE FEVEREIRO DE 2026",27/02/2026
dou/dou_23633520_despacho_sdl_anp_n_294_de_26_de_fevereiro_de_2026.txt,DOU,documento,"DESPACHO SDL-ANP Nº 294, DE 26 DE FEVEREIRO DE 2026",27/02/2026
dou/dou_23633521_despacho_sdl_anp_n_295_de_26_de_fevereiro_de_2026.txt,DOU,documento,"DESPACHO SDL-ANP Nº 295, DE 26 DE FEVEREIRO DE 2026",27/02/2026
dou/dou_23633522_despacho_sdl_anp_n_296_de_26_de_fevereiro_de_2026.txt,DOU,documento,"DESPACHO SDL-ANP Nº 296, DE 26 DE FEVEREIRO DE 2026",27/02/2026
dou/dou_23633556_despacho_sso_anp_n_297_de_26_de_fevereiro_de_2026.txt,DOU,documento,"DESPACHO SSO-ANP Nº 297, DE 26 DE FEVEREIRO DE 2026",27/02/2026
dou/dou_23633557_despacho_sso_anp_n_298_de_26_de_fevereiro_de_2026.txt,DOU,documento,"DESPACHO SSO-ANP Nº 298, DE 26 DE FEVEREIRO DE 2026",27/02/2026
dou/dou_23633558_despacho_sbq_anp_n_299_de_26_de_fevereiro_de_2026.txt,DOU,documento,"DESPACHO SBQ-ANP Nº 299, DE 26 DE FEVEREIRO DE 2026",27/02/2026
dou/dou_23633559_despacho_sso_anp_n_300_de_26_de_fevereiro_de_2026.txt,DOU,documento,"DESPACHO SSO-ANP Nº 300, DE 26 DE FEVEREIRO DE 2026",27/02/2026
dou/dou_23633561_despacho_sso_anp_n_301_de_26_de_fevereiro_de_2026.txt,DOU,documento,"DESPACHO SSO-ANP Nº 301, DE 26 DE FEVEREIRO DE 2026",27/02/2026
dou/dou_23633951_despacho_n_646_de_25_de_fevereiro_de_2026.txt,DOU,documento,"DESPACHO Nº 646, DE 25 DE FEVEREIRO DE 2026",27/02/2026
dou/dou_23633952_despacho_n_647_de_25_de_fevereiro_de_2026.txt,DOU,documento,"DESPACHO Nº 647, DE 25 DE FEVEREIRO DE 2026",27/02/2026
dou/dou_23633953_despacho_n_648_de_25_de_fevereiro_de_2026.txt,DOU,documento,"DESPACHO Nº 648, DE 25 DE FEVEREIRO DE 2026",27/02/2026
dou/dou_23633954_despacho_n_649_de_25_de_fevereiro_de_2026.txt,DOU,documento,"DESPACHO Nº 649, DE 25 DE FEVEREIRO DE 2026",27/02/2026
dou/dou_23633956_despacho_n_650_de_25_de_fevereiro_de_2026.txt,DOU,documento,"DESPACHO Nº 650, DE 25 DE FEVEREIRO DE 2026",27/02/2026
dou/dou_23633958_despacho_n_653_de_25_de_fevereiro_de_2026.txt,DOU,documento,"DESPACHO Nº 653, DE 25 DE FEVEREIRO DE 2026",27/02/2026
dou/dou_23634449_portaria_mme_n_899_de_26_de_fevereiro_de_2026.txt,DOU,documento,"PORTARIA MME Nº 899, DE 26 DE FEVEREIRO DE 2026",27/02/2026
dou/dou_23634464_despacho_n_262_de_24_de_fevereiro_de_2026.txt,DOU,documento,"DESPACHO Nº 262, DE 24 DE FEVEREIRO DE 2026",27/02/2026
dou/dou_23634465_despacho_n_663_de_26_de_fevereiro_de_2026.txt,DOU,documento,"DESPACHO Nº 663, DE 26 DE FEVEREIRO DE 2026",27/02/2026
dou/dou_23634466_resolu_o_autorizativa_n_16_619_de_24_de_fevereiro_.txt,DOU,documento,"RESOLUÇÃO AUTORIZATIVA Nº 16.619, DE 24 DE FEVEREIRO DE 2026",27/02/2026
dou/dou_23634467_resolu_o_autorizativa_n_16_620_de_24_de_fevereiro_.txt,DOU,documento,"RESOLUÇÃO AUTORIZATIVA Nº 16.620, DE 24 DE FEVEREIRO DE 2026",27/02/2026
dou/dou_23634488_resolu_o_autorizativa_n_16_621_de_24_de_fevereiro_.txt,DOU,documento,"RESOLUÇÃO AUTORIZATIVA Nº 16.621, DE 24 DE FEVEREIRO DE 2026",27/02/2026
dou/dou_23634490_resolu_o_autorizativa_n_16_622_de_24_de_fevereiro_.txt,DOU,documento,"RESOLUÇÃO AUTORIZATIVA Nº 16.622, DE 24 DE FEVEREIRO DE 2026",27/02/2026
dou/dou_23634491_despacho_n_610_de_24_de_fevereiro_de_2026.txt,DOU,documento,"DESPACHO Nº 610, DE 24 DE FEVEREIRO DE 2026",27/02/2026
dou/dou_23634492_despacho_n_634_de_24_de_fevereiro_de_2026.txt,DOU,documento,"DESPACHO Nº 634, DE 24 DE FEVEREIRO DE 2026",27/02/2026
dou/dou_23634493_retifica_o.txt,DOU,documento,RETIFICAÇÃO,27/02/2026
dou/dou_23634494_despacho_n_386_de_5_de_fevereiro_de_2026.txt,DOU,documento,"DESPACHO Nº 386, DE 5 DE FEVEREIRO DE 2026",27/02/2026
dou/dou_23634495_despacho_n_595_de_23_de_fevereiro_de_2026.txt,DOU,documento,"DESPACHO Nº 595, DE 23 DE FEVEREIRO DE 2026",27/02/2026
dou/dou_23634496_despacho_n_598_de_23_de_fevereiro_de_2026.txt,DOU,documento,"DESPACHO Nº 598, DE 23 DE FEVEREIRO DE 2026",27/02/2026
dou/dou_23634497_despacho_n_604_de_23_de_fevereiro_de_2026.txt,DOU,documento,"DESPACHO Nº 604, DE 23 DE FEVEREIRO DE 2026",27/02/2026
dou/dou_23634498_despacho_n_636_de_25_de_fevereiro_de_2026.txt,DOU,documento,"DESPACHO Nº 636, DE 25 DE FEVEREIRO DE 2026",27/02/2026
dou/dou_23634649_despacho_n_669_de_26_de_fevereiro_de_2026.txt,DOU,documento,"DESPACHO Nº 669, DE 26 DE FEVEREIRO DE 2026",27/02/2026
ons/ons_s_bmodulo_1_2_pr_2023_07.txt,ONS,documento,Súbmodulo 1.2-PR_2023.07,
ons/ons_s_bmodulo_2_10_rq_2023_1.txt,ONS,documento,Súbmodulo 2.10-RQ_2023.1,
ons/ons_s_bmodulo_3_10_op_2022_12.txt,ONS,documento,Súbmodulo 3.10-OP_2022.12,
ons/ons_s_bmodulo_3_10_op_2023_06.txt,ONS,documento,Súbmodulo 3.10-OP_2023.06,
ons/ons_s_bmodulo_3_11_op_2023_06.txt,ONS,documento,Súbmodulo 3.11-OP_2023.06,
ons/ons_s_bmodulo_3_1_pr_2023_01.txt,ONS,documento,Súbmodulo 3.1-PR_2023.01,
ons/ons_s_bmodulo_3_1_rs_2023_01.txt,ONS,documento,Súbmodulo 3.1-RS_2023.01,
ons/ons_s_bmodulo_3_2_pr_2023_01.txt,ONS,documento,Súbmodulo 3.2-PR_2023.01,
ons/ons_s_bmodulo_3_2_rs_2023_01.txt,ONS,documento,Súbmodulo 3.2-RS_2023.01,
ons/ons_s_bmodulo_3_5_op_2022_11.txt,ONS,documento,Súbmodulo 3.5-OP_2022.11,
ons/ons_s_bmodulo_3_5_op_2023_03.txt,ONS,documento,Súbmodulo 3.5-OP_2023.03,
ons/ons_s_bmodulo_4_2_pr_2022_08.txt,ONS,documento,Súbmodulo 4.2-PR_2022.08,
ons/ons_s_bmodulo_4_4_op_2022_10.txt,ONS,documento,Súbmodulo 4.4-OP_2022.10,
ons/ons_s_bmodulo_4_4_op_2023_03.txt,ONS,documento,Súbmodulo 4.4-OP_2023.03,
ons/ons_s_bmodulo_4_5_pr_2022_05.txt,ONS,documento,Súbmodulo 4.5-PR_2022.05,
ons/ons_s_bmodulo_4_5_pr_2023_08.txt,ONS,documento,Súbmodulo 4.5-PR_2023.08,
ons/ons_s_bmodulo_4_5_rs_2023_08.txt,ONS,documento,Súbmodulo 4.5-RS_2023.08,
ons/ons_s_bmodulo_5_1_op_2022_08.txt,ONS,documento,Súbmodulo 5.1-OP_2022.08,
ons/ons_s_bmodulo_5_1_rs_2020_12.txt,ONS,documento,Súbmodulo 5.1-RS_2020.12,
ons/ons_s_bmodulo_6_16_rs_2022_11.txt,ONS,documento,Súbmodulo 6.16-RS_2022.11,
ons/ons_s_bmodulo_6_8_pr_2022_11.txt,ONS,documento,Súbmodulo 6.8-PR_2022.11,
ons/ons_s_bmodulo_6_8_rs_2022_11.txt,ONS,documento,Súbmodulo 6.8-RS_2022.11,
ons/ons_s_bmodulo_7_11_op_2023_03.txt,ONS,documento,Súbmodulo 7.11-OP_2023.03,
ons/ons_s_bmodulo_7_11_rs_2022_11.txt,ONS,documento,Súbmodulo 7.11-RS_2022.11,
ons/ons_s_bmodulo_7_13_pr_2023_1.txt,ONS,documento,Súbmodulo 7.13-PR_2023.1,
ons/ons_s_bmodulo_7_14_pr_2023_09.txt,ONS,documento,Súbmodulo 7.14-PR_2023.09,
ons/ons_s_bmodulo_7_15_pr_2022_08.txt,ONS,documento,Súbmodulo 7.15-PR_2022.08,
ons/ons_s_bmodulo_7_15_rs_2023_01.txt,ONS,documento,Súbmodulo 7.15-RS_2023.01,
ons/ons_s_bmodulo_7_1_pr_2023_08.txt,ONS,documento,Súbmodulo 7.1-PR_2023.08,
ons/ons_s_bmodulo_7_1_rs_2023_08.txt,ONS,documento,Súbmodulo 7.1-RS_2023.08,
ons/ons_s_bmodulo_7_9_op_2022_10.txt,ONS,documento,Súbmodulo 7.9-OP_2022.10,
ons/ons_s_bmodulo_8_1_pr_2023_07.txt,ONS,documento,Súbmodulo 8.1-PR_2023.07,
ons/ons_s_bmodulo_8_1_pr_2023_09.txt,ONS,documento,Súbmodulo 8.1-PR_2023.09,
ons/ons_s_bmodulo_8_1_rs_2023_07.txt,ONS,documento,Súbmodulo 8.1-RS_2023.07,
ons/ons_s_bmodulo_8_1_rs_2023_09.txt,ONS,documento,Súbmodulo 8.1-RS_2023.09,
ons/ons_s_bmodulo_8_1_rs_2023_1.txt,ONS,documento,Súbmodulo 8.1-RS_2023.1,
ons/ons_s_bmodulo_8_3_pr_2022_10.txt,ONS,documento,Súbmodulo 8.3-PR_2022.10,
ons/ons_s_bmodulo_8_3_pr_2023_09.txt,ONS,documento,Súbmodulo 8.3-PR_2023.09,
ons/ons_subm_dulo_1_1_op_2020_12.txt,ONS,documento,Submódulo 1.1-OP_2020.12,
ons/ons_subm_dulo_1_1_rs_2020_12.txt,ONS,documento,Submódulo 1.1-RS_2020.12,
ons/ons_subm_dulo_1_1_rs_2024_07.txt,ONS,documento,Submódulo 1.1-RS_2024.07,
ons/ons_subm_dulo_1_1_rs_2026_04.txt,ONS,documento,Submódulo 1.1-RS_2026.04,
ons/ons_subm_dulo_1_2_pr_2020_12.txt,ONS,documento,Submódulo 1.2-PR_2020.12,
ons/ons_subm_dulo_1_2_pr_2024_05.txt,ONS,documento,Submódulo 1.2-PR_2024.05,
ons/ons_subm_dulo_1_2_pr_2024_06.txt,ONS,documento,Submódulo 1.2-PR_2024.06,
ons/ons_subm_dulo_1_2_pr_2025_02.txt,ONS,documento,Submódulo 1.2-PR_2025.02,
ons/ons_subm_dulo_1_3_pr_2020_12.txt,ONS,documento,Submódulo 1.3-PR_2020.12,
ons/ons_subm_dulo_1_3_pr_2025_06.txt,ONS,documento,Submódulo 1.3-PR_2025.06,
ons/ons_subm_dulo_1_3_pr_2026_04.txt,ONS,documento,Submódulo 1.3-PR_2026.04,
ons/ons_subm_dulo_1_3_rs_2020_12.txt,ONS,documento,Submódulo 1.3-RS_2020.12,
ons/ons_subm_dulo_1_3_rs_2025_06.txt,ONS,documento,Submódulo 1.3-RS_2025.06,
ons/ons_subm_dulo_1_3_rs_2026_04.txt,ONS,documento,Submódulo 1.3-RS_2026.04,
ons/ons_subm_dulo_2_10_rq_2020_12.txt,ONS,documento,Submódulo 2.10-RQ_2020.12,
ons/ons_subm_dulo_2_10_rq_2021_08_docx_f72e315f_74a1_4c83_b601_d92d6.txt,ONS,documento,Submódulo 2.10-RQ_2021.08.docx_f72e315f-74a1-4c83-b601-d92d605fd0e6,
ons/ons_subm_dulo_2_10_rq_2022_10.txt,ONS,documento,Submódulo 2.10-RQ_2022.10,
ons/ons_subm_dulo_2_10_rq_2023_10.txt,ONS,documento,Submódulo 2.10-RQ_2023.10,
ons/ons_subm_dulo_2_10_rq_2025_02.txt,ONS,documento,Submódulo 2.10-RQ_2025.02,
ons/ons_subm_dulo_2_11_rq_2020_12.txt,ONS,documento,Submódulo 2.11-RQ_2020.12,
ons/ons_subm_dulo_2_11_rq_2024_05.txt,ONS,documento,Submódulo 2.11-RQ_2024.05,
ons/ons_subm_dulo_2_12_rq_2020_12.txt,ONS,documento,Submódulo 2.12-RQ_2020.12,
ons/ons_subm_dulo_2_12_rq_2022_06.txt,ONS,documento,Submódulo 2.12-RQ_2022.06,
ons/ons_subm_dulo_2_12_rq_2022_10_docx_3cffeb00_1aa5_4187_a0b8_8d190.txt,ONS,documento,Submódulo 2.12-RQ_2022.10.docx_3cffeb00-1aa5-4187-a0b8-8d190100a34d,
ons/ons_subm_dulo_2_12_rq_2024_12.txt,ONS,documento,Submódulo 2.12-RQ_2024.12,
ons/ons_subm_dulo_2_12_rq_2025_02.txt,ONS,documento,Submódulo 2.12-RQ_2025.02,
ons/ons_subm_dulo_2_12_rq_2026_04.txt,ONS,documento,Submódulo 2.12-RQ_2026.04,
ons/ons_subm_dulo_2_13_rq_2020_12.txt,ONS,documento,Submódulo 2.13-RQ_2020.12,
ons/ons_subm_dulo_2_14_rq_2020_12.txt,ONS,documento,Submódulo 2.14-RQ_2020.12,
ons/ons_subm_dulo_2_14_rq_2022_10_docx_327120d5_e044_40d8_ba2f_1ec70.txt,ONS,documento,Submódulo 2.14-RQ_2022.10.docx_327120d5-e044-40d8-ba2f-1ec7066124ca,
ons/ons_subm_dulo_2_14_rq_2022_11.txt,ONS,documento,Submódulo 2.14-RQ_2022.11,
ons/ons_subm_dulo_2_15_rq_2020_12.txt,ONS,documento,Submódulo 2.15-RQ_2020.12,
ons/ons_subm_dulo_2_15_rq_2021_06.txt,ONS,documento,Submódulo 2.15-RQ_2021.06,
ons/ons_subm_dulo_2_15_rq_2022_02.txt,ONS,documento,Submódulo 2.15-RQ_2022.02,
ons/ons_subm_dulo_2_15_rq_2025_02.txt,ONS,documento,Submódulo 2.15-RQ_2025.02,
ons/ons_subm_dulo_2_16_rq_2020_12.txt,ONS,documento,Submódulo 2.16-RQ_2020.12,
ons/ons_subm_dulo_2_16_rq_2022_02_docx_96956167_bfee_4ae3_bcc4_ff31e.txt,ONS,documento,Submódulo 2.16-RQ_2022.02.docx_96956167-bfee-4ae3-bcc4-ff31e9b07e50,
ons/ons_subm_dulo_2_16_rq_2025_02.txt,ONS,documento,Submódulo 2.16-RQ_2025.02,
ons/ons_subm_dulo_2_1_df_2020_12.txt,ONS,documento,Submódulo 2.1-DF_2020.12,
ons/ons_subm_dulo_2_1_df_2020_12_docx_18829464_44b8_40d4_8ad3_a8b5d4.txt,ONS,documento,Submódulo 2.1-DF_2020.12.docx_18829464-44b8-40d4-8ad3-a8b5d4bd13cf,
ons/ons_subm_dulo_2_1_df_2024_07.txt,ONS,documento,Submódulo 2.1-DF_2024.07,
ons/ons_subm_dulo_2_2_df_2020_12.txt,ONS,documento,Submódulo 2.2-DF_2020.12,
ons/ons_subm_dulo_2_2_df_2021_08_docx_039a920e_674a_4c2c_be30_454c86.txt,ONS,documento,Submódulo 2.2-DF_2021.08.docx_039a920e-674a-4c2c-be30-454c86f32816,
ons/ons_subm_dulo_2_2_df_2025_02.txt,ONS,documento,Submódulo 2.2-DF_2025.02,
ons/ons_subm_dulo_2_3_cr_2020_12.txt,ONS,documento,Submódulo 2.3-CR_2020.12,
ons/ons_subm_dulo_2_3_cr_2021_06.txt,ONS,documento,Submódulo 2.3-CR_2021.06,
ons/ons_subm_dulo_2_3_cr_2021_08_docx_77a6e3f8_0c6b_4500_b225_45c2fa.txt,ONS,documento,Submódulo 2.3-CR_2021.08.docx_77a6e3f8-0c6b-4500-b225-45c2fa8d1ba3,
ons/ons_subm_dulo_2_3_cr_2022_10.txt,ONS,documento,Submódulo 2.3-CR_2022.10,
ons/ons_subm_dulo_2_3_cr_2025_02.txt,ONS,documento,Submódulo 2.3-CR_2025.02,
ons/ons_subm_dulo_2_3_cr_2025_02_docx_fed7b0e2_0f65_4b9f_9e53_071a4d.txt,ONS,documento,Submódulo 2.3-CR_2025.02.docx_fed7b0e2-0f65-4b9f-9e53-071a4d3a8984,
ons/ons_subm_dulo_2_3_cr_2025_11.txt,ONS,documento,Submódulo 2.3-CR_2025.11,
ons/ons_subm_dulo_2_3_cr_2026_04.txt,ONS,documento,Submódulo 2.3-CR_2026.04,
ons/ons_subm_dulo_2_3_mt_2020_12.txt,ONS,documento,Submódulo 2.3-MT_2020.12,
ons/ons_subm_dulo_2_3_mt_2021_08_docx_f58df0f4_59c1_4b1d_a923_871fd9.txt,ONS,documento,Submódulo 2.3-MT_2021.08.docx_f58df0f4-59c1-4b1d-a923-871fd923c039,
ons/ons_subm_dulo_2_3_mt_2025_11.txt,ONS,documento,Submódulo 2.3-MT_2025.11,
ons/ons_subm_dulo_2_3_mt_2026_04.txt,ONS,documento,Submódulo 2.3-MT_2026.04,
ons/ons_subm_dulo_2_4_cr_2020_12.txt,ONS,documento,Submódulo 2.4-CR_2020.12,
ons/ons_subm_dulo_2_4_cr_2022_06.txt,ONS,documento,Submódulo 2.4-CR_2022.06,
ons/ons_subm_dulo_2_4_cr_2024_10.txt,ONS,documento,Submódulo 2.4-CR_2024.10,
ons/ons_subm_dulo_2_4_cr_2024_12.txt,ONS,documento,Submódulo 2.4-CR_2024.12,
ons/ons_subm_dulo_2_4_op_2024_10.txt,ONS,documento,Submódulo 2.4-OP_2024.10,
ons/ons_subm_dulo_2_4_op_2025_03.txt,ONS,documento,Submódulo 2.4-OP_2025.03,
ons/ons_subm_dulo_2_5_cr_2020_12.txt,ONS,documento,Submódulo 2.5-CR_2020.12,
ons/ons_subm_dulo_2_5_cr_2025_02.txt,ONS,documento,Submódulo 2.5-CR_2025.02,
ons/ons_subm_dulo_2_6_rq_2020_12.txt,ONS,documento,Submódulo 2.6-RQ_2020.12,
ons/ons_subm_dulo_2_6_rq_2021_06.txt,ONS,documento,Submódulo 2.6-RQ_2021.06,
ons/ons_subm_dulo_2_6_rq_2021_08_docx_16c3ed7c_cf3b_4cf6_aca5_9bfdab.txt,ONS,documento,Submódulo 2.6-RQ_2021.08.docx_16c3ed7c-cf3b-4cf6-aca5-9bfdabe244af,
ons/ons_subm_dulo_2_6_rq_2022_08.txt,ONS,documento,Submódulo 2.6-RQ_2022.08,
ons/ons_subm_dulo_2_7_rq_2020_12.txt,ONS,documento,Submódulo 2.7-RQ_2020.12,
ons/ons_subm_dulo_2_7_rq_2020_12_docx_09232908_8899_4ca4_94a3_c20151.txt,ONS,documento,Submódulo 2.7-RQ_2020.12.docx_09232908-8899-4ca4-94a3-c20151a4243a,
ons/ons_subm_dulo_2_7_rq_2026_04.txt,ONS,documento,Submódulo 2.7-RQ_2026.04,
ons/ons_subm_dulo_2_8_rq_2020_12.txt,ONS,documento,Submódulo 2.8-RQ_2020.12,
ons/ons_subm_dulo_2_8_rq_2021_08_docx_6164087f_f9a5_49fc_ad9c_33334e.txt,ONS,documento,Submódulo 2.8-RQ_2021.08.docx_6164087f-f9a5-49fc-ad9c-33334eff7f06,
ons/ons_subm_dulo_2_9_rq_2020_12.txt,ONS,documento,Submódulo 2.9-RQ_2020.12,
ons/ons_subm_dulo_2_9_rq_2022_10_docx_687a4257_1841_46b6_a0e7_51d584.txt,ONS,documento,Submódulo 2.9-RQ_2022.10.docx_687a4257-1841-46b6-a0e7-51d584546f98,
ons/ons_subm_dulo_2_9_rq_2026_04.txt,ONS,documento,Submódulo 2.9-RQ_2026.04,
ons/ons_subm_dulo_3_10_op_2020_12.txt,ONS,documento,Submódulo 3.10-OP_2020.12,
ons/ons_subm_dulo_3_10_op_2021_06.txt,ONS,documento,Submódulo 3.10-OP_2021.06,
ons/ons_subm_dulo_3_10_op_2022_10.txt,ONS,documento,Submódulo 3.10-OP_2022.10,
ons/ons_subm_dulo_3_10_rs_2020_12.txt,ONS,documento,Submódulo 3.10-RS_2020.12,
ons/ons_subm_dulo_3_10_rs_2021_06.txt,ONS,documento,Submódulo 3.10-RS_2021.06,
ons/ons_subm_dulo_3_11_op_2020_12.txt,ONS,documento,Submódulo 3.11-OP_2020.12,
ons/ons_subm_dulo_3_11_op_2025_02.txt,ONS,documento,Submódulo 3.11-OP_2025.02,
ons/ons_subm_dulo_3_11_rs_2020_12.txt,ONS,documento,Submódulo 3.11-RS_2020.12,
ons/ons_subm_dulo_3_11_rs_2021_08_docx_ad81a29d_6ffb_4732_bb83_e4289.txt,ONS,documento,Submódulo 3.11-RS_2021.08.docx_ad81a29d-6ffb-4732-bb83-e4289236d3d5,
ons/ons_subm_dulo_3_11_rs_2025_02.txt,ONS,documento,Submódulo 3.11-RS_2025.02,
ons/ons_subm_dulo_3_12_op_2020_12.txt,ONS,documento,Submódulo 3.12-OP_2020.12,
ons/ons_subm_dulo_3_12_op_2021_08_docx_ca2bbc82_02ab_472b_aad7_1bf46.txt,ONS,documento,Submódulo 3.12-OP_2021.08.docx_ca2bbc82-02ab-472b-aad7-1bf46888db39,
ons/ons_subm_dulo_3_12_rs_2020_12.txt,ONS,documento,Submódulo 3.12-RS_2020.12,
ons/ons_subm_dulo_3_1_pr_2020_12.txt,ONS,documento,Submódulo 3.1-PR_2020.12,
ons/ons_subm_dulo_3_1_pr_2021_08_docx_8c0f010c_73a1_4eff_a7ae_7fe18d.txt,ONS,documento,Submódulo 3.1-PR_2021.08.docx_8c0f010c-73a1-4eff-a7ae-7fe18dbf147c,
ons/ons_subm_dulo_3_1_pr_2021_08_docx_b832a6a5_64e0_46f8_97e5_f1ea3a.txt,ONS,documento,Submódulo 3.1-PR_2021.08.docx_b832a6a5-64e0-46f8-97e5-f1ea3a04ff87,
ons/ons_subm_dulo_3_1_pr_2024_07.txt,ONS,documento,Submódulo 3.1-PR_2024.07,
ons/ons_subm_dulo_3_1_pr_2025_02.txt,ONS,documento,Submódulo 3.1-PR_2025.02,
ons/ons_subm_dulo_3_1_rs_2020_12.txt,ONS,documento,Submódulo 3.1-RS_2020.12,
ons/ons_subm_dulo_3_1_rs_2021_08_docx_222d6904_7036_4bad_b18f_ac16c9.txt,ONS,documento,Submódulo 3.1-RS_2021.08.docx_222d6904-7036-4bad-b18f-ac16c90fbc2f,
ons/ons_subm_dulo_3_1_rs_2021_08_docx_657964f0_5e44_40fb_86f7_b2148c.txt,ONS,documento,Submódulo 3.1-RS_2021.08.docx_657964f0-5e44-40fb-86f7-b2148cb2b1d9,
ons/ons_subm_dulo_3_1_rs_2024_07.txt,ONS,documento,Submódulo 3.1-RS_2024.07,
ons/ons_subm_dulo_3_2_pr_2020_12.txt,ONS,documento,Submódulo 3.2-PR_2020.12,
ons/ons_subm_dulo_3_2_pr_2020_12_docx_83d01455_3ccf_489d_b585_e6ad4a.txt,ONS,documento,Submódulo 3.2-PR_2020.12.docx_83d01455-3ccf-489d-b585-e6ad4a898c35,
ons/ons_subm_dulo_3_2_rs_2020_12.txt,ONS,documento,Submódulo 3.2-RS_2020.12,
ons/ons_subm_dulo_3_2_rs_2021_08_docx_51900fc9_4a24_45b2_bc1e_abd573.txt,ONS,documento,Submódulo 3.2-RS_2021.08.docx_51900fc9-4a24-45b2-bc1e-abd573f48e70,
ons/ons_subm_dulo_3_2_rs_2021_08_docx_f252355a_dfd3_4ad1_bc4c_8b154d.txt,ONS,documento,Submódulo 3.2-RS_2021.08.docx_f252355a-dfd3-4ad1-bc4c-8b154d5d3562,
ons/ons_subm_dulo_3_3_pr_2020_12.txt,ONS,documento,Submódulo 3.3-PR_2020.12,
ons/ons_subm_dulo_3_3_pr_2023_11.txt,ONS,documento,Submódulo 3.3-PR_2023.11,
ons/ons_subm_dulo_3_3_pr_2024_10.txt,ONS,documento,Submódulo 3.3-PR_2024.10,
ons/ons_subm_dulo_3_3_rs_2024_10.txt,ONS,documento,Submódulo 3.3-RS_2024.10,
ons/ons_subm_dulo_3_4_op_2020_12.txt,ONS,documento,Submódulo 3.4-OP_2020.12,
ons/ons_subm_dulo_3_4_rs_2020_12.txt,ONS,documento,Submódulo 3.4-RS_2020.12,
ons/ons_subm_dulo_3_4_rs_2024_07.txt,ONS,documento,Submódulo 3.4-RS_2024.07,
ons/ons_subm_dulo_3_5_op_2020_12.txt,ONS,documento,Submódulo 3.5-OP_2020.12,
ons/ons_subm_dulo_3_5_op_2021_08_docx_c9a0e66f_f59b_4ccc_8d67_00a04f.txt,ONS,documento,Submódulo 3.5-OP_2021.08.docx_c9a0e66f-f59b-4ccc-8d67-00a04f0bbcc9,
ons/ons_subm_dulo_3_5_op_2023_11.txt,ONS,documento,Submódulo 3.5-OP_2023.11,
ons/ons_subm_dulo_3_5_rs_2021_06.txt,ONS,documento,Submódulo 3.5-RS_2021.06,
ons/ons_subm_dulo_3_5_rs_2021_08_docx_379d5986_d9fb_4fb2_8051_7eb406.txt,ONS,documento,Submódulo 3.5-RS_2021.08.docx_379d5986-d9fb-4fb2-8051-7eb4065a0fac,
ons/ons_subm_dulo_3_6_op_2020_12.txt,ONS,documento,Submódulo 3.6-OP_2020.12,
ons/ons_subm_dulo_3_6_rs_2020_12.txt,ONS,documento,Submódulo 3.6-RS_2020.12,
ons/ons_subm_dulo_3_7_op_2020_12.txt,ONS,documento,Submódulo 3.7-OP_2020.12,
ons/ons_subm_dulo_3_7_rs_2020_12.txt,ONS,documento,Submódulo 3.7-RS_2020.12,
ons/ons_subm_dulo_3_8_pr_2020_12.txt,ONS,documento,Submódulo 3.8-PR_2020.12,
ons/ons_subm_dulo_3_8_rs_2020_12.txt,ONS,documento,Submódulo 3.8-RS_2020.12,
ons/ons_subm_dulo_3_9_op_2020_12.txt,ONS,documento,Submódulo 3.9-OP_2020.12,
ons/ons_subm_dulo_3_9_rs_2020_12.txt,ONS,documento,Submódulo 3.9-RS_2020.12,
ons/ons_subm_dulo_4_1_op_2020_12.txt,ONS,documento,Submódulo 4.1-OP_2020.12,
ons/ons_subm_dulo_4_1_op_2021_08_docx_75b83b84_c3c5_4080_92db_529648.txt,ONS,documento,Submódulo 4.1-OP_2021.08.docx_75b83b84-c3c5-4080-92db-529648832e28,
ons/ons_subm_dulo_4_1_op_2024_04.txt,ONS,documento,Submódulo 4.1-OP_2024.04,
ons/ons_subm_dulo_4_1_rs_2020_12.txt,ONS,documento,Submódulo 4.1-RS_2020.12,
ons/ons_subm_dulo_4_1_rs_2024_07.txt,ONS,documento,Submódulo 4.1-RS_2024.07,
ons/ons_subm_dulo_4_2_pr_2020_12.txt,ONS,documento,Submódulo 4.2-PR_2020.12,
ons/ons_subm_dulo_4_2_pr_2023_12.txt,ONS,documento,Submódulo 4.2-PR_2023.12,
ons/ons_subm_dulo_4_2_rs_2020_12.txt,ONS,documento,Submódulo 4.2-RS_2020.12,
ons/ons_subm_dulo_4_2_rs_2024_07.txt,ONS,documento,Submódulo 4.2-RS_2024.07,
ons/ons_subm_dulo_4_3_pr_2020_12.txt,ONS,documento,Submódulo 4.3-PR_2020.12,
ons/ons_subm_dulo_4_3_pr_2023_11.txt,ONS,documento,Submódulo 4.3-PR_2023.11,
ons/ons_subm_dulo_4_3_pr_2024_10.txt,ONS,documento,Submódulo 4.3-PR_2024.10,
ons/ons_subm_dulo_4_3_rs_2020_12.txt,ONS,documento,Submódulo 4.3-RS_2020.12,
ons/ons_subm_dulo_4_3_rs_2024_10.txt,ONS,documento,Submódulo 4.3-RS_2024.10,
ons/ons_subm_dulo_4_4_op_2020_12.txt,ONS,documento,Submódulo 4.4-OP_2020.12,
ons/ons_subm_dulo_4_4_op_2021_11.txt,ONS,documento,Submódulo 4.4-OP_2021.11,
ons/ons_subm_dulo_4_4_op_2023_11.txt,ONS,documento,Submódulo 4.4-OP_2023.11,
ons/ons_subm_dulo_4_4_rs_2020_12.txt,ONS,documento,Submódulo 4.4-RS_2020.12,
ons/ons_subm_dulo_4_4_rs_2023_12.txt,ONS,documento,Submódulo 4.4-RS_2023.12,
ons/ons_subm_dulo_4_5_pr_2020_12.txt,ONS,documento,Submódulo 4.5-PR_2020.12,
ons/ons_subm_dulo_4_5_pr_2023_11.txt,ONS,documento,Submódulo 4.5-PR_2023.11,
ons/ons_subm_dulo_4_5_pr_2023_12.txt,ONS,documento,Submódulo 4.5-PR_2023.12,
ons/ons_subm_dulo_4_5_pr_2024_10.txt,ONS,documento,Submódulo 4.5-PR_2024.10,
ons/ons_subm_dulo_4_5_pr_2025_02.txt,ONS,documento,Submódulo 4.5-PR_2025.02,
ons/ons_subm_dulo_4_5_rs_2020_12.txt,ONS,documento,Submódulo 4.5-RS_2020.12,
ons/ons_subm_dulo_4_5_rs_2024_10.txt,ONS,documento,Submódulo 4.5-RS_2024.10,
ons/ons_subm_dulo_4_6_pr_2020_12.txt,ONS,documento,Submódulo 4.6-PR_2020.12,
ons/ons_subm_dulo_4_6_pr_2024_10.txt,ONS,documento,Submódulo 4.6-PR_2024.10,
ons/ons_subm_dulo_4_6_rs_2020_12.txt,ONS,documento,Submódulo 4.6-RS_2020.12,
ons/ons_subm_dulo_4_6_rs_2023_12.txt,ONS,documento,Submódulo 4.6-RS_2023.12,
ons/ons_subm_dulo_4_7_op_2020_12.txt,ONS,documento,Submódulo 4.7-OP_2020.12,
ons/ons_subm_dulo_4_7_op_2024_01.txt,ONS,documento,Submódulo 4.7-OP_2024.01,
ons/ons_subm_dulo_4_7_op_2024_10.txt,ONS,documento,Submódulo 4.7-OP_2024.10,
ons/ons_subm_dulo_4_7_rs_2020_12.txt,ONS,documento,Submódulo 4.7-RS_2020.12,
ons/ons_subm_dulo_4_7_rs_2024_10.txt,ONS,documento,Submódulo 4.7-RS_2024.10,
ons/ons_subm_dulo_4_8_op_2020_12.txt,ONS,documento,Submódulo 4.8-OP_2020.12,
ons/ons_subm_dulo_4_8_op_2023_12.txt,ONS,documento,Submódulo 4.8-OP_2023.12,
ons/ons_subm_dulo_4_8_op_2025_03.txt,ONS,documento,Submódulo 4.8-OP_2025.03,
ons/ons_subm_dulo_4_8_rs_2020_12.txt,ONS,documento,Submódulo 4.8-RS_2020.12,
ons/ons_subm_dulo_4_8_rs_2023_12.txt,ONS,documento,Submódulo 4.8-RS_2023.12,
ons/ons_subm_dulo_4_8_rs_2025_02.txt,ONS,documento,Submódulo 4.8-RS_2025.02,
ons/ons_subm_dulo_5_10_op_2020_12.txt,ONS,documento,Submódulo 5.10-OP_2020.12,
ons/ons_subm_dulo_5_10_op_2025_03.txt,ONS,documento,Submódulo 5.10-OP_2025.03,
ons/ons_subm_dulo_5_10_rs_2020_12.txt,ONS,documento,Submódulo 5.10-RS_2020.12,
ons/ons_subm_dulo_5_10_rs_2020_12_docx_d85752f7_6227_40c9_8122_8b303.txt,ONS,documento,Submódulo 5.10-RS_2020.12.docx_d85752f7-6227-40c9-8122-8b3039147965,
ons/ons_subm_dulo_5_10_rs_2025_02.txt,ONS,documento,Submódulo 5.10-RS_2025.02,
ons/ons_subm_dulo_5_1_op_2020_12.txt,ONS,documento,Submódulo 5.1-OP_2020.12,
ons/ons_subm_dulo_5_2_op_2020_12.txt,ONS,documento,Submódulo 5.2-OP_2020.12,
ons/ons_subm_dulo_5_2_rs_2020_12.txt,ONS,documento,Submódulo 5.2-RS_2020.12,
ons/ons_subm_dulo_5_3_op_2020_12.txt,ONS,documento,Submódulo 5.3-OP_2020.12,
ons/ons_subm_dulo_5_3_rs_2020_12.txt,ONS,documento,Submódulo 5.3-RS_2020.12,
ons/ons_subm_dulo_5_4_op_2020_12.txt,ONS,documento,Submódulo 5.4-OP_2020.12,
ons/ons_subm_dulo_5_4_op_2025_02.txt,ONS,documento,Submódulo 5.4-OP_2025.02,
ons/ons_subm_dulo_5_4_rs_2020_12.txt,ONS,documento,Submódulo 5.4-RS_2020.12,
ons/ons_subm_dulo_5_5_op_2020_12.txt,ONS,documento,Submódulo 5.5-OP_2020.12,
ons/ons_subm_dulo_5_5_rs_2020_12.txt,ONS,documento,Submódulo 5.5-RS_2020.12,
ons/ons_subm_dulo_5_6_op_2020_12.txt,ONS,documento,Submódulo 5.6-OP_2020.12,
ons/ons_subm_dulo_5_6_rs_2020_12.txt,ONS,documento,Submódulo 5.6-RS_2020.12,
ons/ons_subm_dulo_5_7_op_2020_12.txt,ONS,documento,Submódulo 5.7-OP_2020.12,
ons/ons_subm_dulo_5_7_rs_2020_12.txt,ONS,documento,Submódulo 5.7-RS_2020.12,
ons/ons_subm_dulo_5_8_op_2020_12.txt,ONS,documento,Submódulo 5.8-OP_2020.12,
ons/ons_subm_dulo_5_8_rs_2020_12.txt,ONS,documento,Submódulo 5.8-RS_2020.12,
ons/ons_subm_dulo_5_9_op_2020_12.txt,ONS,documento,Submódulo 5.9-OP_2020.12,
ons/ons_subm_dulo_5_9_rs_2020_12.txt,ONS,documento,Submódulo 5.9-RS_2020.12,
ons/ons_subm_dulo_6_10_op_2020_12.txt,ONS,documento,Submódulo 6.10-OP_2020.12,
ons/ons_subm_dulo_6_10_rs_2020_12.txt,ONS,documento,Submódulo 6.10-RS_2020.12,
ons/ons_subm_dulo_6_11_op_2020_12.txt,ONS,documento,Submódulo 6.11-OP_2020.12,
ons/ons_subm_dulo_6_11_op_2025_03.txt,ONS,documento,Submódulo 6.11-OP_2025.03,
ons/ons_subm_dulo_6_11_rs_2020_12.txt,ONS,documento,Submódulo 6.11-RS_2020.12,
ons/ons_subm_dulo_6_11_rs_2025_02.txt,ONS,documento,Submódulo 6.11-RS_2025.02,
ons/ons_subm_dulo_6_12_op_2020_12.txt,ONS,documento,Submódulo 6.12-OP_2020.12,
ons/ons_subm_dulo_6_12_op_2021_06.txt,ONS,documento,Submódulo 6.12-OP_2021.06,
ons/ons_subm_dulo_6_12_rs_2020_12.txt,ONS,documento,Submódulo 6.12-RS_2020.12,
ons/ons_subm_dulo_6_12_rs_2021_06.txt,ONS,documento,Submódulo 6.12-RS_2021.06,
ons/ons_subm_dulo_6_13_op_2020_12.txt,ONS,documento,Submódulo 6.13-OP_2020.12,
ons/ons_subm_dulo_6_13_op_2026_04.txt,ONS,documento,Submódulo 6.13-OP_2026.04,
ons/ons_subm_dulo_6_13_rs_2020_12.txt,ONS,documento,Submódulo 6.13-RS_2020.12,
ons/ons_subm_dulo_6_13_rs_2021_06.txt,ONS,documento,Submódulo 6.13-RS_2021.06,
ons/ons_subm_dulo_6_13_rs_2022_08.txt,ONS,documento,Submódulo 6.13-RS_2022.08,
ons/ons_subm_dulo_6_13_rs_2026_04.txt,ONS,documento,Submódulo 6.13-RS_2026.04,
ons/ons_subm_dulo_6_14_op_2020_12.txt,ONS,documento,Submódulo 6.14-OP_2020.12,
ons/ons_subm_dulo_6_14_op_2021_06.txt,ONS,documento,Submódulo 6.14-OP_2021.06,
ons/ons_subm_dulo_6_14_op_2021_11.txt,ONS,documento,Submódulo 6.14-OP_2021.11,
ons/ons_subm_dulo_6_14_rs_2020_12.txt,ONS,documento,Submódulo 6.14-RS_2020.12,
ons/ons_subm_dulo_6_14_rs_2021_06.txt,ONS,documento,Submódulo 6.14-RS_2021.06,
ons/ons_subm_dulo_6_15_op_2020_12.txt,ONS,documento,Submódulo 6.15-OP_2020.12,
ons/ons_subm_dulo_6_15_op_2026_04.txt,ONS,documento,Submódulo 6.15-OP_2026.04,
ons/ons_subm_dulo_6_15_rs_2020_12.txt,ONS,documento,Submódulo 6.15-RS_2020.12,
ons/ons_subm_dulo_6_15_rs_2021_08_docx_7bde6e74_dbff_4be3_8991_b7a62.txt,ONS,documento,Submódulo 6.15-RS_2021.08.docx_7bde6e74-dbff-4be3-8991-b7a629f6c93f,
ons/ons_subm_dulo_6_15_rs_2026_04.txt,ONS,documento,Submódulo 6.15-RS_2026.04,
ons/ons_subm_dulo_6_16_op_2020_12.txt,ONS,documento,Submódulo 6.16-OP_2020.12,
ons/ons_subm_dulo_6_16_op_2026_04.txt,ONS,documento,Submódulo 6.16-OP_2026.04,
ons/ons_subm_dulo_6_16_rs_2020_12.txt,ONS,documento,Submódulo 6.16-RS_2020.12,
ons/ons_subm_dulo_6_16_rs_2026_04.txt,ONS,documento,Submódulo 6.16-RS_2026.04,
ons/ons_subm_dulo_6_17_op_2020_12.txt,ONS,documento,Submódulo 6.17-OP_2020.12,
ons/ons_subm_dulo_6_17_op_2026_04.txt,ONS,documento,Submódulo 6.17-OP_2026.04,
ons/ons_subm_dulo_6_17_rs_2020_12.txt,ONS,documento,Submódulo 6.17-RS_2020.12,
ons/ons_subm_dulo_6_18_op_2023_01.txt,ONS,documento,Submódulo 6.18-OP_2023.01,
ons/ons_subm_dulo_6_18_rs_2023_01.txt,ONS,documento,Submódulo 6.18-RS_2023.01,
ons/ons_subm_dulo_6_1_op_2020_12.txt,ONS,documento,Submódulo 6.1-OP_2020.12,
ons/ons_subm_dulo_6_1_rs_2020_12.txt,ONS,documento,Submódulo 6.1-RS_2020.12,
ons/ons_subm_dulo_6_2_op_2020_12.txt,ONS,documento,Submódulo 6.2-OP_2020.12,
ons/ons_subm_dulo_6_2_op_2021_06.txt,ONS,documento,Submódulo 6.2-OP_2021.06,
ons/ons_subm_dulo_6_2_op_2021_06_docx_907d3323_9273_4b05_ad8f_b821f6.txt,ONS,documento,Submódulo 6.2-OP_2021.06.docx_907d3323-9273-4b05-ad8f-b821f6e5d533,
ons/ons_subm_dulo_6_2_rs_2020_12.txt,ONS,documento,Submódulo 6.2-RS_2020.12,
ons/ons_subm_dulo_6_2_rs_2021_06.txt,ONS,documento,Submódulo 6.2-RS_2021.06,
ons/ons_subm_dulo_6_3_pr_2020_12.txt,ONS,documento,Submódulo 6.3-PR_2020.12,
ons/ons_subm_dulo_6_3_pr_2021_06.txt,ONS,documento,Submódulo 6.3-PR_2021.06,
ons/ons_subm_dulo_6_3_rs_2020_12.txt,ONS,documento,Submódulo 6.3-RS_2020.12,
ons/ons_subm_dulo_6_3_rs_2021_06.txt,ONS,documento,Submódulo 6.3-RS_2021.06,
ons/ons_subm_dulo_6_4_op_2020_12.txt,ONS,documento,Submódulo 6.4-OP_2020.12,
ons/ons_subm_dulo_6_4_op_2021_06.txt,ONS,documento,Submódulo 6.4-OP_2021.06,
ons/ons_subm_dulo_6_4_rs_2020_12.txt,ONS,documento,Submódulo 6.4-RS_2020.12,
ons/ons_subm_dulo_6_4_rs_2021_06.txt,ONS,documento,Submódulo 6.4-RS_2021.06,
ons/ons_subm_dulo_6_5_pr_2022_05.txt,ONS,documento,Submódulo 6.5-PR_2022.05,
ons/ons_subm_dulo_6_5_pr_2022_06.txt,ONS,documento,Submódulo 6.5-PR_2022.06,
ons/ons_subm_dulo_6_5_pr_2024_12.txt,ONS,documento,Submódulo 6.5-PR_2024.12,
ons/ons_subm_dulo_6_5_pr_2025_06.txt,ONS,documento,Submódulo 6.5-PR_2025.06,
ons/ons_subm_dulo_6_5_rs_2020_12.txt,ONS,documento,Submódulo 6.5-RS_2020.12,
ons/ons_subm_dulo_6_5_rs_2020_12_docx_934047ab_b854_4f50_afe6_5a61e1.txt,ONS,documento,Submódulo 6.5-RS_2020.12.docx_934047ab-b854-4f50-afe6-5a61e18b41d7,
ons/ons_subm_dulo_6_5_rs_2024_12.txt,ONS,documento,Submódulo 6.5-RS_2024.12,
ons/ons_subm_dulo_6_5_rs_2025_06.txt,ONS,documento,Submódulo 6.5-RS_2025.06,
ons/ons_subm_dulo_6_6_op_2020_12.txt,ONS,documento,Submódulo 6.6-OP_2020.12,
ons/ons_subm_dulo_6_6_op_2025_02.txt,ONS,documento,Submódulo 6.6-OP_2025.02,
ons/ons_subm_dulo_6_6_rs_2020_12.txt,ONS,documento,Submódulo 6.6-RS_2020.12,
ons/ons_subm_dulo_6_6_rs_2025_02.txt,ONS,documento,Submódulo 6.6-RS_2025.02,
ons/ons_subm_dulo_6_7_pr_2020_12.txt,ONS,documento,Submódulo 6.7-PR_2020.12,
ons/ons_subm_dulo_6_7_pr_2020_12_docx_de1d71ad_fb0f_4f5d_9988_fd67cd.txt,ONS,documento,Submódulo 6.7-PR_2020.12.docx_de1d71ad-fb0f-4f5d-9988-fd67cd38cd98,
ons/ons_subm_dulo_6_7_pr_2025_06.txt,ONS,documento,Submódulo 6.7-PR_2025.06,
ons/ons_subm_dulo_6_7_rs_2020_12.txt,ONS,documento,Submódulo 6.7-RS_2020.12,
ons/ons_subm_dulo_6_7_rs_2020_12_docx_b81560ca_c6f4_4240_8d41_c7d258.txt,ONS,documento,Submódulo 6.7-RS_2020.12.docx_b81560ca-c6f4-4240-8d41-c7d258db21ec,
ons/ons_subm_dulo_6_7_rs_2025_06.txt,ONS,documento,Submódulo 6.7-RS_2025.06,
ons/ons_subm_dulo_6_7_rs_2026_04.txt,ONS,documento,Submódulo 6.7-RS_2026.04,
ons/ons_subm_dulo_6_7_rs_2026_04_retificado.txt,ONS,documento,Submódulo 6.7-RS_2026.04_Retificado,
ons/ons_subm_dulo_6_8_pr_2020_12.txt,ONS,documento,Submódulo 6.8-PR_2020.12,
ons/ons_subm_dulo_6_8_pr_2020_12_docx_2c216c37_89b1_4709_9dbe_22f228.txt,ONS,documento,Submódulo 6.8-PR_2020.12.docx_2c216c37-89b1-4709-9dbe-22f2289e0c35,
ons/ons_subm_dulo_6_8_pr_2025_06.txt,ONS,documento,Submódulo 6.8-PR_2025.06,
ons/ons_subm_dulo_6_8_rs_2020_12.txt,ONS,documento,Submódulo 6.8-RS_2020.12,
ons/ons_subm_dulo_6_8_rs_2025_06.txt,ONS,documento,Submódulo 6.8-RS_2025.06,
ons/ons_subm_dulo_6_9_pr_2020_12.txt,ONS,documento,Submódulo 6.9-PR_2020.12,
ons/ons_subm_dulo_6_9_pr_2020_12_docx_db90ebb8_c6bc_4292_9993_9c98df.txt,ONS,documento,Submódulo 6.9-PR_2020.12.docx_db90ebb8-c6bc-4292-9993-9c98df462f5b,
ons/ons_subm_dulo_6_9_pr_2025_02.txt,ONS,documento,Submódulo 6.9-PR_2025.02,
ons/ons_subm_dulo_6_9_rs_2020_12.txt,ONS,documento,Submódulo 6.9-RS_2020.12,
ons/ons_subm_dulo_6_9_rs_2025_02.txt,ONS,documento,Submódulo 6.9-RS_2025.02,
ons/ons_subm_dulo_7_10_op_2020_12.txt,ONS,documento,Submódulo 7.10-OP_2020.12,
ons/ons_subm_dulo_7_10_op_2021_06.txt,ONS,documento,Submódulo 7.10-OP_2021.06,
ons/ons_subm_dulo_7_10_rs_2020_12.txt,ONS,documento,Submódulo 7.10-RS_2020.12,
ons/ons_subm_dulo_7_10_rs_2021_06.txt,ONS,documento,Submódulo 7.10-RS_2021.06,
ons/ons_subm_dulo_7_11_op_2020_12.txt,ONS,documento,Submódulo 7.11-OP_2020.12,
ons/ons_subm_dulo_7_11_rs_2020_12.txt,ONS,documento,Submódulo 7.11-RS_2020.12,
ons/ons_subm_dulo_7_11_rs_2026_04.txt,ONS,documento,Submódulo 7.11-RS_2026.04,
ons/ons_subm_dulo_7_12_op_2020_12.txt,ONS,documento,Submódulo 7.12-OP_2020.12,
ons/ons_subm_dulo_7_12_rs_2020_12.txt,ONS,documento,Submódulo 7.12-RS_2020.12,
ons/ons_subm_dulo_7_13_pr_2020_12.txt,ONS,documento,Submódulo 7.13-PR_2020.12,
ons/ons_subm_dulo_7_13_pr_2021_06.txt,ONS,documento,Submódulo 7.13-PR_2021.06,
ons/ons_subm_dulo_7_13_pr_2022_10_docx_879439a9_1d6e_457b_a3a2_6269e.txt,ONS,documento,Submódulo 7.13-PR_2022.10.docx_879439a9-1d6e-457b-a3a2-6269e0327f64,
ons/ons_subm_dulo_7_13_pr_2023_09.txt,ONS,documento,Submódulo 7.13-PR_2023.09,
ons/ons_subm_dulo_7_13_pr_2024_04.txt,ONS,documento,Submódulo 7.13-PR_2024.04,
ons/ons_subm_dulo_7_13_pr_2024_04_retificado.txt,ONS,documento,Submódulo 7.13-PR_2024.04 retificado,
ons/ons_subm_dulo_7_13_pr_2025_02.txt,ONS,documento,Submódulo 7.13-PR_2025.02,
ons/ons_subm_dulo_7_13_pr_2026_04.txt,ONS,documento,Submódulo 7.13-PR_2026.04,
ons/ons_subm_dulo_7_13_rs_2020_12.txt,ONS,documento,Submódulo 7.13-RS_2020.12,
ons/ons_subm_dulo_7_14_pr_2020_12.txt,ONS,documento,Submódulo 7.14-PR_2020.12,
ons/ons_subm_dulo_7_14_pr_2025_12.txt,ONS,documento,Submódulo 7.14-PR_2025.12,
ons/ons_subm_dulo_7_14_rs_2020_12.txt,ONS,documento,Submódulo 7.14-RS_2020.12,
ons/ons_subm_dulo_7_14_rs_2022_08_docx.txt,ONS,documento,Submódulo 7.14-RS_2022.08.docx,
ons/ons_subm_dulo_7_14_rs_2025_12.txt,ONS,documento,Submódulo 7.14-RS_2025.12,
ons/ons_subm_dulo_7_15_pr_2020_12.txt,ONS,documento,Submódulo 7.15-PR_2020.12,
ons/ons_subm_dulo_7_15_pr_2021_06.txt,ONS,documento,Submódulo 7.15-PR_2021.06,
ons/ons_subm_dulo_7_15_pr_2024_04.txt,ONS,documento,Submódulo 7.15-PR_2024.04,
ons/ons_subm_dulo_7_15_pr_2025_02.txt,ONS,documento,Submódulo 7.15-PR_2025.02,
ons/ons_subm_dulo_7_15_pr_2025_08.txt,ONS,documento,Submódulo 7.15-PR_2025.08,
ons/ons_subm_dulo_7_15_rs_2020_12.txt,ONS,documento,Submódulo 7.15-RS_2020.12,
ons/ons_subm_dulo_7_15_rs_2025_12.txt,ONS,documento,Submódulo 7.15-RS_2025.12,
ons/ons_subm_dulo_7_16_pr_2020_12.txt,ONS,documento,Submódulo 7.16-PR_2020.12,
ons/ons_subm_dulo_7_16_rs_2020_12.txt,ONS,documento,Submódulo 7.16-RS_2020.12,
ons/ons_subm_dulo_7_1_pr_2020_12.txt,ONS,documento,Submódulo 7.1-PR_2020.12,
ons/ons_subm_dulo_7_1_pr_2021_08_docx_db2581cd_8db7_4d1e_8d60_a0d2d2.txt,ONS,documento,Submódulo 7.1-PR_2021.08.docx_db2581cd-8db7-4d1e-8d60-a0d2d223c957,
ons/ons_subm_dulo_7_1_pr_2022_10_docx_a0d4769b_26ab_4fb0_9cf6_b884ec.txt,ONS,documento,Submódulo 7.1-PR_2022.10.docx_a0d4769b-26ab-4fb0-9cf6-b884ec863eef,
ons/ons_subm_dulo_7_1_pr_2024_06.txt,ONS,documento,Submódulo 7.1-PR_2024.06,
ons/ons_subm_dulo_7_1_pr_2026_04.txt,ONS,documento,Submódulo 7.1-PR_2026.04,
ons/ons_subm_dulo_7_1_rs_2020_12.txt,ONS,documento,Submódulo 7.1-RS_2020.12,
ons/ons_subm_dulo_7_1_rs_2022_10_docx_2bd96cf0_52ee_4a40_ae6a_7b8ded.txt,ONS,documento,Submódulo 7.1-RS_2022.10.docx_2bd96cf0-52ee-4a40-ae6a-7b8ded99fa71,
ons/ons_subm_dulo_7_1_rs_2024_06.txt,ONS,documento,Submódulo 7.1-RS_2024.06,
ons/ons_subm_dulo_7_1_rs_2026_04.txt,ONS,documento,Submódulo 7.1-RS_2026.04,
ons/ons_subm_dulo_7_2_pr_2020_12.txt,ONS,documento,Submódulo 7.2-PR_2020.12,
ons/ons_subm_dulo_7_2_pr_2022_10_docx_99cfec1a_9617_467a_9d52_426b6f.txt,ONS,documento,Submódulo 7.2-PR_2022.10.docx_99cfec1a-9617-467a-9d52-426b6ff02a0a,
ons/ons_subm_dulo_7_2_rs_2020_12.txt,ONS,documento,Submódulo 7.2-RS_2020.12,
ons/ons_subm_dulo_7_2_rs_2023_12.txt,ONS,documento,Submódulo 7.2-RS_2023.12,
ons/ons_subm_dulo_7_3_pr_2020_12.txt,ONS,documento,Submódulo 7.3-PR_2020.12,
ons/ons_subm_dulo_7_3_pr_2022_10.txt,ONS,documento,Submódulo 7.3-PR_2022.10,
ons/ons_subm_dulo_7_3_pr_2024_04.txt,ONS,documento,Submódulo 7.3-PR_2024.04,
ons/ons_subm_dulo_7_3_rs_2020_12.txt,ONS,documento,Submódulo 7.3-RS_2020.12,
ons/ons_subm_dulo_7_3_rs_2024_04.txt,ONS,documento,Submódulo 7.3-RS_2024.04,
ons/ons_subm_dulo_7_4_op_2020_12.txt,ONS,documento,Submódulo 7.4-OP_2020.12,
ons/ons_subm_dulo_7_4_op_2021_06.txt,ONS,documento,Submódulo 7.4-OP_2021.06,
ons/ons_subm_dulo_7_4_op_2024_04.txt,ONS,documento,Submódulo 7.4-OP_2024.04,
ons/ons_subm_dulo_7_4_op_2024_04_retificado.txt,ONS,documento,Submódulo 7.4-OP_2024.04 retificado,
ons/ons_subm_dulo_7_4_rs_2020_12.txt,ONS,documento,Submódulo 7.4-RS_2020.12,
ons/ons_subm_dulo_7_4_rs_2021_06.txt,ONS,documento,Submódulo 7.4-RS_2021.06,
ons/ons_subm_dulo_7_4_rs_2024_04.txt,ONS,documento,Submódulo 7.4-RS_2024.04,
ons/ons_subm_dulo_7_4_rs_2024_04_retificado.txt,ONS,documento,Submódulo 7.4-RS_2024.04 retificado,
ons/ons_subm_dulo_7_4_rs_2024_04_retificado_2.txt,ONS,documento,Submódulo 7.4-RS_2024.04 retificado 2,
ons/ons_subm_dulo_7_5_op_2020_12.txt,ONS,documento,Submódulo 7.5-OP_2020.12,
ons/ons_subm_dulo_7_5_rs_2020_12.txt,ONS,documento,Submódulo 7.5-RS_2020.12,
ons/ons_subm_dulo_7_6_op_2020_12.txt,ONS,documento,Submódulo 7.6-OP_2020.12,
ons/ons_subm_dulo_7_6_op_2021_06.txt,ONS,documento,Submódulo 7.6-OP_2021.06,
ons/ons_subm_dulo_7_6_op_2026_04.txt,ONS,documento,Submódulo 7.6-OP_2026.04,
ons/ons_subm_dulo_7_6_rs_2020_12.txt,ONS,documento,Submódulo 7.6-RS_2020.12,
ons/ons_subm_dulo_7_6_rs_2021_06.txt,ONS,documento,Submódulo 7.6-RS_2021.06,
ons/ons_subm_dulo_7_6_rs_2026_04.txt,ONS,documento,Submódulo 7.6-RS_2026.04,
ons/ons_subm_dulo_7_7_pr_2020_12.txt,ONS,documento,Submódulo 7.7-PR_2020.12,
ons/ons_subm_dulo_7_7_rs_2020_12.txt,ONS,documento,Submódulo 7.7-RS_2020.12,
ons/ons_subm_dulo_7_8_op_2020_12.txt,ONS,documento,Submódulo 7.8-OP_2020.12,
ons/ons_subm_dulo_7_8_op_2022_10.txt,ONS,documento,Submódulo 7.8-OP_2022.10,
ons/ons_subm_dulo_7_8_op_2026_04.txt,ONS,documento,Submódulo 7.8-OP_2026.04,
ons/ons_subm_dulo_7_8_rs_2020_12.txt,ONS,documento,Submódulo 7.8-RS_2020.12,
ons/ons_subm_dulo_7_8_rs_2026_04.txt,ONS,documento,Submódulo 7.8-RS_2026.04,
ons/ons_subm_dulo_7_9_op_2020_12.txt,ONS,documento,Submódulo 7.9-OP_2020.12,
ons/ons_subm_dulo_7_9_rs_2020_12.txt,ONS,documento,Submódulo 7.9-RS_2020.12,
ons/ons_subm_dulo_8_1_pr_2020_12.txt,ONS,documento,Submódulo 8.1-PR_2020.12,
ons/ons_subm_dulo_8_1_pr_2021_08_docx_d26333fc_5680_4b7a_878f_3507b8.txt,ONS,documento,Submódulo 8.1-PR_2021.08.docx_d26333fc-5680-4b7a-878f-3507b8511530,
ons/ons_subm_dulo_8_1_pr_2022_10.txt,ONS,documento,Submódulo 8.1-PR_2022.10,
ons/ons_subm_dulo_8_1_pr_2024_06.txt,ONS,documento,Submódulo 8.1-PR_2024.06,
ons/ons_subm_dulo_8_1_pr_2025_02.txt,ONS,documento,Submódulo 8.1-PR_2025.02,
ons/ons_subm_dulo_8_1_pr_2025_06.txt,ONS,documento,Submódulo 8.1-PR_2025.06,
ons/ons_subm_dulo_8_1_rs_2020_12.txt,ONS,documento,Submódulo 8.1-RS_2020.12,
ons/ons_subm_dulo_8_1_rs_2024_06.txt,ONS,documento,Submódulo 8.1-RS_2024.06,
ons/ons_subm_dulo_8_1_rs_2025_02.txt,ONS,documento,Submódulo 8.1-RS_2025.02,
ons/ons_subm_dulo_8_2_op_2020_12.txt,ONS,documento,Submódulo 8.2-OP_2020.12,
ons/ons_subm_dulo_8_2_op_2021_08_docx_622d2207_0167_4b3a_8033_bb1c74.txt,ONS,documento,Submódulo 8.2-OP_2021.08.docx_622d2207-0167-4b3a-8033-bb1c746c3756,
ons/ons_subm_dulo_8_2_op_2022_10.txt,ONS,documento,Submódulo 8.2-OP_2022.10,
ons/ons_subm_dulo_8_2_rs_2020_12.txt,ONS,documento,Submódulo 8.2-RS_2020.12,
ons/ons_subm_dulo_8_2_rs_2021_08_docx_46d766a3_02eb_4b89_8efd_4152a9.txt,ONS,documento,Submódulo 8.2-RS_2021.08.docx_46d766a3-02eb-4b89-8efd-4152a9ad442e,
ons/ons_subm_dulo_8_3_pr_2020_12.txt,ONS,documento,Submódulo 8.3-PR_2020.12,
ons/ons_subm_dulo_8_3_pr_2024_06.txt,ONS,documento,Submódulo 8.3-PR_2024.06,
ons/ons_subm_dulo_8_3_pr_2025_06.txt,ONS,documento,Submódulo 8.3-PR_2025.06,
ons/ons_subm_dulo_8_3_rs_2020_12.txt,ONS,documento,Submódulo 8.3-RS_2020.12,
ons/ons_subm_dulo_8_3_rs_2024_06.txt,ONS,documento,Submódulo 8.3-RS_2024.06,
ons/ons_subm_dulo_8_3_rs_2025_06.txt,ONS,documento,Submódulo 8.3-RS_2025.06,
ons/ons_subm_dulo_9_1_in_2020_12.txt,ONS,documento,Submódulo 9.1-IN_2020.12,
ons/ons_subm_dulo_9_1_in_2026_04.txt,ONS,documento,Submódulo 9.1-IN_2026.04,
ons/ons_subm_dulo_9_2_in_2020_12.txt,ONS,documento,Submódulo 9.2-IN_2020.12,
ons/ons_subm_dulo_9_3_in_2020_12.txt,ONS,documento,Submódulo 9.3-IN_2020.12,
ons/ons_subm_dulo_9_4_in_2020_12.txt,ONS,documento,Submódulo 9.4-IN_2020.12,
ons/ons_subm_dulo_9_5_in_2020_12.txt,ONS,documento,Submódulo 9.5-IN_2020.12,
ons/ons_subm_dulo_9_5_in_2021_06.txt,ONS,documento,Submódulo 9.5-IN_2021.06,
ons/ons_subm_dulo_9_6_in_2020_12.txt,ONS,documento,Submódulo 9.6-IN_2020.12,
ons/ons_subm_dulo_9_6_in_2025_02.txt,ONS,documento,Submódulo 9.6-IN_2025.02,
ons/ons_subm_dulo_9_6_in_2026_04.txt,ONS,documento,Submódulo 9.6-IN_2026.04,
ons/ons_subm_dulo_9_7_in_2020_12.txt,ONS,documento,Submódulo 9.7-IN_2020.12,
ons/ons_subm_dulo_9_7_in_2026_04.txt,ONS,documento,Submódulo 9.7-IN_2026.04,
ANEEL-DESPACHO-1,referencia_externa,norma_citada_sem_texto_completo,ANEEL-DESPACHO-1,
ANEEL-DESPACHO-106,referencia_externa,norma_citada_sem_texto_completo,ANEEL-DESPACHO-106,
ANEEL-DESPACHO-11,referencia_externa,norma_citada_sem_texto_completo,ANEEL-DESPACHO-11,
ANEEL-DESPACHO-113,referencia_externa,norma_citada_sem_texto_completo,ANEEL-DESPACHO-113,
ANEEL-DESPACHO-114,referencia_externa,norma_citada_sem_texto_completo,ANEEL-DESPACHO-114,
ANEEL-DESPACHO-1141,referencia_externa,norma_citada_sem_texto_completo,ANEEL-DESPACHO-1141,
ANEEL-DESPACHO-115,referencia_externa,norma_citada_sem_texto_completo,ANEEL-DESPACHO-115,
ANEEL-DESPACHO-1347,referencia_externa,norma_citada_sem_texto_completo,ANEEL-DESPACHO-1347,
ANEEL-DESPACHO-1481,referencia_externa,norma_citada_sem_texto_completo,ANEEL-DESPACHO-1481,
ANEEL-DESPACHO-149,referencia_externa,norma_citada_sem_texto_completo,ANEEL-DESPACHO-149,
ANEEL-DESPACHO-15,referencia_externa,norma_citada_sem_texto_completo,ANEEL-DESPACHO-15,
ANEEL-DESPACHO-1539,referencia_externa,norma_citada_sem_texto_completo,ANEEL-DESPACHO-1539,
ANEEL-DESPACHO-156,referencia_externa,norma_citada_sem_texto_completo,ANEEL-DESPACHO-156,
ANEEL-DESPACHO-157,referencia_externa,norma_citada_sem_texto_completo,ANEEL-DESPACHO-157,
ANEEL-DESPACHO-160,referencia_externa,norma_citada_sem_texto_completo,ANEEL-DESPACHO-160,
ANEEL-DESPACHO-164,referencia_externa,norma_citada_sem_texto_completo,ANEEL-DESPACHO-164,
ANEEL-DESPACHO-167,referencia_externa,norma_citada_sem_texto_completo,ANEEL-DESPACHO-167,
ANEEL-DESPACHO-169,referencia_externa,norma_citada_sem_texto_completo,ANEEL-DESPACHO-169,
ANEEL-DESPACHO-170,referencia_externa,norma_citada_sem_texto_completo,ANEEL-DESPACHO-170,
ANEEL-DESPACHO-172,referencia_externa,norma_citada_sem_texto_completo,ANEEL-DESPACHO-172,
ANEEL-DESPACHO-176,referencia_externa,norma_citada_sem_texto_completo,ANEEL-DESPACHO-176,
ANEEL-DESPACHO-1796,referencia_externa,norma_citada_sem_texto_completo,ANEEL-DESPACHO-1796,
ANEEL-DESPACHO-183,referencia_externa,norma_citada_sem_texto_completo,ANEEL-DESPACHO-183,
ANEEL-DESPACHO-188,referencia_externa,norma_citada_sem_texto_completo,ANEEL-DESPACHO-188,
ANEEL-DESPACHO-1914,referencia_externa,norma_citada_sem_texto_completo,ANEEL-DESPACHO-1914,
ANEEL-DESPACHO-1985,referencia_externa,norma_citada_sem_texto_completo,ANEEL-DESPACHO-1985,
ANEEL-DESPACHO-2,referencia_externa,norma_citada_sem_texto_completo,ANEEL-DESPACHO-2,
ANEEL-DESPACHO-20,referencia_externa,norma_citada_sem_texto_completo,ANEEL-DESPACHO-20,
ANEEL-DESPACHO-205,referencia_externa,norma_citada_sem_texto_completo,ANEEL-DESPACHO-205,
ANEEL-DESPACHO-206,referencia_externa,norma_citada_sem_texto_completo,ANEEL-DESPACHO-206,
ANEEL-DESPACHO-20756,referencia_externa,norma_citada_sem_texto_completo,ANEEL-DESPACHO-20756,
ANEEL-DESPACHO-208,referencia_externa,norma_citada_sem_texto_completo,ANEEL-DESPACHO-208,
ANEEL-DESPACHO-2163,referencia_externa,norma_citada_sem_texto_completo,ANEEL-DESPACHO-2163,
ANEEL-DESPACHO-220,referencia_externa,norma_citada_sem_texto_completo,ANEEL-DESPACHO-220,
ANEEL-DESPACHO-228,referencia_externa,norma_citada_sem_texto_completo,ANEEL-DESPACHO-228,
ANEEL-DESPACHO-2281,referencia_externa,norma_citada_sem_texto_completo,ANEEL-DESPACHO-2281,
ANEEL-DESPACHO-232,referencia_externa,norma_citada_sem_texto_completo,ANEEL-DESPACHO-232,
ANEEL-DESPACHO-238,referencia_externa,norma_citada_sem_texto_completo,ANEEL-DESPACHO-238,
ANEEL-DESPACHO-244,referencia_externa,norma_citada_sem_texto_completo,ANEEL-DESPACHO-244,
ANEEL-DESPACHO-2452,referencia_externa,norma_citada_sem_texto_completo,ANEEL-DESPACHO-2452,
ANEEL-DESPACHO-246,referencia_externa,norma_citada_sem_texto_completo,ANEEL-DESPACHO-246,
ANEEL-DESPACHO-247,referencia_externa,norma_citada_sem_texto_completo,ANEEL-DESPACHO-247,
ANEEL-DESPACHO-251,referencia_externa,norma_citada_sem_texto_completo,ANEEL-DESPACHO-251,
ANEEL-DESPACHO-253,referencia_externa,norma_citada_sem_texto_completo,ANEEL-DESPACHO-253,
ANEEL-DESPACHO-257,referencia_externa,norma_citada_sem_texto_completo,ANEEL-DESPACHO-257,
ANEEL-DESPACHO-258,referencia_externa,norma_citada_sem_texto_completo,ANEEL-DESPACHO-258,
ANEEL-DESPACHO-260,referencia_externa,norma_citada_sem_texto_completo,ANEEL-DESPACHO-260,
ANEEL-DESPACHO-2603,referencia_externa,norma_citada_sem_texto_completo,ANEEL-DESPACHO-2603,
ANEEL-DESPACHO-262,referencia_externa,norma_citada_sem_texto_completo,ANEEL-DESPACHO-262,
ANEEL-DESPACHO-263,referencia_externa,norma_citada_sem_texto_completo,ANEEL-DESPACHO-263,
ANEEL-DESPACHO-264,referencia_externa,norma_citada_sem_texto_completo,ANEEL-DESPACHO-264,
ANEEL-DESPACHO-265,referencia_externa,norma_citada_sem_texto_completo,ANEEL-DESPACHO-265,
ANEEL-DESPACHO-266,referencia_externa,norma_citada_sem_texto_completo,ANEEL-DESPACHO-266,
ANEEL-DESPACHO-267,referencia_externa,norma_citada_sem_texto_completo,ANEEL-DESPACHO-267,
ANEEL-DESPACHO-268,referencia_externa,norma_citada_sem_texto_completo,ANEEL-DESPACHO-268,
ANEEL-DESPACHO-269,referencia_externa,norma_citada_sem_texto_completo,ANEEL-DESPACHO-269,
ANEEL-DESPACHO-27,referencia_externa,norma_citada_sem_texto_completo,ANEEL-DESPACHO-27,
ANEEL-DESPACHO-270,referencia_externa,norma_citada_sem_texto_completo,ANEEL-DESPACHO-270,
ANEEL-DESPACHO-2704,referencia_externa,norma_citada_sem_texto_completo,ANEEL-DESPACHO-2704,
ANEEL-DESPACHO-271,referencia_externa,norma_citada_sem_texto_completo,ANEEL-DESPACHO-271,
ANEEL-DESPACHO-272,referencia_externa,norma_citada_sem_texto_completo,ANEEL-DESPACHO-272,
ANEEL-DESPACHO-274,referencia_externa,norma_citada_sem_texto_completo,ANEEL-DESPACHO-274,
ANEEL-DESPACHO-275,referencia_externa,norma_citada_sem_texto_completo,ANEEL-DESPACHO-275,
ANEEL-DESPACHO-277,referencia_externa,norma_citada_sem_texto_completo,ANEEL-DESPACHO-277,
ANEEL-DESPACHO-279,referencia_externa,norma_citada_sem_texto_completo,ANEEL-DESPACHO-279,
ANEEL-DESPACHO-280,referencia_externa,norma_citada_sem_texto_completo,ANEEL-DESPACHO-280,
ANEEL-DESPACHO-281,referencia_externa,norma_citada_sem_texto_completo,ANEEL-DESPACHO-281,
ANEEL-DESPACHO-282,referencia_externa,norma_citada_sem_texto_completo,ANEEL-DESPACHO-282,
ANEEL-DESPACHO-283,referencia_externa,norma_citada_sem_texto_completo,ANEEL-DESPACHO-283,
ANEEL-DESPACHO-284,referencia_externa,norma_citada_sem_texto_completo,ANEEL-DESPACHO-284,
ANEEL-DESPACHO-285,referencia_externa,norma_citada_sem_texto_completo,ANEEL-DESPACHO-285,
ANEEL-DESPACHO-286,referencia_externa,norma_citada_sem_texto_completo,ANEEL-DESPACHO-286,
ANEEL-DESPACHO-288,referencia_externa,norma_citada_sem_texto_completo,ANEEL-DESPACHO-288,
ANEEL-DESPACHO-289,referencia_externa,norma_citada_sem_texto_completo,ANEEL-DESPACHO-289,
ANEEL-DESPACHO-291,referencia_externa,norma_citada_sem_texto_completo,ANEEL-DESPACHO-291,
ANEEL-DESPACHO-292,referencia_externa,norma_citada_sem_texto_completo,ANEEL-DESPACHO-292,
ANEEL-DESPACHO-293,referencia_externa,norma_citada_sem_texto_completo,ANEEL-DESPACHO-293,
ANEEL-DESPACHO-294,referencia_externa,norma_citada_sem_texto_completo,ANEEL-DESPACHO-294,
ANEEL-DESPACHO-2941,referencia_externa,norma_citada_sem_texto_completo,ANEEL-DESPACHO-2941,
ANEEL-DESPACHO-295,referencia_externa,norma_citada_sem_texto_completo,ANEEL-DESPACHO-295,
ANEEL-DESPACHO-296,referencia_externa,norma_citada_sem_texto_completo,ANEEL-DESPACHO-296,
ANEEL-DESPACHO-297,referencia_externa,norma_citada_sem_texto_completo,ANEEL-DESPACHO-297,
ANEEL-DESPACHO-298,referencia_externa,norma_citada_sem_texto_completo,ANEEL-DESPACHO-298,
ANEEL-DESPACHO-299,referencia_externa,norma_citada_sem_texto_completo,ANEEL-DESPACHO-299,
ANEEL-DESPACHO-301,referencia_externa,norma_citada_sem_texto_completo,ANEEL-DESPACHO-301,
ANEEL-DESPACHO-302,referencia_externa,norma_citada_sem_texto_completo,ANEEL-DESPACHO-302,
ANEEL-DESPACHO-303,referencia_externa,norma_citada_sem_texto_completo,ANEEL-DESPACHO-303,
ANEEL-DESPACHO-304,referencia_externa,norma_citada_sem_texto_completo,ANEEL-DESPACHO-304,
ANEEL-DESPACHO-305,referencia_externa,norma_citada_sem_texto_completo,ANEEL-DESPACHO-305,
ANEEL-DESPACHO-306,referencia_externa,norma_citada_sem_texto_completo,ANEEL-DESPACHO-306,
ANEEL-DESPACHO-307,referencia_externa,norma_citada_sem_texto_completo,ANEEL-DESPACHO-307,
ANEEL-DESPACHO-308,referencia_externa,norma_citada_sem_texto_completo,ANEEL-DESPACHO-308,
ANEEL-DESPACHO-309,referencia_externa,norma_citada_sem_texto_completo,ANEEL-DESPACHO-309,
ANEEL-DESPACHO-311,referencia_externa,norma_citada_sem_texto_completo,ANEEL-DESPACHO-311,
ANEEL-DESPACHO-3113,referencia_externa,norma_citada_sem_texto_completo,ANEEL-DESPACHO-3113,
ANEEL-DESPACHO-312,referencia_externa,norma_citada_sem_texto_completo,ANEEL-DESPACHO-312,
ANEEL-DESPACHO-313,referencia_externa,norma_citada_sem_texto_completo,ANEEL-DESPACHO-313,
ANEEL-DESPACHO-314,referencia_externa,norma_citada_sem_texto_completo,ANEEL-DESPACHO-314,
ANEEL-DESPACHO-3140,referencia_externa,norma_citada_sem_texto_completo,ANEEL-DESPACHO-3140,
ANEEL-DESPACHO-315,referencia_externa,norma_citada_sem_texto_completo,ANEEL-DESPACHO-315,
ANEEL-DESPACHO-317,referencia_externa,norma_citada_sem_texto_completo,ANEEL-DESPACHO-317,
ANEEL-DESPACHO-318,referencia_externa,norma_citada_sem_texto_completo,ANEEL-DESPACHO-318,
ANEEL-DESPACHO-3182,referencia_externa,norma_citada_sem_texto_completo,ANEEL-DESPACHO-3182,
ANEEL-DESPACHO-319,referencia_externa,norma_citada_sem_texto_completo,ANEEL-DESPACHO-319,
ANEEL-DESPACHO-320,referencia_externa,norma_citada_sem_texto_completo,ANEEL-DESPACHO-320,
ANEEL-DESPACHO-321,referencia_externa,norma_citada_sem_texto_completo,ANEEL-DESPACHO-321,
ANEEL-DESPACHO-322,referencia_externa,norma_citada_sem_texto_completo,ANEEL-DESPACHO-322,
ANEEL-DESPACHO-323,referencia_externa,norma_citada_sem_texto_completo,ANEEL-DESPACHO-323,
ANEEL-DESPACHO-324,referencia_externa,norma_citada_sem_texto_completo,ANEEL-DESPACHO-324,
ANEEL-DESPACHO-3245,referencia_externa,norma_citada_sem_texto_completo,ANEEL-DESPACHO-3245,
ANEEL-DESPACHO-325,referencia_externa,norma_citada_sem_texto_completo,ANEEL-DESPACHO-325,
ANEEL-DESPACHO-3256,referencia_externa,norma_citada_sem_texto_completo,ANEEL-DESPACHO-3256,
ANEEL-DESPACHO-327,referencia_externa,norma_citada_sem_texto_completo,ANEEL-DESPACHO-327,
ANEEL-DESPACHO-3270,referencia_externa,norma_citada_sem_texto_completo,ANEEL-DESPACHO-3270,
ANEEL-DESPACHO-328,referencia_externa,norma_citada_sem_texto_completo,ANEEL-DESPACHO-328,
ANEEL-DESPACHO-329,referencia_externa,norma_citada_sem_texto_completo,ANEEL-DESPACHO-329,
ANEEL-DESPACHO-3303,referencia_externa,norma_citada_sem_texto_completo,ANEEL-DESPACHO-3303,
ANEEL-DESPACHO-332,referencia_externa,norma_citada_sem_texto_completo,ANEEL-DESPACHO-332,
ANEEL-DESPACHO-333,referencia_externa,norma_citada_sem_texto_completo,ANEEL-DESPACHO-333,
ANEEL-DESPACHO-334,referencia_externa,norma_citada_sem_texto_completo,ANEEL-DESPACHO-334,
ANEEL-DESPACHO-335,referencia_externa,norma_citada_sem_texto_completo,ANEEL-DESPACHO-335,
ANEEL-DESPACHO-3352,referencia_externa,norma_citada_sem_texto_completo,ANEEL-DESPACHO-3352,
ANEEL-DESPACHO-336,referencia_externa,norma_citada_sem_texto_completo,ANEEL-DESPACHO-336,
ANEEL-DESPACHO-337,referencia_externa,norma_citada_sem_texto_completo,ANEEL-DESPACHO-337,
ANEEL-DESPACHO-3378,referencia_externa,norma_citada_sem_texto_completo,ANEEL-DESPACHO-3378,
ANEEL-DESPACHO-339,referencia_externa,norma_citada_sem_texto_completo,ANEEL-DESPACHO-339,
ANEEL-DESPACHO-340,referencia_externa,norma_citada_sem_texto_completo,ANEEL-DESPACHO-340,
ANEEL-DESPACHO-341,referencia_externa,norma_citada_sem_texto_completo,ANEEL-DESPACHO-341,
ANEEL-DESPACHO-342,referencia_externa,norma_citada_sem_texto_completo,ANEEL-DESPACHO-342,
ANEEL-DESPACHO-343,referencia_externa,norma_citada_sem_texto_completo,ANEEL-DESPACHO-343,
ANEEL-DESPACHO-344,referencia_externa,norma_citada_sem_texto_completo,ANEEL-DESPACHO-344,
ANEEL-DESPACHO-345,referencia_externa,norma_citada_sem_texto_completo,ANEEL-DESPACHO-345,
ANEEL-DESPACHO-346,referencia_externa,norma_citada_sem_texto_completo,ANEEL-DESPACHO-346,
ANEEL-DESPACHO-3463,referencia_externa,norma_citada_sem_texto_completo,ANEEL-DESPACHO-3463,
ANEEL-DESPACHO-347,referencia_externa,norma_citada_sem_texto_completo,ANEEL-DESPACHO-347,
ANEEL-DESPACHO-348,referencia_externa,norma_citada_sem_texto_completo,ANEEL-DESPACHO-348,
ANEEL-DESPACHO-349,referencia_externa,norma_citada_sem_texto_completo,ANEEL-DESPACHO-349,
ANEEL-DESPACHO-350,referencia_externa,norma_citada_sem_texto_completo,ANEEL-DESPACHO-350,
ANEEL-DESPACHO-3500,referencia_externa,norma_citada_sem_texto_completo,ANEEL-DESPACHO-3500,
ANEEL-DESPACHO-351,referencia_externa,norma_citada_sem_texto_completo,ANEEL-DESPACHO-351,
ANEEL-DESPACHO-352,referencia_externa,norma_citada_sem_texto_completo,ANEEL-DESPACHO-352,
ANEEL-DESPACHO-353,referencia_externa,norma_citada_sem_texto_completo,ANEEL-DESPACHO-353,
ANEEL-DESPACHO-354,referencia_externa,norma_citada_sem_texto_completo,ANEEL-DESPACHO-354,
ANEEL-DESPACHO-3547,referencia_externa,norma_citada_sem_texto_completo,ANEEL-DESPACHO-3547,
ANEEL-DESPACHO-355,referencia_externa,norma_citada_sem_texto_completo,ANEEL-DESPACHO-355,
ANEEL-DESPACHO-356,referencia_externa,norma_citada_sem_texto_completo,ANEEL-DESPACHO-356,
ANEEL-DESPACHO-3572,referencia_externa,norma_citada_sem_texto_completo,ANEEL-DESPACHO-3572,
ANEEL-DESPACHO-358,referencia_externa,norma_citada_sem_texto_completo,ANEEL-DESPACHO-358,
ANEEL-DESPACHO-359,referencia_externa,norma_citada_sem_texto_completo,ANEEL-DESPACHO-359,
ANEEL-DESPACHO-36,referencia_externa,norma_citada_sem_texto_completo,ANEEL-DESPACHO-36,
ANEEL-DESPACHO-361,referencia_externa,norma_citada_sem_texto_completo,ANEEL-DESPACHO-361,
ANEEL-DESPACHO-362,referencia_externa,norma_citada_sem_texto_completo,ANEEL-DESPACHO-362,
ANEEL-DESPACHO-363,referencia_externa,norma_citada_sem_texto_completo,ANEEL-DESPACHO-363,
ANEEL-DESPACHO-364,referencia_externa,norma_citada_sem_texto_completo,ANEEL-DESPACHO-364,
ANEEL-DESPACHO-365,referencia_externa,norma_citada_sem_texto_completo,ANEEL-DESPACHO-365,
ANEEL-DESPACHO-366,referencia_externa,norma_citada_sem_texto_completo,ANEEL-DESPACHO-366,
ANEEL-DESPACHO-3663,referencia_externa,norma_citada_sem_texto_completo,ANEEL-DESPACHO-3663,
ANEEL-DESPACHO-367,referencia_externa,norma_citada_sem_texto_completo,ANEEL-DESPACHO-367,
ANEEL-DESPACHO-368,referencia_externa,norma_citada_sem_texto_completo,ANEEL-DESPACHO-368,
ANEEL-DESPACHO-369,referencia_externa,norma_citada_sem_texto_completo,ANEEL-DESPACHO-369,
ANEEL-DESPACHO-370,referencia_externa,norma_citada_sem_texto_completo,ANEEL-DESPACHO-370,
ANEEL-DESPACHO-371,referencia_externa,norma_citada_sem_texto_completo,ANEEL-DESPACHO-371,
ANEEL-DESPACHO-372,referencia_externa,norma_citada_sem_texto_completo,ANEEL-DESPACHO-372,
ANEEL-DESPACHO-373,referencia_externa,norma_citada_sem_texto_completo,ANEEL-DESPACHO-373,
ANEEL-DESPACHO-374,referencia_externa,norma_citada_sem_texto_completo,ANEEL-DESPACHO-374,
ANEEL-DESPACHO-375,referencia_externa,norma_citada_sem_texto_completo,ANEEL-DESPACHO-375,
ANEEL-DESPACHO-376,referencia_externa,norma_citada_sem_texto_completo,ANEEL-DESPACHO-376,
ANEEL-DESPACHO-377,referencia_externa,norma_citada_sem_texto_completo,ANEEL-DESPACHO-377,
ANEEL-DESPACHO-378,referencia_externa,norma_citada_sem_texto_completo,ANEEL-DESPACHO-378,
ANEEL-DESPACHO-379,referencia_externa,norma_citada_sem_texto_completo,ANEEL-DESPACHO-379,
ANEEL-DESPACHO-3798,referencia_externa,norma_citada_sem_texto_completo,ANEEL-DESPACHO-3798,
ANEEL-DESPACHO-380,referencia_externa,norma_citada_sem_texto_completo,ANEEL-DESPACHO-380,
ANEEL-DESPACHO-381,referencia_externa,norma_citada_sem_texto_completo,ANEEL-DESPACHO-381,
ANEEL-DESPACHO-3814,referencia_externa,norma_citada_sem_texto_completo,ANEEL-DESPACHO-3814,
ANEEL-DESPACHO-382,referencia_externa,norma_citada_sem_texto_completo,ANEEL-DESPACHO-382,
ANEEL-DESPACHO-383,referencia_externa,norma_citada_sem_texto_completo,ANEEL-DESPACHO-383,
ANEEL-DESPACHO-384,referencia_externa,norma_citada_sem_texto_completo,ANEEL-DESPACHO-384,
ANEEL-DESPACHO-385,referencia_externa,norma_citada_sem_texto_completo,ANEEL-DESPACHO-385,
ANEEL-DESPACHO-386,referencia_externa,norma_citada_sem_texto_completo,ANEEL-DESPACHO-386,
ANEEL-DESPACHO-387,referencia_externa,norma_citada_sem_texto_completo,ANEEL-DESPACHO-387,
ANEEL-DESPACHO-388,referencia_externa,norma_citada_sem_texto_completo,ANEEL-DESPACHO-388,
ANEEL-DESPACHO-3889,referencia_externa,norma_citada_sem_texto_completo,ANEEL-DESPACHO-3889,
ANEEL-DESPACHO-389,referencia_externa,norma_citada_sem_texto_completo,ANEEL-DESPACHO-389,
ANEEL-DESPACHO-3891,referencia_externa,norma_citada_sem_texto_completo,ANEEL-DESPACHO-3891,
ANEEL-DESPACHO-390,referencia_externa,norma_citada_sem_texto_completo,ANEEL-DESPACHO-390,
ANEEL-DESPACHO-391,referencia_externa,norma_citada_sem_texto_completo,ANEEL-DESPACHO-391,
ANEEL-DESPACHO-392,referencia_externa,norma_citada_sem_texto_completo,ANEEL-DESPACHO-392,
ANEEL-DESPACHO-3929,referencia_externa,norma_citada_sem_texto_completo,ANEEL-DESPACHO-3929,
ANEEL-DESPACHO-393,referencia_externa,norma_citada_sem_texto_completo,ANEEL-DESPACHO-393,
ANEEL-DESPACHO-394,referencia_externa,norma_citada_sem_texto_completo,ANEEL-DESPACHO-394,
ANEEL-DESPACHO-396,referencia_externa,norma_citada_sem_texto_completo,ANEEL-DESPACHO-396,
ANEEL-DESPACHO-397,referencia_externa,norma_citada_sem_texto_completo,ANEEL-DESPACHO-397,
ANEEL-DESPACHO-398,referencia_externa,norma_citada_sem_texto_completo,ANEEL-DESPACHO-398,
ANEEL-DESPACHO-399,referencia_externa,norma_citada_sem_texto_completo,ANEEL-DESPACHO-399,
ANEEL-DESPACHO-401,referencia_externa,norma_citada_sem_texto_completo,ANEEL-DESPACHO-401,
ANEEL-DESPACHO-402,referencia_externa,norma_citada_sem_texto_completo,ANEEL-DESPACHO-402,
ANEEL-DESPACHO-403,referencia_externa,norma_citada_sem_texto_completo,ANEEL-DESPACHO-403,
ANEEL-DESPACHO-404,referencia_externa,norma_citada_sem_texto_completo,ANEEL-DESPACHO-404,
ANEEL-DESPACHO-405,referencia_externa,norma_citada_sem_texto_completo,ANEEL-DESPACHO-405,
ANEEL-DESPACHO-406,referencia_externa,norma_citada_sem_texto_completo,ANEEL-DESPACHO-406,
ANEEL-DESPACHO-407,referencia_externa,norma_citada_sem_texto_completo,ANEEL-DESPACHO-407,
ANEEL-DESPACHO-408,referencia_externa,norma_citada_sem_texto_completo,ANEEL-DESPACHO-408,
ANEEL-DESPACHO-409,referencia_externa,norma_citada_sem_texto_completo,ANEEL-DESPACHO-409,
ANEEL-DESPACHO-410,referencia_externa,norma_citada_sem_texto_completo,ANEEL-DESPACHO-410,
ANEEL-DESPACHO-411,referencia_externa,norma_citada_sem_texto_completo,ANEEL-DESPACHO-411,
ANEEL-DESPACHO-412,referencia_externa,norma_citada_sem_texto_completo,ANEEL-DESPACHO-412,
ANEEL-DESPACHO-413,referencia_externa,norma_citada_sem_texto_completo,ANEEL-DESPACHO-413,
ANEEL-DESPACHO-414,referencia_externa,norma_citada_sem_texto_completo,ANEEL-DESPACHO-414,
ANEEL-DESPACHO-415,referencia_externa,norma_citada_sem_texto_completo,ANEEL-DESPACHO-415,
ANEEL-DESPACHO-416,referencia_externa,norma_citada_sem_texto_completo,ANEEL-DESPACHO-416,
ANEEL-DESPACHO-417,referencia_externa,norma_citada_sem_texto_completo,ANEEL-DESPACHO-417,
ANEEL-DESPACHO-418,referencia_externa,norma_citada_sem_texto_completo,ANEEL-DESPACHO-418,
ANEEL-DESPACHO-419,referencia_externa,norma_citada_sem_texto_completo,ANEEL-DESPACHO-419,
ANEEL-DESPACHO-420,referencia_externa,norma_citada_sem_texto_completo,ANEEL-DESPACHO-420,
ANEEL-DESPACHO-421,referencia_externa,norma_citada_sem_texto_completo,ANEEL-DESPACHO-421,
ANEEL-DESPACHO-423,referencia_externa,norma_citada_sem_texto_completo,ANEEL-DESPACHO-423,
ANEEL-DESPACHO-424,referencia_externa,norma_citada_sem_texto_completo,ANEEL-DESPACHO-424,
ANEEL-DESPACHO-425,referencia_externa,norma_citada_sem_texto_completo,ANEEL-DESPACHO-425,
ANEEL-DESPACHO-426,referencia_externa,norma_citada_sem_texto_completo,ANEEL-DESPACHO-426,
ANEEL-DESPACHO-427,referencia_externa,norma_citada_sem_texto_completo,ANEEL-DESPACHO-427,
ANEEL-DESPACHO-428,referencia_externa,norma_citada_sem_texto_completo,ANEEL-DESPACHO-428,
ANEEL-DESPACHO-429,referencia_externa,norma_citada_sem_texto_completo,ANEEL-DESPACHO-429,
ANEEL-DESPACHO-430,referencia_externa,norma_citada_sem_texto_completo,ANEEL-DESPACHO-430,
ANEEL-DESPACHO-4309,referencia_externa,norma_citada_sem_texto_completo,ANEEL-DESPACHO-4309,
ANEEL-DESPACHO-431,referencia_externa,norma_citada_sem_texto_completo,ANEEL-DESPACHO-431,
ANEEL-DESPACHO-432,referencia_externa,norma_citada_sem_texto_completo,ANEEL-DESPACHO-432,
ANEEL-DESPACHO-433,referencia_externa,norma_citada_sem_texto_completo,ANEEL-DESPACHO-433,
ANEEL-DESPACHO-434,referencia_externa,norma_citada_sem_texto_completo,ANEEL-DESPACHO-434,
ANEEL-DESPACHO-435,referencia_externa,norma_citada_sem_texto_completo,ANEEL-DESPACHO-435,
ANEEL-DESPACHO-436,referencia_externa,norma_citada_sem_texto_completo,ANEEL-DESPACHO-436,
ANEEL-DESPACHO-437,referencia_externa,norma_citada_sem_texto_completo,ANEEL-DESPACHO-437,
ANEEL-DESPACHO-438,referencia_externa,norma_citada_sem_texto_completo,ANEEL-DESPACHO-438,
ANEEL-DESPACHO-439,referencia_externa,norma_citada_sem_texto_completo,ANEEL-DESPACHO-439,
ANEEL-DESPACHO-440,referencia_externa,norma_citada_sem_texto_completo,ANEEL-DESPACHO-440,
ANEEL-DESPACHO-441,referencia_externa,norma_citada_sem_texto_completo,ANEEL-DESPACHO-441,
ANEEL-DESPACHO-442,referencia_externa,norma_citada_sem_texto_completo,ANEEL-DESPACHO-442,
ANEEL-DESPACHO-443,referencia_externa,norma_citada_sem_texto_completo,ANEEL-DESPACHO-443,
ANEEL-DESPACHO-444,referencia_externa,norma_citada_sem_texto_completo,ANEEL-DESPACHO-444,
ANEEL-DESPACHO-446,referencia_externa,norma_citada_sem_texto_completo,ANEEL-DESPACHO-446,
ANEEL-DESPACHO-458,referencia_externa,norma_citada_sem_texto_completo,ANEEL-DESPACHO-458,
ANEEL-DESPACHO-459,referencia_externa,norma_citada_sem_texto_completo,ANEEL-DESPACHO-459,
ANEEL-DESPACHO-460,referencia_externa,norma_citada_sem_texto_completo,ANEEL-DESPACHO-460,
ANEEL-DESPACHO-461,referencia_externa,norma_citada_sem_texto_completo,ANEEL-DESPACHO-461,
ANEEL-DESPACHO-463,referencia_externa,norma_citada_sem_texto_completo,ANEEL-DESPACHO-463,
ANEEL-DESPACHO-464,referencia_externa,norma_citada_sem_texto_completo,ANEEL-DESPACHO-464,
ANEEL-DESPACHO-465,referencia_externa,norma_citada_sem_texto_completo,ANEEL-DESPACHO-465,
ANEEL-DESPACHO-466,referencia_externa,norma_citada_sem_texto_completo,ANEEL-DESPACHO-466,
ANEEL-DESPACHO-467,referencia_externa,norma_citada_sem_texto_completo,ANEEL-DESPACHO-467,
ANEEL-DESPACHO-468,referencia_externa,norma_citada_sem_texto_completo,ANEEL-DESPACHO-468,
ANEEL-DESPACHO-471,referencia_externa,norma_citada_sem_texto_completo,ANEEL-DESPACHO-471,
ANEEL-DESPACHO-472,referencia_externa,norma_citada_sem_texto_completo,ANEEL-DESPACHO-472,
ANEEL-DESPACHO-473,referencia_externa,norma_citada_sem_texto_completo,ANEEL-DESPACHO-473,
ANEEL-DESPACHO-474,referencia_externa,norma_citada_sem_texto_completo,ANEEL-DESPACHO-474,
ANEEL-DESPACHO-475,referencia_externa,norma_citada_sem_texto_completo,ANEEL-DESPACHO-475,
ANEEL-DESPACHO-476,referencia_externa,norma_citada_sem_texto_completo,ANEEL-DESPACHO-476,
ANEEL-DESPACHO-477,referencia_externa,norma_citada_sem_texto_completo,ANEEL-DESPACHO-477,
ANEEL-DESPACHO-478,referencia_externa,norma_citada_sem_texto_completo,ANEEL-DESPACHO-478,
ANEEL-DESPACHO-479,referencia_externa,norma_citada_sem_texto_completo,ANEEL-DESPACHO-479,
ANEEL-DESPACHO-480,referencia_externa,norma_citada_sem_texto_completo,ANEEL-DESPACHO-480,
ANEEL-DESPACHO-481,referencia_externa,norma_citada_sem_texto_completo,ANEEL-DESPACHO-481,
ANEEL-DESPACHO-484,referencia_externa,norma_citada_sem_texto_completo,ANEEL-DESPACHO-484,
ANEEL-DESPACHO-486,referencia_externa,norma_citada_sem_texto_completo,ANEEL-DESPACHO-486,
ANEEL-DESPACHO-488,referencia_externa,norma_citada_sem_texto_completo,ANEEL-DESPACHO-488,
ANEEL-DESPACHO-491,referencia_externa,norma_citada_sem_texto_completo,ANEEL-DESPACHO-491,
ANEEL-DESPACHO-493,referencia_externa,norma_citada_sem_texto_completo,ANEEL-DESPACHO-493,
ANEEL-DESPACHO-494,referencia_externa,norma_citada_sem_texto_completo,ANEEL-DESPACHO-494,
ANEEL-DESPACHO-495,referencia_externa,norma_citada_sem_texto_completo,ANEEL-DESPACHO-495,
ANEEL-DESPACHO-496,referencia_externa,norma_citada_sem_texto_completo,ANEEL-DESPACHO-496,
ANEEL-DESPACHO-497,referencia_externa,norma_citada_sem_texto_completo,ANEEL-DESPACHO-497,
ANEEL-DESPACHO-499,referencia_externa,norma_citada_sem_texto_completo,ANEEL-DESPACHO-499,
ANEEL-DESPACHO-500,referencia_externa,norma_citada_sem_texto_completo,ANEEL-DESPACHO-500,
ANEEL-DESPACHO-501,referencia_externa,norma_citada_sem_texto_completo,ANEEL-DESPACHO-501,
ANEEL-DESPACHO-509,referencia_externa,norma_citada_sem_texto_completo,ANEEL-DESPACHO-509,
ANEEL-DESPACHO-510,referencia_externa,norma_citada_sem_texto_completo,ANEEL-DESPACHO-510,
ANEEL-DESPACHO-511,referencia_externa,norma_citada_sem_texto_completo,ANEEL-DESPACHO-511,
ANEEL-DESPACHO-512,referencia_externa,norma_citada_sem_texto_completo,ANEEL-DESPACHO-512,
ANEEL-DESPACHO-514,referencia_externa,norma_citada_sem_texto_completo,ANEEL-DESPACHO-514,
ANEEL-DESPACHO-515,referencia_externa,norma_citada_sem_texto_completo,ANEEL-DESPACHO-515,
ANEEL-DESPACHO-516,referencia_externa,norma_citada_sem_texto_completo,ANEEL-DESPACHO-516,
ANEEL-DESPACHO-517,referencia_externa,norma_citada_sem_texto_completo,ANEEL-DESPACHO-517,
ANEEL-DESPACHO-518,referencia_externa,norma_citada_sem_texto_completo,ANEEL-DESPACHO-518,
ANEEL-DESPACHO-519,referencia_externa,norma_citada_sem_texto_completo,ANEEL-DESPACHO-519,
ANEEL-DESPACHO-522,referencia_externa,norma_citada_sem_texto_completo,ANEEL-DESPACHO-522,
ANEEL-DESPACHO-523,referencia_externa,norma_citada_sem_texto_completo,ANEEL-DESPACHO-523,
ANEEL-DESPACHO-524,referencia_externa,norma_citada_sem_texto_completo,ANEEL-DESPACHO-524,
ANEEL-DESPACHO-525,referencia_externa,norma_citada_sem_texto_completo,ANEEL-DESPACHO-525,
ANEEL-DESPACHO-526,referencia_externa,norma_citada_sem_texto_completo,ANEEL-DESPACHO-526,
ANEEL-DESPACHO-527,referencia_externa,norma_citada_sem_texto_completo,ANEEL-DESPACHO-527,
ANEEL-DESPACHO-528,referencia_externa,norma_citada_sem_texto_completo,ANEEL-DESPACHO-528,
ANEEL-DESPACHO-529,referencia_externa,norma_citada_sem_texto_completo,ANEEL-DESPACHO-529,
ANEEL-DESPACHO-530,referencia_externa,norma_citada_sem_texto_completo,ANEEL-DESPACHO-530,
ANEEL-DESPACHO-535,referencia_externa,norma_citada_sem_texto_completo,ANEEL-DESPACHO-535,
ANEEL-DESPACHO-536,referencia_externa,norma_citada_sem_texto_completo,ANEEL-DESPACHO-536,
ANEEL-DESPACHO-537,referencia_externa,norma_citada_sem_texto_completo,ANEEL-DESPACHO-537,
ANEEL-DESPACHO-538,referencia_externa,norma_citada_sem_texto_completo,ANEEL-DESPACHO-538,
ANEEL-DESPACHO-539,referencia_externa,norma_citada_sem_texto_completo,ANEEL-DESPACHO-539,
ANEEL-DESPACHO-541,referencia_externa,norma_citada_sem_texto_completo,ANEEL-DESPACHO-541,
ANEEL-DESPACHO-542,referencia_externa,norma_citada_sem_texto_completo,ANEEL-DESPACHO-542,
ANEEL-DESPACHO-543,referencia_externa,norma_citada_sem_texto_completo,ANEEL-DESPACHO-543,
ANEEL-DESPACHO-546,referencia_externa,norma_citada_sem_texto_completo,ANEEL-DESPACHO-546,
ANEEL-DESPACHO-547,referencia_externa,norma_citada_sem_texto_completo,ANEEL-DESPACHO-547,
ANEEL-DESPACHO-549,referencia_externa,norma_citada_sem_texto_completo,ANEEL-DESPACHO-549,
ANEEL-DESPACHO-550,referencia_externa,norma_citada_sem_texto_completo,ANEEL-DESPACHO-550,
ANEEL-DESPACHO-551,referencia_externa,norma_citada_sem_texto_completo,ANEEL-DESPACHO-551,
ANEEL-DESPACHO-552,referencia_externa,norma_citada_sem_texto_completo,ANEEL-DESPACHO-552,
ANEEL-DESPACHO-553,referencia_externa,norma_citada_sem_texto_completo,ANEEL-DESPACHO-553,
ANEEL-DESPACHO-554,referencia_externa,norma_citada_sem_texto_completo,ANEEL-DESPACHO-554,
ANEEL-DESPACHO-555,referencia_externa,norma_citada_sem_texto_completo,ANEEL-DESPACHO-555,
ANEEL-DESPACHO-557,referencia_externa,norma_citada_sem_texto_completo,ANEEL-DESPACHO-557,
ANEEL-DESPACHO-559,referencia_externa,norma_citada_sem_texto_completo,ANEEL-DESPACHO-559,
ANEEL-DESPACHO-560,referencia_externa,norma_citada_sem_texto_completo,ANEEL-DESPACHO-560,
ANEEL-DESPACHO-561,referencia_externa,norma_citada_sem_texto_completo,ANEEL-DESPACHO-561,
ANEEL-DESPACHO-563,referencia_externa,norma_citada_sem_texto_completo,ANEEL-DESPACHO-563,
ANEEL-DESPACHO-564,referencia_externa,norma_citada_sem_texto_completo,ANEEL-DESPACHO-564,
ANEEL-DESPACHO-566,referencia_externa,norma_citada_sem_texto_completo,ANEEL-DESPACHO-566,
ANEEL-DESPACHO-567,referencia_externa,norma_citada_sem_texto_completo,ANEEL-DESPACHO-567,
ANEEL-DESPACHO-569,referencia_externa,norma_citada_sem_texto_completo,ANEEL-DESPACHO-569,
ANEEL-DESPACHO-57,referencia_externa,norma_citada_sem_texto_completo,ANEEL-DESPACHO-57,
ANEEL-DESPACHO-570,referencia_externa,norma_citada_sem_texto_completo,ANEEL-DESPACHO-570,
ANEEL-DESPACHO-572,referencia_externa,norma_citada_sem_texto_completo,ANEEL-DESPACHO-572,
ANEEL-DESPACHO-573,referencia_externa,norma_citada_sem_texto_completo,ANEEL-DESPACHO-573,
ANEEL-DESPACHO-574,referencia_externa,norma_citada_sem_texto_completo,ANEEL-DESPACHO-574,
ANEEL-DESPACHO-576,referencia_externa,norma_citada_sem_texto_completo,ANEEL-DESPACHO-576,
ANEEL-DESPACHO-578,referencia_externa,norma_citada_sem_texto_completo,ANEEL-DESPACHO-578,
ANEEL-DESPACHO-579,referencia_externa,norma_citada_sem_texto_completo,ANEEL-DESPACHO-579,
ANEEL-DESPACHO-58,referencia_externa,norma_citada_sem_texto_completo,ANEEL-DESPACHO-58,
ANEEL-DESPACHO-580,referencia_externa,norma_citada_sem_texto_completo,ANEEL-DESPACHO-580,
ANEEL-DESPACHO-581,referencia_externa,norma_citada_sem_texto_completo,ANEEL-DESPACHO-581,
ANEEL-DESPACHO-588,referencia_externa,norma_citada_sem_texto_completo,ANEEL-DESPACHO-588,
ANEEL-DESPACHO-589,referencia_externa,norma_citada_sem_texto_completo,ANEEL-DESPACHO-589,
ANEEL-DESPACHO-590,referencia_externa,norma_citada_sem_texto_completo,ANEEL-DESPACHO-590,
ANEEL-DESPACHO-591,referencia_externa,norma_citada_sem_texto_completo,ANEEL-DESPACHO-591,
ANEEL-DESPACHO-592,referencia_externa,norma_citada_sem_texto_completo,ANEEL-DESPACHO-592,
ANEEL-DESPACHO-593,referencia_externa,norma_citada_sem_texto_completo,ANEEL-DESPACHO-593,
ANEEL-DESPACHO-594,referencia_externa,norma_citada_sem_texto_completo,ANEEL-DESPACHO-594,
ANEEL-DESPACHO-595,referencia_externa,norma_citada_sem_texto_completo,ANEEL-DESPACHO-595,
ANEEL-DESPACHO-596,referencia_externa,norma_citada_sem_texto_completo,ANEEL-DESPACHO-596,
ANEEL-DESPACHO-598,referencia_externa,norma_citada_sem_texto_completo,ANEEL-DESPACHO-598,
ANEEL-DESPACHO-599,referencia_externa,norma_citada_sem_texto_completo,ANEEL-DESPACHO-599,
ANEEL-DESPACHO-600,referencia_externa,norma_citada_sem_texto_completo,ANEEL-DESPACHO-600,
ANEEL-DESPACHO-604,referencia_externa,norma_citada_sem_texto_completo,ANEEL-DESPACHO-604,
ANEEL-DESPACHO-607,referencia_externa,norma_citada_sem_texto_completo,ANEEL-DESPACHO-607,
ANEEL-DESPACHO-610,referencia_externa,norma_citada_sem_texto_completo,ANEEL-DESPACHO-610,
ANEEL-DESPACHO-611,referencia_externa,norma_citada_sem_texto_completo,ANEEL-DESPACHO-611,
ANEEL-DESPACHO-616,referencia_externa,norma_citada_sem_texto_completo,ANEEL-DESPACHO-616,
ANEEL-DESPACHO-617,referencia_externa,norma_citada_sem_texto_completo,ANEEL-DESPACHO-617,
ANEEL-DESPACHO-620,referencia_externa,norma_citada_sem_texto_completo,ANEEL-DESPACHO-620,
ANEEL-DESPACHO-621,referencia_externa,norma_citada_sem_texto_completo,ANEEL-DESPACHO-621,
ANEEL-DESPACHO-622,referencia_externa,norma_citada_sem_texto_completo,ANEEL-DESPACHO-622,
ANEEL-DESPACHO-623,referencia_externa,norma_citada_sem_texto_completo,ANEEL-DESPACHO-623,
ANEEL-DESPACHO-625,referencia_externa,norma_citada_sem_texto_completo,ANEEL-DESPACHO-625,
ANEEL-DESPACHO-630,referencia_externa,norma_citada_sem_texto_completo,ANEEL-DESPACHO-630,
ANEEL-DESPACHO-634,referencia_externa,norma_citada_sem_texto_completo,ANEEL-DESPACHO-634,
ANEEL-DESPACHO-636,referencia_externa,norma_citada_sem_texto_completo,ANEEL-DESPACHO-636,
ANEEL-DESPACHO-64,referencia_externa,norma_citada_sem_texto_completo,ANEEL-DESPACHO-64,
ANEEL-DESPACHO-646,referencia_externa,norma_citada_sem_texto_completo,ANEEL-DESPACHO-646,
ANEEL-DESPACHO-647,referencia_externa,norma_citada_sem_texto_completo,ANEEL-DESPACHO-647,
ANEEL-DESPACHO-648,referencia_externa,norma_citada_sem_texto_completo,ANEEL-DESPACHO-648,
ANEEL-DESPACHO-649,referencia_externa,norma_citada_sem_texto_completo,ANEEL-DESPACHO-649,
ANEEL-DESPACHO-650,referencia_externa,norma_citada_sem_texto_completo,ANEEL-DESPACHO-650,
ANEEL-DESPACHO-653,referencia_externa,norma_citada_sem_texto_completo,ANEEL-DESPACHO-653,
ANEEL-DESPACHO-663,referencia_externa,norma_citada_sem_texto_completo,ANEEL-DESPACHO-663,
ANEEL-DESPACHO-669,referencia_externa,norma_citada_sem_texto_completo,ANEEL-DESPACHO-669,
ANEEL-DESPACHO-79,referencia_externa,norma_citada_sem_texto_completo,ANEEL-DESPACHO-79,
ANEEL-DESPACHO-84,referencia_externa,norma_citada_sem_texto_completo,ANEEL-DESPACHO-84,
ANEEL-REH-3444,referencia_externa,norma_citada_sem_texto_completo,ANEEL-REH-3444,
ANEEL-REH-3481,referencia_externa,norma_citada_sem_texto_completo,ANEEL-REH-3481,
ANEEL-REH-3554,referencia_externa,norma_citada_sem_texto_completo,ANEEL-REH-3554,
ANEEL-REH-3565,referencia_externa,norma_citada_sem_texto_completo,ANEEL-REH-3565,
ANEEL-REH-3568,referencia_externa,norma_citada_sem_texto_completo,ANEEL-REH-3568,
ANEEL-REH-758,referencia_externa,norma_citada_sem_texto_completo,ANEEL-REH-758,
ANEEL-REN-1000,referencia_externa,norma_citada_sem_texto_completo,ANEEL-REN-1000,
ANEEL-REN-1003,referencia_externa,norma_citada_sem_texto_completo,ANEEL-REN-1003,
ANEEL-REN-1009,referencia_externa,norma_citada_sem_texto_completo,ANEEL-REN-1009,
ANEEL-REN-1017,referencia_externa,norma_citada_sem_texto_completo,ANEEL-REN-1017,
ANEEL-REN-1029,referencia_externa,norma_citada_sem_texto_completo,ANEEL-REN-1029,
ANEEL-REN-1030,referencia_externa,norma_citada_sem_texto_completo,ANEEL-REN-1030,
ANEEL-REN-1032,referencia_externa,norma_citada_sem_texto_completo,ANEEL-REN-1032,
ANEEL-REN-1033,referencia_externa,norma_citada_sem_texto_completo,ANEEL-REN-1033,
ANEEL-REN-1040,referencia_externa,norma_citada_sem_texto_completo,ANEEL-REN-1040,
ANEEL-REN-1055,referencia_externa,norma_citada_sem_texto_completo,ANEEL-REN-1055,
ANEEL-REN-1059,referencia_externa,norma_citada_sem_texto_completo,ANEEL-REN-1059,
ANEEL-REN-1073,referencia_externa,norma_citada_sem_texto_completo,ANEEL-REN-1073,
ANEEL-REN-1084,referencia_externa,norma_citada_sem_texto_completo,ANEEL-REN-1084,
ANEEL-REN-1091,referencia_externa,norma_citada_sem_texto_completo,ANEEL-REN-1091,
ANEEL-REN-1093,referencia_externa,norma_citada_sem_texto_completo,ANEEL-REN-1093,
ANEEL-REN-1107,referencia_externa,norma_citada_sem_texto_completo,ANEEL-REN-1107,
ANEEL-REN-1133,referencia_externa,norma_citada_sem_texto_completo,ANEEL-REN-1133,
ANEEL-REN-191,referencia_externa,norma_citada_sem_texto_completo,ANEEL-REN-191,
ANEEL-REN-320,referencia_externa,norma_citada_sem_texto_completo,ANEEL-REN-320,
ANEEL-REN-349,referencia_externa,norma_citada_sem_texto_completo,ANEEL-REN-349,
ANEEL-REN-351,referencia_externa,norma_citada_sem_texto_completo,ANEEL-REN-351,
ANEEL-REN-390,referencia_externa,norma_citada_sem_texto_completo,ANEEL-REN-390,
ANEEL-REN-391,referencia_externa,norma_citada_sem_texto_completo,ANEEL-REN-391,
ANEEL-REN-412,referencia_externa,norma_citada_sem_texto_completo,ANEEL-REN-412,
ANEEL-REN-414,referencia_externa,norma_citada_sem_texto_completo,ANEEL-REN-414,
ANEEL-REN-440,referencia_externa,norma_citada_sem_texto_completo,ANEEL-REN-440,
ANEEL-REN-442,referencia_externa,norma_citada_sem_texto_completo,ANEEL-REN-442,
ANEEL-REN-443,referencia_externa,norma_citada_sem_texto_completo,ANEEL-REN-443,
ANEEL-REN-476,referencia_externa,norma_citada_sem_texto_completo,ANEEL-REN-476,
ANEEL-REN-506,referencia_externa,norma_citada_sem_texto_completo,ANEEL-REN-506,
ANEEL-REN-541,referencia_externa,norma_citada_sem_texto_completo,ANEEL-REN-541,
ANEEL-REN-559,referencia_externa,norma_citada_sem_texto_completo,ANEEL-REN-559,
ANEEL-REN-583,referencia_externa,norma_citada_sem_texto_completo,ANEEL-REN-583,
ANEEL-REN-614,referencia_externa,norma_citada_sem_texto_completo,ANEEL-REN-614,
ANEEL-REN-666,referencia_externa,norma_citada_sem_texto_completo,ANEEL-REN-666,
ANEEL-REN-669,referencia_externa,norma_citada_sem_texto_completo,ANEEL-REN-669,
ANEEL-REN-67,referencia_externa,norma_citada_sem_texto_completo,ANEEL-REN-67,
ANEEL-REN-673,referencia_externa,norma_citada_sem_texto_completo,ANEEL-REN-673,
ANEEL-REN-676,referencia_externa,norma_citada_sem_texto_completo,ANEEL-REN-676,
ANEEL-REN-68,referencia_externa,norma_citada_sem_texto_completo,ANEEL-REN-68,
ANEEL-REN-697,referencia_externa,norma_citada_sem_texto_completo,ANEEL-REN-697,
ANEEL-REN-722,referencia_externa,norma_citada_sem_texto_completo,ANEEL-REN-722,
ANEEL-REN-724,referencia_externa,norma_citada_sem_texto_completo,ANEEL-REN-724,
ANEEL-REN-729,referencia_externa,norma_citada_sem_texto_completo,ANEEL-REN-729,
ANEEL-REN-759,referencia_externa,norma_citada_sem_texto_completo,ANEEL-REN-759,
ANEEL-REN-765,referencia_externa,norma_citada_sem_texto_completo,ANEEL-REN-765,
ANEEL-REN-822,referencia_externa,norma_citada_sem_texto_completo,ANEEL-REN-822,
ANEEL-REN-837,referencia_externa,norma_citada_sem_texto_completo,ANEEL-REN-837,
ANEEL-REN-841,referencia_externa,norma_citada_sem_texto_completo,ANEEL-REN-841,
ANEEL-REN-843,referencia_externa,norma_citada_sem_texto_completo,ANEEL-REN-843,
ANEEL-REN-846,referencia_externa,norma_citada_sem_texto_completo,ANEEL-REN-846,
ANEEL-REN-853,referencia_externa,norma_citada_sem_texto_completo,ANEEL-REN-853,
ANEEL-REN-864,referencia_externa,norma_citada_sem_texto_completo,ANEEL-REN-864,
ANEEL-REN-875,referencia_externa,norma_citada_sem_texto_completo,ANEEL-REN-875,
ANEEL-REN-876,referencia_externa,norma_citada_sem_texto_completo,ANEEL-REN-876,
ANEEL-REN-903,referencia_externa,norma_citada_sem_texto_completo,ANEEL-REN-903,
ANEEL-REN-905,referencia_externa,norma_citada_sem_texto_completo,ANEEL-REN-905,
ANEEL-REN-914,referencia_externa,norma_citada_sem_texto_completo,ANEEL-REN-914,
ANEEL-REN-927,referencia_externa,norma_citada_sem_texto_completo,ANEEL-REN-927,
ANEEL-REN-954,referencia_externa,norma_citada_sem_texto_completo,ANEEL-REN-954,
ANEEL-REN-956,referencia_externa,norma_citada_sem_texto_completo,ANEEL-REN-956,
DECRETO-10139,referencia_externa,norma_citada_sem_texto_completo,DECRETO-10139,
DECRETO-10829,referencia_externa,norma_citada_sem_texto_completo,DECRETO-10829,
DECRETO-11129,referencia_externa,norma_citada_sem_texto_completo,DECRETO-11129,
DECRETO-11142,referencia_externa,norma_citada_sem_texto_completo,DECRETO-11142,
DECRETO-11314,referencia_externa,norma_citada_sem_texto_completo,DECRETO-11314,
DECRETO-11492,referencia_externa,norma_citada_sem_texto_completo,DECRETO-11492,
DECRETO-11628,referencia_externa,norma_citada_sem_texto_completo,DECRETO-11628,
DECRETO-1171,referencia_externa,norma_citada_sem_texto_completo,DECRETO-1171,
DECRETO-12002,referencia_externa,norma_citada_sem_texto_completo,DECRETO-12002,
DECRETO-2335,referencia_externa,norma_citada_sem_texto_completo,DECRETO-2335,
DECRETO-2455,referencia_externa,norma_citada_sem_texto_completo,DECRETO-2455,
DECRETO-2705,referencia_externa,norma_citada_sem_texto_completo,DECRETO-2705,
DECRETO-5163,referencia_externa,norma_citada_sem_texto_completo,DECRETO-5163,
DECRETO-5177,referencia_externa,norma_citada_sem_texto_completo,DECRETO-5177,
DECRETO-5597,referencia_externa,norma_citada_sem_texto_completo,DECRETO-5597,
DECRETO-6144,referencia_externa,norma_citada_sem_texto_completo,DECRETO-6144,
DECRETO-7891,referencia_externa,norma_citada_sem_texto_completo,DECRETO-7891,
DECRETO-8945,referencia_externa,norma_citada_sem_texto_completo,DECRETO-8945,
DECRETO-9022,referencia_externa,norma_citada_sem_texto_completo,DECRETO-9022,
DECRETO-9406,referencia_externa,norma_citada_sem_texto_completo,DECRETO-9406,
DECRETO-9637,referencia_externa,norma_citada_sem_texto_completo,DECRETO-9637,
DECRETO-9864,referencia_externa,norma_citada_sem_texto_completo,DECRETO-9864,
LEI-100,referencia_externa,norma_citada_sem_texto_completo,LEI-100,
LEI-10295,referencia_externa,norma_citada_sem_texto_completo,LEI-10295,
LEI-10406,referencia_externa,norma_citada_sem_texto_completo,LEI-10406,
LEI-10438,referencia_externa,norma_citada_sem_texto_completo,LEI-10438,
LEI-1075,referencia_externa,norma_citada_sem_texto_completo,LEI-1075,
LEI-10848,referencia_externa,norma_citada_sem_texto_completo,LEI-10848,
LEI-11488,referencia_externa,norma_citada_sem_texto_completo,LEI-11488,
LEI-11685,referencia_externa,norma_citada_sem_texto_completo,LEI-11685,
LEI-12111,referencia_externa,norma_citada_sem_texto_completo,LEI-12111,
LEI-12351,referencia_externa,norma_citada_sem_texto_completo,LEI-12351,
LEI-12783,referencia_externa,norma_citada_sem_texto_completo,LEI-12783,
LEI-12846,referencia_externa,norma_citada_sem_texto_completo,LEI-12846,
LEI-13303,referencia_externa,norma_citada_sem_texto_completo,LEI-13303,
LEI-13540,referencia_externa,norma_citada_sem_texto_completo,LEI-13540,
LEI-13575,referencia_externa,norma_citada_sem_texto_completo,LEI-13575,
LEI-13709,referencia_externa,norma_citada_sem_texto_completo,LEI-13709,
LEI-13848,referencia_externa,norma_citada_sem_texto_completo,LEI-13848,
LEI-14134,referencia_externa,norma_citada_sem_texto_completo,LEI-14134,
LEI-14222,referencia_externa,norma_citada_sem_texto_completo,LEI-14222,
LEI-14300,referencia_externa,norma_citada_sem_texto_completo,LEI-14300,
LEI-15269,referencia_externa,norma_citada_sem_texto_completo,LEI-15269,
LEI-200,referencia_externa,norma_citada_sem_texto_completo,LEI-200,
LEI-227,referencia_externa,norma_citada_sem_texto_completo,LEI-227,
LEI-3365,referencia_externa,norma_citada_sem_texto_completo,LEI-3365,
LEI-5764,referencia_externa,norma_citada_sem_texto_completo,LEI-5764,
LEI-7805,referencia_externa,norma_citada_sem_texto_completo,LEI-7805,
LEI-8001,referencia_externa,norma_citada_sem_texto_completo,LEI-8001,
LEI-8112,referencia_externa,norma_citada_sem_texto_completo,LEI-8112,
LEI-8422,referencia_externa,norma_citada_sem_texto_completo,LEI-8422,
LEI-8987,referencia_externa,norma_citada_sem_texto_completo,LEI-8987,
LEI-9074,referencia_externa,norma_citada_sem_texto_completo,LEI-9074,
LEI-9427,referencia_externa,norma_citada_sem_texto_completo,LEI-9427,
LEI-9430,referencia_externa,norma_citada_sem_texto_completo,LEI-9430,
LEI-9478,referencia_externa,norma_citada_sem_texto_completo,LEI-9478,
LEI-9784,referencia_externa,norma_citada_sem_texto_completo,LEI-9784,
LEI-99,referencia_externa,norma_citada_sem_texto_completo,LEI-99,
LEI-9984,referencia_externa,norma_citada_sem_texto_completo,LEI-9984,
LEI-9986,referencia_externa,norma_citada_sem_texto_completo,LEI-9986,
LEI-9993,referencia_externa,norma_citada_sem_texto_completo,LEI-9993,
ONS-SUBMODULO-1.1,referencia_externa,norma_citada_sem_texto_completo,ONS-SUBMODULO-1.1,
ONS-SUBMODULO-1.2,referencia_externa,norma_citada_sem_texto_completo,ONS-SUBMODULO-1.2,
ONS-SUBMODULO-1.3,referencia_externa,norma_citada_sem_texto_completo,ONS-SUBMODULO-1.3,
ONS-SUBMODULO-10.1,referencia_externa,norma_citada_sem_texto_completo,ONS-SUBMODULO-10.1,
ONS-SUBMODULO-10.2,referencia_externa,norma_citada_sem_texto_completo,ONS-SUBMODULO-10.2,
ONS-SUBMODULO-10.3,referencia_externa,norma_citada_sem_texto_completo,ONS-SUBMODULO-10.3,
ONS-SUBMODULO-10.4,referencia_externa,norma_citada_sem_texto_completo,ONS-SUBMODULO-10.4,
ONS-SUBMODULO-10.5,referencia_externa,norma_citada_sem_texto_completo,ONS-SUBMODULO-10.5,
ONS-SUBMODULO-10.6,referencia_externa,norma_citada_sem_texto_completo,ONS-SUBMODULO-10.6,
ONS-SUBMODULO-11.1,referencia_externa,norma_citada_sem_texto_completo,ONS-SUBMODULO-11.1,
ONS-SUBMODULO-11.2,referencia_externa,norma_citada_sem_texto_completo,ONS-SUBMODULO-11.2,
ONS-SUBMODULO-12.1,referencia_externa,norma_citada_sem_texto_completo,ONS-SUBMODULO-12.1,
ONS-SUBMODULO-12.2,referencia_externa,norma_citada_sem_texto_completo,ONS-SUBMODULO-12.2,
ONS-SUBMODULO-12.3,referencia_externa,norma_citada_sem_texto_completo,ONS-SUBMODULO-12.3,
ONS-SUBMODULO-12.4,referencia_externa,norma_citada_sem_texto_completo,ONS-SUBMODULO-12.4,
ONS-SUBMODULO-12.6,referencia_externa,norma_citada_sem_texto_completo,ONS-SUBMODULO-12.6,
ONS-SUBMODULO-2.1,referencia_externa,norma_citada_sem_texto_completo,ONS-SUBMODULO-2.1,
ONS-SUBMODULO-2.10,referencia_externa,norma_citada_sem_texto_completo,ONS-SUBMODULO-2.10,
ONS-SUBMODULO-2.11,referencia_externa,norma_citada_sem_texto_completo,ONS-SUBMODULO-2.11,
ONS-SUBMODULO-2.12,referencia_externa,norma_citada_sem_texto_completo,ONS-SUBMODULO-2.12,
ONS-SUBMODULO-2.13,referencia_externa,norma_citada_sem_texto_completo,ONS-SUBMODULO-2.13,
ONS-SUBMODULO-2.14,referencia_externa,norma_citada_sem_texto_completo,ONS-SUBMODULO-2.14,
ONS-SUBMODULO-2.15,referencia_externa,norma_citada_sem_texto_completo,ONS-SUBMODULO-2.15,
ONS-SUBMODULO-2.16,referencia_externa,norma_citada_sem_texto_completo,ONS-SUBMODULO-2.16,
ONS-SUBMODULO-2.2,referencia_externa,norma_citada_sem_texto_completo,ONS-SUBMODULO-2.2,
ONS-SUBMODULO-2.3,referencia_externa,norma_citada_sem_texto_completo,ONS-SUBMODULO-2.3,
ONS-SUBMODULO-2.4,referencia_externa,norma_citada_sem_texto_completo,ONS-SUBMODULO-2.4,
ONS-SUBMODULO-2.5,referencia_externa,norma_citada_sem_texto_completo,ONS-SUBMODULO-2.5,
ONS-SUBMODULO-2.6,referencia_externa,norma_citada_sem_texto_completo,ONS-SUBMODULO-2.6,
ONS-SUBMODULO-2.7,referencia_externa,norma_citada_sem_texto_completo,ONS-SUBMODULO-2.7,
ONS-SUBMODULO-2.8,referencia_externa,norma_citada_sem_texto_completo,ONS-SUBMODULO-2.8,
ONS-SUBMODULO-2.9,referencia_externa,norma_citada_sem_texto_completo,ONS-SUBMODULO-2.9,
ONS-SUBMODULO-26.2,referencia_externa,norma_citada_sem_texto_completo,ONS-SUBMODULO-26.2,
ONS-SUBMODULO-3.1,referencia_externa,norma_citada_sem_texto_completo,ONS-SUBMODULO-3.1,
ONS-SUBMODULO-3.10,referencia_externa,norma_citada_sem_texto_completo,ONS-SUBMODULO-3.10,
ONS-SUBMODULO-3.11,referencia_externa,norma_citada_sem_texto_completo,ONS-SUBMODULO-3.11,
ONS-SUBMODULO-3.12,referencia_externa,norma_citada_sem_texto_completo,ONS-SUBMODULO-3.12,
ONS-SUBMODULO-3.2,referencia_externa,norma_citada_sem_texto_completo,ONS-SUBMODULO-3.2,
ONS-SUBMODULO-3.3,referencia_externa,norma_citada_sem_texto_completo,ONS-SUBMODULO-3.3,
ONS-SUBMODULO-3.4,referencia_externa,norma_citada_sem_texto_completo,ONS-SUBMODULO-3.4,
ONS-SUBMODULO-3.5,referencia_externa,norma_citada_sem_texto_completo,ONS-SUBMODULO-3.5,
ONS-SUBMODULO-3.6,referencia_externa,norma_citada_sem_texto_completo,ONS-SUBMODULO-3.6,
ONS-SUBMODULO-3.7,referencia_externa,norma_citada_sem_texto_completo,ONS-SUBMODULO-3.7,
ONS-SUBMODULO-3.8,referencia_externa,norma_citada_sem_texto_completo,ONS-SUBMODULO-3.8,
ONS-SUBMODULO-3.9,referencia_externa,norma_citada_sem_texto_completo,ONS-SUBMODULO-3.9,
ONS-SUBMODULO-4.1,referencia_externa,norma_citada_sem_texto_completo,ONS-SUBMODULO-4.1,
ONS-SUBMODULO-4.2,referencia_externa,norma_citada_sem_texto_completo,ONS-SUBMODULO-4.2,
ONS-SUBMODULO-4.3,referencia_externa,norma_citada_sem_texto_completo,ONS-SUBMODULO-4.3,
ONS-SUBMODULO-4.4,referencia_externa,norma_citada_sem_texto_completo,ONS-SUBMODULO-4.4,
ONS-SUBMODULO-4.5,referencia_externa,norma_citada_sem_texto_completo,ONS-SUBMODULO-4.5,
ONS-SUBMODULO-4.6,referencia_externa,norma_citada_sem_texto_completo,ONS-SUBMODULO-4.6,
ONS-SUBMODULO-4.7,referencia_externa,norma_citada_sem_texto_completo,ONS-SUBMODULO-4.7,
ONS-SUBMODULO-4.8,referencia_externa,norma_citada_sem_texto_completo,ONS-SUBMODULO-4.8,
ONS-SUBMODULO-5.1,referencia_externa,norma_citada_sem_texto_completo,ONS-SUBMODULO-5.1,
ONS-SUBMODULO-5.10,referencia_externa,norma_citada_sem_texto_completo,ONS-SUBMODULO-5.10,
ONS-SUBMODULO-5.11,referencia_externa,norma_citada_sem_texto_completo,ONS-SUBMODULO-5.11,
ONS-SUBMODULO-5.12,referencia_externa,norma_citada_sem_texto_completo,ONS-SUBMODULO-5.12,
ONS-SUBMODULO-5.13,referencia_externa,norma_citada_sem_texto_completo,ONS-SUBMODULO-5.13,
ONS-SUBMODULO-5.14,referencia_externa,norma_citada_sem_texto_completo,ONS-SUBMODULO-5.14,
ONS-SUBMODULO-5.15,referencia_externa,norma_citada_sem_texto_completo,ONS-SUBMODULO-5.15,
ONS-SUBMODULO-5.2,referencia_externa,norma_citada_sem_texto_completo,ONS-SUBMODULO-5.2,
ONS-SUBMODULO-5.3,referencia_externa,norma_citada_sem_texto_completo,ONS-SUBMODULO-5.3,
ONS-SUBMODULO-5.4,referencia_externa,norma_citada_sem_texto_completo,ONS-SUBMODULO-5.4,
ONS-SUBMODULO-5.5,referencia_externa,norma_citada_sem_texto_completo,ONS-SUBMODULO-5.5,
ONS-SUBMODULO-5.6,referencia_externa,norma_citada_sem_texto_completo,ONS-SUBMODULO-5.6,
ONS-SUBMODULO-5.7,referencia_externa,norma_citada_sem_texto_completo,ONS-SUBMODULO-5.7,
ONS-SUBMODULO-5.8,referencia_externa,norma_citada_sem_texto_completo,ONS-SUBMODULO-5.8,
ONS-SUBMODULO-5.9,referencia_externa,norma_citada_sem_texto_completo,ONS-SUBMODULO-5.9,
ONS-SUBMODULO-6.1,referencia_externa,norma_citada_sem_texto_completo,ONS-SUBMODULO-6.1,
ONS-SUBMODULO-6.10,referencia_externa,norma_citada_sem_texto_completo,ONS-SUBMODULO-6.10,
ONS-SUBMODULO-6.11,referencia_externa,norma_citada_sem_texto_completo,ONS-SUBMODULO-6.11,
ONS-SUBMODULO-6.12,referencia_externa,norma_citada_sem_texto_completo,ONS-SUBMODULO-6.12,
ONS-SUBMODULO-6.13,referencia_externa,norma_citada_sem_texto_completo,ONS-SUBMODULO-6.13,
ONS-SUBMODULO-6.14,referencia_externa,norma_citada_sem_texto_completo,ONS-SUBMODULO-6.14,
ONS-SUBMODULO-6.15,referencia_externa,norma_citada_sem_texto_completo,ONS-SUBMODULO-6.15,
ONS-SUBMODULO-6.16,referencia_externa,norma_citada_sem_texto_completo,ONS-SUBMODULO-6.16,
ONS-SUBMODULO-6.17,referencia_externa,norma_citada_sem_texto_completo,ONS-SUBMODULO-6.17,
ONS-SUBMODULO-6.18,referencia_externa,norma_citada_sem_texto_completo,ONS-SUBMODULO-6.18,
ONS-SUBMODULO-6.2,referencia_externa,norma_citada_sem_texto_completo,ONS-SUBMODULO-6.2,
ONS-SUBMODULO-6.3,referencia_externa,norma_citada_sem_texto_completo,ONS-SUBMODULO-6.3,
ONS-SUBMODULO-6.4,referencia_externa,norma_citada_sem_texto_completo,ONS-SUBMODULO-6.4,
ONS-SUBMODULO-6.5,referencia_externa,norma_citada_sem_texto_completo,ONS-SUBMODULO-6.5,
ONS-SUBMODULO-6.6,referencia_externa,norma_citada_sem_texto_completo,ONS-SUBMODULO-6.6,
ONS-SUBMODULO-6.7,referencia_externa,norma_citada_sem_texto_completo,ONS-SUBMODULO-6.7,
ONS-SUBMODULO-6.8,referencia_externa,norma_citada_sem_texto_completo,ONS-SUBMODULO-6.8,
ONS-SUBMODULO-6.9,referencia_externa,norma_citada_sem_texto_completo,ONS-SUBMODULO-6.9,
ONS-SUBMODULO-7.1,referencia_externa,norma_citada_sem_texto_completo,ONS-SUBMODULO-7.1,
ONS-SUBMODULO-7.10,referencia_externa,norma_citada_sem_texto_completo,ONS-SUBMODULO-7.10,
ONS-SUBMODULO-7.11,referencia_externa,norma_citada_sem_texto_completo,ONS-SUBMODULO-7.11,
ONS-SUBMODULO-7.12,referencia_externa,norma_citada_sem_texto_completo,ONS-SUBMODULO-7.12,
ONS-SUBMODULO-7.13,referencia_externa,norma_citada_sem_texto_completo,ONS-SUBMODULO-7.13,
ONS-SUBMODULO-7.14,referencia_externa,norma_citada_sem_texto_completo,ONS-SUBMODULO-7.14,
ONS-SUBMODULO-7.15,referencia_externa,norma_citada_sem_texto_completo,ONS-SUBMODULO-7.15,
ONS-SUBMODULO-7.16,referencia_externa,norma_citada_sem_texto_completo,ONS-SUBMODULO-7.16,
ONS-SUBMODULO-7.2,referencia_externa,norma_citada_sem_texto_completo,ONS-SUBMODULO-7.2,
ONS-SUBMODULO-7.3,referencia_externa,norma_citada_sem_texto_completo,ONS-SUBMODULO-7.3,
ONS-SUBMODULO-7.4,referencia_externa,norma_citada_sem_texto_completo,ONS-SUBMODULO-7.4,
ONS-SUBMODULO-7.5,referencia_externa,norma_citada_sem_texto_completo,ONS-SUBMODULO-7.5,
ONS-SUBMODULO-7.6,referencia_externa,norma_citada_sem_texto_completo,ONS-SUBMODULO-7.6,
ONS-SUBMODULO-7.7,referencia_externa,norma_citada_sem_texto_completo,ONS-SUBMODULO-7.7,
ONS-SUBMODULO-7.8,referencia_externa,norma_citada_sem_texto_completo,ONS-SUBMODULO-7.8,
ONS-SUBMODULO-7.9,referencia_externa,norma_citada_sem_texto_completo,ONS-SUBMODULO-7.9,
ONS-SUBMODULO-8.1,referencia_externa,norma_citada_sem_texto_completo,ONS-SUBMODULO-8.1,
ONS-SUBMODULO-8.2,referencia_externa,norma_citada_sem_texto_completo,ONS-SUBMODULO-8.2,
ONS-SUBMODULO-8.3,referencia_externa,norma_citada_sem_texto_completo,ONS-SUBMODULO-8.3,
ONS-SUBMODULO-8.4,referencia_externa,norma_citada_sem_texto_completo,ONS-SUBMODULO-8.4,
ONS-SUBMODULO-8.5,referencia_externa,norma_citada_sem_texto_completo,ONS-SUBMODULO-8.5,
ONS-SUBMODULO-8.6,referencia_externa,norma_citada_sem_texto_completo,ONS-SUBMODULO-8.6,
ONS-SUBMODULO-9.1,referencia_externa,norma_citada_sem_texto_completo,ONS-SUBMODULO-9.1,
ONS-SUBMODULO-9.2,referencia_externa,norma_citada_sem_texto_completo,ONS-SUBMODULO-9.2,
ONS-SUBMODULO-9.3,referencia_externa,norma_citada_sem_texto_completo,ONS-SUBMODULO-9.3,
ONS-SUBMODULO-9.4,referencia_externa,norma_citada_sem_texto_completo,ONS-SUBMODULO-9.4,
ONS-SUBMODULO-9.5,referencia_externa,norma_citada_sem_texto_completo,ONS-SUBMODULO-9.5,
ONS-SUBMODULO-9.6,referencia_externa,norma_citada_sem_texto_completo,ONS-SUBMODULO-9.6,
ONS-SUBMODULO-9.7,referencia_externa,norma_citada_sem_texto_completo,ONS-SUBMODULO-9.7,
ONS-SUBMODULO-9.8,referencia_externa,norma_citada_sem_texto_completo,ONS-SUBMODULO-9.8,
PORTARIA-160,referencia_externa,norma_citada_sem_texto_completo,PORTARIA-160,
PORTARIA-21,referencia_externa,norma_citada_sem_texto_completo,PORTARIA-21,
PORTARIA-215,referencia_externa,norma_citada_sem_texto_completo,PORTARIA-215,
PORTARIA-265,referencia_externa,norma_citada_sem_texto_completo,PORTARIA-265,
PORTARIA-2730,referencia_externa,norma_citada_sem_texto_completo,PORTARIA-2730,
PORTARIA-298,referencia_externa,norma_citada_sem_texto_completo,PORTARIA-298,
PORTARIA-318,referencia_externa,norma_citada_sem_texto_completo,PORTARIA-318,
PORTARIA-3926,referencia_externa,norma_citada_sem_texto_completo,PORTARIA-3926,
PORTARIA-4595,referencia_externa,norma_citada_sem_texto_completo,PORTARIA-4595,
PORTARIA-6,referencia_externa,norma_citada_sem_texto_completo,PORTARIA-6,
PORTARIA-6405,referencia_externa,norma_citada_sem_texto_completo,PORTARIA-6405,
PORTARIA-681,referencia_externa,norma_citada_sem_texto_completo,PORTARIA-681,
PORTARIA-6823,referencia_externa,norma_citada_sem_texto_completo,PORTARIA-6823,
PORTARIA-6824,referencia_externa,norma_citada_sem_texto_completo,PORTARIA-6824,
PORTARIA-6826,referencia_externa,norma_citada_sem_texto_completo,PORTARIA-6826,
PORTARIA-6836,referencia_externa,norma_citada_sem_texto_completo,PORTARIA-6836,
PORTARIA-6844,referencia_externa,norma_citada_sem_texto_completo,PORTARIA-6844,
PORTARIA-6857,referencia_externa,norma_citada_sem_texto_completo,PORTARIA-6857,
PORTARIA-692,referencia_externa,norma_citada_sem_texto_completo,PORTARIA-692,
PORTARIA-6980,referencia_externa,norma_citada_sem_texto_completo,PORTARIA-6980,
PORTARIA-7011,referencia_externa,norma_citada_sem_texto_completo,PORTARIA-7011,
PORTARIA-7031,referencia_externa,norma_citada_sem_texto_completo,PORTARIA-7031,
PORTARIA-7051,referencia_externa,norma_citada_sem_texto_completo,PORTARIA-7051,
PORTARIA-7053,referencia_externa,norma_citada_sem_texto_completo,PORTARIA-7053,
PORTARIA-7058,referencia_externa,norma_citada_sem_texto_completo,PORTARIA-7058,
PORTARIA-7060,referencia_externa,norma_citada_sem_texto_completo,PORTARIA-7060,
PORTARIA-7061,referencia_externa,norma_citada_sem_texto_completo,PORTARIA-7061,
PORTARIA-7062,referencia_externa,norma_citada_sem_texto_completo,PORTARIA-7062,
